customer_rank,customer_share,cumulative_sales_share
1,2.3073373327180433e-4,0.03186119123976759
2,4.6146746654360867e-4,0.0614988267438874
3,6.922011998154131e-4,0.08370511711607627
4,9.229349330872173e-4,0.1029347961871743
5,0.0011536686663590216,0.1184894912310706
6,0.0013844023996308261,0.13270745520466964
7,0.0016151361329026304,0.14603113309268112
8,0.0018458698661744347,0.15642511634128478
9,0.002076603599446239,0.16523495686452744
10,0.0023073373327180432,0.17355381721699378
11,0.0025380710659898475,0.18116174472887955
12,0.0027688047992616522,0.18858545494571713
13,0.0029995385325334565,0.19552158526268032
14,0.003230272265805261,0.2022360450824786
15,0.003461005999077065,0.20885972257727314
16,0.0036917397323488694,0.21528048414059262
17,0.003922473465620674,0.22150508465769975
18,0.004153207198892478,0.2275840739095393
19,0.004383940932164283,0.23346546964118803
20,0.0046146746654360865,0.23922867314335522
21,0.004845408398707891,0.24431187839439616
22,0.005076142131979695,0.24911220256496963
23,0.0053068758652515,0.2537883135496977
24,0.0055376095985233045,0.2583444368614637
25,0.005768343331795108,0.2625852275647281
26,0.005999077065066913,0.26682336448153837
27,0.006229810798338717,0.2707822888209622
28,0.006460544531610522,0.27462235548681735
29,0.006691278264882325,0.27831109811269383
30,0.00692201199815413,0.28194463741466913
31,0.007152745731425935,0.28557225734608466
32,0.007383479464697739,0.288868938121821
33,0.007614213197969543,0.2921509711377438
34,0.007844946931241348,0.29538543802768585
35,0.008075680664513151,0.2985947550119368
36,0.008306414397784956,0.3016339739864894
37,0.00853714813105676,0.30459904217256467
38,0.008767881864328565,0.30748699417781505
39,0.00899861559760037,0.30993297374355666
40,0.009229349330872173,0.312338651139014
41,0.009460083064143978,0.3146641990219307
42,0.009690816797415782,0.31697848457755995
43,0.009921550530687587,0.31925154570077374
44,0.01015228426395939,0.3213919140770376
45,0.010383017997231195,0.32351962417726843
46,0.010613751730503,0.3255347372571353
47,0.010844485463774804,0.32752354189657945
48,0.011075219197046609,0.32949668748382366
49,0.011305952930318412,0.3314664076890683
50,0.011536686663590217,0.3334319628763468
51,0.011767420396862021,0.3353905737037168
52,0.011998154130133826,0.3372846752626862
53,0.01222888786340563,0.3391779481554338
54,0.012459621596677434,0.34104830374735245
55,0.012690355329949238,0.342916024956847
56,0.012921089063221043,0.34478011989556084
57,0.013151822796492848,0.34663210786097604
58,0.01338255652976465,0.3484138988943772
59,0.013613290263036456,0.35012847322648777
60,0.01384402399630826,0.3518129964232152
61,0.014074757729580065,0.35347820918586437
62,0.01430549146285187,0.35511652568012364
63,0.014536225196123673,0.35671849842621617
64,0.014766958929395477,0.35824523832380617
65,0.014997692662667282,0.35976519023514103
66,0.015228426395939087,0.36127410924330766
67,0.01545916012921089,0.36277050466223765
68,0.015689893862482696,0.3642574754296613
69,0.0159206275957545,0.3657036440876751
70,0.016151361329026302,0.36714501424321433
71,0.016382095062298107,0.3685735686076535
72,0.01661282879556991,0.3699902534128079
73,0.016843562528841716,0.3714048870978513
74,0.01707429626211352,0.3728163065623979
75,0.017305029995385326,0.3742263277953718
76,0.01753576372865713,0.3756240982369424
77,0.017766497461928935,0.37699455351135813
78,0.01799723119520074,0.3783632179079473
79,0.01822796492847254,0.37968518022859693
80,0.018458698661744346,0.3810069644887361
81,0.01868943239501615,0.38232284079245077
82,0.018920166128287955,0.38361829035965617
83,0.01915089986155976,0.3848955218255302
84,0.019381633594831565,0.3861669092541375
85,0.01961236732810337,0.38743075878780125
86,0.019843101061375174,0.38869145459588533
87,0.02007383479464698,0.3899502305464141
88,0.02030456852791878,0.3912074929826039
89,0.020535302261190585,0.3924454187322043
90,0.02076603599446239,0.3936799065442562
91,0.020996769727734194,0.39490538289649924
92,0.021227503461006,0.39612362496979747
93,0.021458237194277804,0.39734133856863196
94,0.02168897092754961,0.3985546291900427
95,0.021919704660821413,0.39975587789872596
96,0.022150438394093218,0.40095487459851703
97,0.02238117212736502,0.4021516455419272
98,0.022611905860636824,0.40334611767849066
99,0.02284263959390863,0.4045331580715688
100,0.023073373327180433,0.4057035840493235
101,0.023304107060452238,0.4068674343437394
102,0.023534840793724043,0.4079881677421094
103,0.023765574526995847,0.40910699497988634
104,0.023996308260267652,0.41021908673643065
105,0.024227041993539457,0.411320159286769
106,0.02445777572681126,0.41241430802264245
107,0.024688509460083063,0.4134907203336936
108,0.024919243193354867,0.41456575724144273
109,0.025149976926626672,0.4156319812953369
110,0.025380710659898477,0.41668910371775336
111,0.02561144439317028,0.4177434216871298
112,0.025842178126442086,0.418784435340416
113,0.02607291185971389,0.4198194988049771
114,0.026303645592985696,0.42085292776536515
115,0.0265343793262575,0.42187968858791863
116,0.0267651130595293,0.42290334362426063
117,0.026995846792801106,0.42391872455393315
118,0.02722658052607291,0.4249250403773609
119,0.027457314259344716,0.42591741497594926
120,0.02768804799261652,0.42690684358622016
121,0.027918781725888325,0.4278920329866455
122,0.02814951545916013,0.42887659346821655
123,0.028380249192431935,0.4298592683346382
124,0.02861098292570374,0.43083036241939787
125,0.02884171665897554,0.4317935259629602
126,0.029072450392247345,0.43274628666362214
127,0.02930318412551915,0.4336980531931006
128,0.029533917858790955,0.4346356844574399
129,0.02976465159206276,0.435564454928556
130,0.029995385325334564,0.4364929879856581
131,0.03022611905860637,0.43741861956957034
132,0.030456852791878174,0.43834310631571327
133,0.03068758652514998,0.4392622832061208
134,0.03091832025842178,0.44017780300758236
135,0.031149053991693584,0.44108445288451265
136,0.03137978772496539,0.44198965544908847
137,0.031610521458237194,0.4428836641711885
138,0.031841255191509,0.44377750852974046
139,0.0320719889247808,0.44467122276715015
140,0.032302722658052604,0.44556065327958666
141,0.03253345639132441,0.44643956794918344
142,0.032764190124596214,0.4473089289875451
143,0.03299492385786802,0.44817783802614947
144,0.03322565759113982,0.4490409384113063
145,0.03345639132441163,0.4498888774005617
146,0.03368712505768343,0.4507306584638298
147,0.03391785879095524,0.4515701247404618
148,0.03414859252422704,0.4524048176257168
149,0.03437932625749884,0.45323550414948616
150,0.03461005999077065,0.45406609936017317
151,0.03484079372404245,0.45489335137063475
152,0.03507152745731426,0.4557193466848012
153,0.03530226119058606,0.4565405138197413
154,0.03553299492385787,0.4573536134438608
155,0.03576372865712967,0.4581665224519208
156,0.03599446239040148,0.4589723752415466
157,0.03622519612367328,0.4597764645472706
158,0.03645592985694508,0.4605728333318866
159,0.03668666359021689,0.46136316061469523
160,0.03691739732348869,0.462153473059128
161,0.0371481310567605,0.4629436884834109
162,0.0373788647900323,0.4637326335144363
163,0.03760959852330411,0.4645215146263041
164,0.03784033225657591,0.4653083389109932
165,0.03807106598984772,0.4660861711399034
166,0.03830179972311952,0.4668605277646187
167,0.03853253345639132,0.46763484672268757
168,0.03876326718966313,0.4684083324488805
169,0.03899400092293493,0.4691815225489695
170,0.03922473465620674,0.46995183971120685
171,0.03945546838947854,0.470721813307972
172,0.03968620212275035,0.4714885395832481
173,0.03991693585602215,0.4722539007279439
174,0.04014766958929396,0.4730183807013955
175,0.04037840332256576,0.4737818105744008
176,0.04060913705583756,0.47454378514515694
177,0.04083987078910937,0.4753011290012273
178,0.04107060452238117,0.4760564765250359
179,0.04130133825565298,0.4768075768491043
180,0.04153207198892478,0.47754940432966575
181,0.04176280572219659,0.4782895584979941
182,0.04199353945546839,0.4790274138594756
183,0.0422242731887402,0.47976520530179967
184,0.042455006922012,0.4805022879263223
185,0.0426857406552838,0.48123554224986975
186,0.04291647438855561,0.4819666472917427
187,0.04314720812182741,0.4826975229094964
188,0.04337794185509922,0.4834260243871104
189,0.04360867558837102,0.484154507602108
190,0.043839409321642826,0.48488188250456926
191,0.04407014305491463,0.4856082312762682
192,0.044300876788186436,0.4863305234642861
193,0.04453161052145824,0.4870513112692733
194,0.04476234425473004,0.48776900584359784
195,0.044993077988001846,0.4884826381271737
196,0.04522381172127365,0.48919236449365444
197,0.045454545454545456,0.4899009163456141
198,0.04568527918781726,0.49060179219159344
199,0.045916012921089065,0.491301185341399
200,0.046146746654360866,0.4919991756939779
201,0.046377480387632675,0.49269543908788777
202,0.046608214120904476,0.49338806137264124
203,0.04683894785417628,0.4940786953150276
204,0.047069681587448085,0.49476473278513405
205,0.04730041532071989,0.4954470389744153
206,0.047531149053991695,0.4961292378708248
207,0.047761882787263496,0.4968090306675158
208,0.047992616520535304,0.4974886830703428
209,0.048223350253807105,0.49816276080949573
210,0.048454083987078914,0.4988362267509972
211,0.048684817720350715,0.4995096892682582
212,0.04891555145362252,0.5001829429068434
213,0.049146285186894324,0.5008554192428156
214,0.049377018920166126,0.5015254381154605
215,0.049607752653437934,0.50219123718229
216,0.049838486386709735,0.5028559850072594
217,0.05006922011998154,0.5035130842201732
218,0.050299953853253344,0.5041681939493065
219,0.05053068758652515,0.504821706840913
220,0.050761421319796954,0.505474574833876
221,0.05099215505306876,0.5061257478277488
222,0.05122288878634056,0.506774430257302
223,0.051453622519612364,0.5074229494647208
224,0.05168435625288417,0.508068987239128
225,0.051915089986155974,0.5087145695895373
226,0.05214582371942778,0.5093601428086385
227,0.05237655745269958,0.5100052035330652
228,0.05260729118597139,0.5106479186526905
229,0.05283802491924319,0.5112872631781656
230,0.053068758652515,0.5119254754214203
231,0.0532994923857868,0.5125624526552368
232,0.0535302261190586,0.5131988546166351
233,0.05376095985233041,0.513834433618879
234,0.05399169358560221,0.5144654618053842
235,0.05422242731887402,0.5150942802152978
236,0.05445316105214582,0.5157213111716255
237,0.05468389478541763,0.51634499322066
238,0.05491462851868943,0.5169642739791278
239,0.05514536225196124,0.5175819967081291
240,0.05537609598523304,0.5181981659733178
241,0.05560682971850484,0.518814077279049
242,0.05583756345177665,0.5194294372820459
243,0.05606829718504845,0.5200413068424722
244,0.05629903091832026,0.5206516206562587
245,0.05652976465159206,0.5212618465812037
246,0.05676049838486387,0.5218684473767814
247,0.05699123211813567,0.522473223052127
248,0.05722196585140748,0.5230704368628447
249,0.05745269958467928,0.5236671735627076
250,0.05768343331795108,0.5242611092337712
251,0.05791416705122289,0.5248540530164783
252,0.05814490078449469,0.5254463918500152
253,0.0583756345177665,0.5260377034113762
254,0.0586063682510383,0.5266288369122268
255,0.05883710198431011,0.5272173109195556
256,0.05906783571758191,0.5278055577855922
257,0.05929856945085372,0.528390733107823
258,0.05952930318412552,0.5289746494509319
259,0.05976003691739732,0.5295582496224932
260,0.05999077065066913,0.5301407095219393
261,0.06022150438394093,0.5307201538068427
262,0.06045223811721274,0.5312993949201379
263,0.06068297185048454,0.5318781315286535
264,0.06091370558375635,0.5324562506324501
265,0.06114443931702815,0.5330319750506635
266,0.06137517305029996,0.5336069347218126
267,0.06160590678357176,0.5341799608384442
268,0.06183664051684356,0.5347523614604621
269,0.06206737425011537,0.5353242415979109
270,0.06229810798338717,0.5358902799809199
271,0.06252884171665897,0.5364558321217656
272,0.06275957544993079,0.5370188001023825
273,0.06299030918320259,0.5375804942655014
274,0.06322104291647439,0.5381389011576576
275,0.06345177664974619,0.5386952044246803
276,0.063682510383018,0.5392512931059599
277,0.0639132441162898,0.5398069012521438
278,0.0641439778495616,0.5403616202371888
279,0.06437471158283341,0.5409109163665591
280,0.06460544531610521,0.5414600435667272
281,0.06483617904937702,0.542008170888644
282,0.06506691278264883,0.54255603796827645
283,0.06529764651592063,0.543103519250136
284,0.06552838024919243,0.5436470809179382
285,0.06575911398246424,0.5441901597678177
286,0.06598984771573604,0.5447331484460285
287,0.06622058144900785,0.5452751509429505
288,0.06645131518227965,0.5458168304198439
289,0.06668204891555145,0.546357544260892
290,0.06691278264882326,0.5468975253144547
291,0.06714351638209506,0.5474329213098728
292,0.06737425011536687,0.5479682796386443
293,0.06760498384863867,0.5485030044829073
294,0.06783571758191048,0.5490342274704644
295,0.06806645131518228,0.549565306639917
296,0.06829718504845408,0.5500936384270059
297,0.06852791878172589,0.5506213481437218
298,0.06875865251499769,0.5511468800434248
299,0.0689893862482695,0.5516718640646341
300,0.0692201199815413,0.5521965741465966
301,0.0694508537148131,0.5527196428759048
302,0.0696815874480849,0.5532400304248342
303,0.06991232118135672,0.5537589044594244
304,0.07014305491462852,0.5542755070810926
305,0.07037378864790032,0.554791596066673
306,0.07060452238117212,0.5553035782463771
307,0.07083525611444393,0.5558151221232862
308,0.07106598984771574,0.5563266294749624
309,0.07129672358098754,0.5568381174226086
310,0.07152745731425934,0.5573458797964972
311,0.07175819104753114,0.557853513190657
312,0.07198892478080296,0.5583609171606975
313,0.07221965851407476,0.5588672618989835
314,0.07245039224734656,0.5593713397900014
315,0.07268112598061836,0.5598750569943445
316,0.07291185971389016,0.5603779500981196
317,0.07314259344716198,0.5608792452229546
318,0.07337332718043378,0.5613776753998327
319,0.07360406091370558,0.5618752540822184
320,0.07383479464697738,0.5623712553311074
321,0.0740655283802492,0.562866599125804
322,0.074296262113521,0.5633610822946998
323,0.0745269958467928,0.5638554832818216
324,0.0747577295800646,0.5643479712598694
325,0.0749884633133364,0.5648399204907316
326,0.07521919704660822,0.5653317110651133
327,0.07544993077988002,0.5658226581348973
328,0.07568066451315182,0.5663128792656771
329,0.07591139824642362,0.5668026837805189
330,0.07614213197969544,0.5672911756698027
331,0.07637286571296724,0.5677778333075459
332,0.07660359944623904,0.5682602597253383
333,0.07683433317951084,0.5687403827706299
334,0.07706506691278264,0.5692196851395942
335,0.07729580064605446,0.569698623397643
336,0.07752653437932626,0.57017743495879
337,0.07775726811259806,0.5706559383382844
338,0.07798800184586986,0.5711343047481553
339,0.07821873557914168,0.5716118025423308
340,0.07844946931241348,0.5720889362255906
341,0.07868020304568528,0.5725645883540904
342,0.07891093677895708,0.5730400464422902
343,0.07914167051222888,0.5735142626725708
344,0.0793724042455007,0.5739881695797852
345,0.0796031379787725,0.5744617740124143
346,0.0798338717120443,0.5749352277784577
347,0.0800646054453161,0.5754077113430018
348,0.08029533917858792,0.575877252343469
349,0.08052607291185972,0.5763453369002735
350,0.08075680664513152,0.5768131246895605
351,0.08098754037840332,0.5772806362567735
352,0.08121827411167512,0.5777469561882628
353,0.08144900784494694,0.578212941685588
354,0.08167974157821874,0.5786782857085102
355,0.08191047531149054,0.5791416790557117
356,0.08214120904476234,0.5796041204640304
357,0.08237194277803415,0.5800653519740088
358,0.08260267651130596,0.5805261200700944
359,0.08283341024457776,0.580985236540804
360,0.08306414397784956,0.5814438039916064
361,0.08329487771112136,0.5819013533015411
362,0.08352561144439317,0.5823587793388149
363,0.08375634517766498,0.5828161368912769
364,0.08398707891093678,0.5832724717372171
365,0.08421781264420858,0.5837282016339871
366,0.0844485463774804,0.5841835765511497
367,0.0846792801107522,0.5846383522262099
368,0.084910013844024,0.5850931164871346
369,0.0851407475772958,0.5855475543037901
370,0.0853714813105676,0.5860001955355516
371,0.08560221504383941,0.5864527523027119
372,0.08583294877711121,0.5869044986662668
373,0.08606368251038302,0.5873557816159292
374,0.08629441624365482,0.5878061514347684
375,0.08652514997692663,0.5882564390718338
376,0.08675588371019843,0.5887048011442761
377,0.08698661744347023,0.5891530730450498
378,0.08721735117674204,0.5895990244521195
379,0.08744808491001384,0.5900444359705904
380,0.08767881864328565,0.5904897938426253
381,0.08790955237655745,0.590933033251151
382,0.08814028610982926,0.5913756186297247
383,0.08837101984310106,0.5918169267665598
384,0.08860175357637287,0.5922576265299841
385,0.08883248730964467,0.592698027243064
386,0.08906322104291647,0.5931356748667127
387,0.08929395477618828,0.5935725805715678
388,0.08952468850946008,0.5940078723176933
389,0.08975542224273189,0.5944429734477593
390,0.08998615597600369,0.5948778394466386
391,0.0902168897092755,0.5953122728497905
392,0.0904476234425473,0.5957459517785999
393,0.09067835717581911,0.5961790634248856
394,0.09090909090909091,0.5966113852130094
395,0.09113982464236271,0.5970435517688932
396,0.09137055837563451,0.5974734765886069
397,0.09160129210890632,0.597900896005625
398,0.09183202584217813,0.5983280357763286
399,0.09206275957544993,0.5987549324259507
400,0.09229349330872173,0.5991816384595134
401,0.09252422704199353,0.5996080100589122
402,0.09275496077526535,0.6000343245876345
403,0.09298569450853715,0.6004599965005402
404,0.09321642824180895,0.600884878555284
405,0.09344716197508075,0.6013093474183306
406,0.09367789570835255,0.6017336507764154
407,0.09390862944162437,0.6021573172257512
408,0.09413936317489617,0.6025807314226973
409,0.09437009690816797,0.6030038671147423
410,0.09460083064143977,0.6034267459887434
411,0.09483156437471159,0.6038494445194068
412,0.09506229810798339,0.604269925283584
413,0.09529303184125519,0.6046891504928797
414,0.09552376557452699,0.6051077479247348
415,0.0957544993077988,0.605524588721169
416,0.09598523304107061,0.6059412514570929
417,0.09621596677434241,0.606356876648119
418,0.09644670050761421,0.6067724276472659
419,0.09667743424088601,0.607187823414173
420,0.09690816797415783,0.6076031164538624
421,0.09713890170742963,0.6080183375844994
422,0.09736963544070143,0.6084330850285222
423,0.09760036917397323,0.6088472469274047
424,0.09783110290724505,0.6092613255030995
425,0.09806183664051685,0.6096748230993083
426,0.09829257037378865,0.6100879200593685
427,0.09852330410706045,0.610500531918679
428,0.09875403784033225,0.6109129965356445
429,0.09898477157360407,0.6113251563951976
430,0.09921550530687587,0.6117370856892179
431,0.09944623904014767,0.6121483609532864
432,0.09967697277341947,0.612558846359193
433,0.09990770650669129,0.612969105765221
434,0.10013844023996309,0.613378950838138
435,0.10036917397323489,0.6137882651537642
436,0.10059990770650669,0.6141950478141837
437,0.10083064143977849,0.6146012620506659
438,0.1010613751730503,0.6150060883282973
439,0.1012921089063221,0.6154105801717649
440,0.10152284263959391,0.6158150126617288
441,0.10175357637286571,0.6162190011418301
442,0.10198431010613752,0.6166226985614817
443,0.10221504383940933,0.6170254280624609
444,0.10244577757268113,0.6174269807660919
445,0.10267651130595293,0.6178282652375439
446,0.10290724503922473,0.6182291901637341
447,0.10313797877249654,0.6186295649286037
448,0.10336871250576835,0.6190298061480903
449,0.10359944623904015,0.6194294264386175
450,0.10383017997231195,0.619826951093906
451,0.10406091370558376,0.6202226061138343
452,0.10429164743885556,0.6206182520024545
453,0.10452238117212737,0.6210128044169142
454,0.10475311490539917,0.6214066879630461
455,0.10498384863867097,0.6218002804487283
456,0.10521458237194278,0.6221937713486062
457,0.10544531610521458,0.6225866630063818
458,0.10567604983848639,0.6229793891591956
459,0.10590678357175819,0.6233719304030177
460,0.10613751730503,0.6237640926975484
461,0.1063682510383018,0.6241559171336746
462,0.1065989847715736,0.6245469300247819
463,0.1068297185048454,0.6249367569872328
464,0.1070604522381172,0.6253258055056573
465,0.10729118597138902,0.6257148060847134
466,0.10752191970466082,0.6261036537143567
467,0.10775265343793262,0.6264918758493865
468,0.10798338717120443,0.6268786324094453
469,0.10821412090447624,0.6272651960706177
470,0.10844485463774804,0.6276516490146778
471,0.10867558837101984,0.6280380882617757
472,0.10890632210429164,0.6284220871667493
473,0.10913705583756345,0.6288059114354528
474,0.10936778957083526,0.6291883945432603
475,0.10959852330410706,0.6295707189945873
476,0.10982925703737886,0.6299528311429978
477,0.11005999077065066,0.6303348976348673
478,0.11029072450392248,0.6307168465611434
479,0.11052145823719428,0.6310950870348646
480,0.11075219197046608,0.6314731517309026
481,0.11098292570373788,0.6318493342360316
482,0.11121365943700968,0.6322251035494634
483,0.1114443931702815,0.6326000932774549
484,0.1116751269035533,0.6329744734906222
485,0.1119058606368251,0.6333486608049033
486,0.1121365943700969,0.6337226335334408
487,0.11236732810336872,0.6340937150615101
488,0.11259806183664052,0.634463180348023
489,0.11282879556991232,0.6348321525438914
490,0.11305952930318412,0.6352006967096865
491,0.11329026303645592,0.6355689281281749
492,0.11352099676972774,0.6359367258095223
493,0.11375173050299954,0.6363042347132469
494,0.11398246423627134,0.6366709526173963
495,0.11421319796954314,0.6370371431884951
496,0.11444393170281496,0.6374028703457015
497,0.11467466543608676,0.6377684559676303
498,0.11490539916935856,0.6381335085494413
499,0.11513613290263036,0.638498215282953
500,0.11536686663590216,0.6388626286731879
501,0.11559760036917398,0.6392270295078739
502,0.11582833410244578,0.6395913150597935
503,0.11605906783571758,0.6399554887531874
504,0.11628980156898938,0.64031957798198
505,0.1165205353022612,0.6406823386054253
506,0.116751269035533,0.6410449828046908
507,0.1169820027688048,0.6414073039839275
508,0.1172127365020766,0.6417692439310457
509,0.1174434702353484,0.6421306611107679
510,0.11767420396862022,0.6424919595834828
511,0.11790493770189202,0.6428526462585465
512,0.11813567143516382,0.6432131194892804
513,0.11836640516843562,0.6435729717910547
514,0.11859713890170744,0.6439321540830876
515,0.11882787263497924,0.6442911126580688
516,0.11905860636825104,0.6446484915167264
517,0.11928934010152284,0.6450048453860353
518,0.11952007383479464,0.6453609024878266
519,0.11975080756806646,0.6457159916709456
520,0.11998154130133826,0.6460709701369525
521,0.12021227503461006,0.6464253733305407
522,0.12044300876788186,0.6467796874938738
523,0.12067374250115367,0.6471338030512529
524,0.12090447623442548,0.6474876515178662
525,0.12113520996769728,0.647841457752179
526,0.12136594370096908,0.6481948393806592
527,0.12159667743424088,0.6485481114334406
528,0.1218274111675127,0.6489010798702234
529,0.1220581449007845,0.6492538611151873
530,0.1222888786340563,0.6496065544713098
531,0.1225196123673281,0.6499586440196754
532,0.12275034610059991,0.6503100373057885
533,0.12298107983387171,0.6506610265315126
534,0.12321181356714352,0.6510114884241863
535,0.12344254730041532,0.6513610839839918
536,0.12367328103368712,0.6517102926046111
537,0.12390401476695893,0.6520591005890818
538,0.12413474850023073,0.6524072180183677
539,0.12436548223350254,0.6527549165488885
540,0.12459621596677434,0.6531020934534266
541,0.12482694970004615,0.6534479269142416
542,0.12505768343331794,0.653792325618251
543,0.12528841716658976,0.6541359755549856
544,0.12551915089986157,0.6544791015829106
545,0.12574988463313336,0.6548215484697859
546,0.12598061836640517,0.6551639108920602
547,0.12621135209967696,0.6555059959508469
548,0.12644208583294878,0.6558479486056643
549,0.1266728195662206,0.6561898841392789
550,0.12690355329949238,0.6565315206225488
551,0.1271342870327642,0.6568721743487707
552,0.127365020766036,0.657212812095203
553,0.1275957544993078,0.6575525138825419
554,0.1278264882325796,0.6578921517507231
555,0.1280572219658514,0.6582316823260327
556,0.1282879556991232,0.6585701901948207
557,0.12851868943239503,0.6589083339526929
558,0.12874942316566682,0.659245460711111
559,0.12898015689893863,0.6595821491667341
560,0.12921089063221042,0.659918765713305
561,0.12944162436548223,0.6602549759166596
562,0.12967235809875405,0.6605904270800177
563,0.12990309183202584,0.6609243944057884
564,0.13013382556529765,0.6612582567215146
565,0.13036455929856944,0.6615915677345064
566,0.13059529303184125,0.6619248387980247
567,0.13082602676511307,0.6622575779628386
568,0.13105676049838486,0.662588090229858
569,0.13128749423165667,0.6629178160629562
570,0.13151822796492849,0.6632471857750334
571,0.13174896169820027,0.663576510971983
572,0.1319796954314721,0.6639055919064375
573,0.13221042916474388,0.6642344354268781
574,0.1324411628980157,0.6645631282807328
575,0.1326718966312875,0.6648913999529954
576,0.1329026303645593,0.6652195243829129
577,0.1331333640978311,0.6655471374595695
578,0.1333640978311029,0.6658745861726779
579,0.1335948315643747,0.6662018522596218
580,0.13382556529764653,0.6665287747810936
581,0.1340562990309183,0.6668553959693938
582,0.13428703276419013,0.667179517462066
583,0.13451776649746192,0.6675034129548597
584,0.13474850023073373,0.6678271965891276
585,0.13497923396400555,0.6681505407791869
586,0.13520996769727733,0.6684733245352037
587,0.13544070143054915,0.6687957384732371
588,0.13567143516382096,0.6691168215230962
589,0.13590216889709275,0.6694378258154217
590,0.13613290263036457,0.6697586349260338
591,0.13636363636363635,0.6700793949558642
592,0.13659437009690817,0.6703997988646736
593,0.13682510383017998,0.6707201902179343
594,0.13705583756345177,0.6710405735813002
595,0.1372865712967236,0.6713600837633167
596,0.13751730502999537,0.6716792811980262
597,0.1377480387632672,0.6719979170572797
598,0.137978772496539,0.6723165255226086
599,0.1382095062298108,0.6726351248566291
600,0.1384402399630826,0.6729534502514029
601,0.1386709736963544,0.6732709036062406
602,0.1389017074296262,0.6735882919005073
603,0.13913244116289802,0.673905621982684
604,0.1393631748961698,0.6742228550447108
605,0.13959390862944163,0.6745391338850276
606,0.13982464236271344,0.6748549059377377
607,0.14005537609598523,0.6751699999908116
608,0.14028610982925704,0.675485010720698
609,0.14051684356252883,0.6757998422486604
610,0.14074757729580065,0.6761135380701618
611,0.14097831102907246,0.6764267476495
612,0.14120904476234425,0.6767396285017419
613,0.14143977849561606,0.6770524248893826
614,0.14167051222888785,0.6773647681358524
615,0.14190124596215967,0.6776771022510141
616,0.14213197969543148,0.6779893210834094
617,0.14236271342870327,0.67830055830017
618,0.14259344716197508,0.6786099452856006
619,0.14282418089524687,0.6789192341094678
620,0.1430549146285187,0.6792284567313501
621,0.1432856483617905,0.679537475040211
622,0.1435163820950623,0.679846025369525
623,0.1437471158283341,0.680154491234238
624,0.14397784956160592,0.6804624217760059
625,0.1442085832948777,0.6807690533891783
626,0.14443931702814952,0.6810752524066233
627,0.1446700507614213,0.6813807585860564
628,0.14490078449469312,0.6816860273514754
629,0.14513151822796494,0.6819903692891093
630,0.14536225196123673,0.6822941268230165
631,0.14559298569450854,0.6825974152359633
632,0.14582371942778033,0.6829000564674393
633,0.14605445316105214,0.6832022559718798
634,0.14628518689432396,0.6835039543957813
635,0.14651592062759575,0.6838051928300306
636,0.14674665436086756,0.6841064050117688
637,0.14697738809413935,0.6844074391329965
638,0.14720812182741116,0.6847082917694731
639,0.14743885556068298,0.6850089914565368
640,0.14766958929395477,0.6853095267800525
641,0.14790032302722658,0.6856092962150905
642,0.1481310567604984,0.6859088328017685
643,0.14836179049377018,0.6862081764895602
644,0.148592524227042,0.686507384349142
645,0.1488232579603138,0.6868064244209351
646,0.1490539916935856,0.6871053092604883
647,0.14928472542685742,0.6874041575748084
648,0.1495154591601292,0.6877027947276261
649,0.14974619289340102,0.6880012446886247
650,0.1499769266266728,0.6882994914780154
651,0.15020766035994462,0.6885977268532707
652,0.15043839409321644,0.6888958355316245
653,0.15066912782648822,0.689193501341529
654,0.15089986155976004,0.6894911374746818
655,0.15113059529303183,0.6897886503351734
656,0.15136132902630364,0.6900858093574713
657,0.15159206275957546,0.6903826156829888
658,0.15182279649284725,0.6906792519378905
659,0.15205353022611906,0.6909756142535453
660,0.15228426395939088,0.6912719514581024
661,0.15251499769266266,0.6915679279759845
662,0.15274573142593448,0.6918634136860493
663,0.15297646515920627,0.6921582830328085
664,0.15320719889247808,0.6924528864302156
665,0.1534379326257499,0.6927474749892468
666,0.15366866635902168,0.6930417416696629
667,0.1538994000922935,0.6933356990270129
668,0.15413013382556529,0.6936296221419568
669,0.1543608675588371,0.6939235361255925
670,0.15459160129210892,0.6942165438268867
671,0.1548223350253807,0.6945087456902294
672,0.15505306875865252,0.6948001325843127
673,0.15528380249192433,0.6950914452865166
674,0.15551453622519612,0.6953824338272783
675,0.15574526995846794,0.6956732933883113
676,0.15597600369173972,0.6959636370304294
677,0.15620673742501154,0.6962533620264149
678,0.15643747115828335,0.6965426692650489
679,0.15666820489155514,0.6968316272311431
680,0.15689893862482696,0.6971203968640051
681,0.15712967235809874,0.6974089370727478
682,0.15736040609137056,0.6976972900896719
683,0.15759113982464237,0.697984928581727
684,0.15782187355791416,0.6982723205284598
685,0.15805260729118598,0.6985594819096599
686,0.15828334102445776,0.6988456422711954
687,0.15851407475772958,0.6991314670571533
688,0.1587448084910014,0.6994163490355366
689,0.15897554222427318,0.6997010700746124
690,0.159206275957545,0.6999849886999775
691,0.1594370096908168,0.7002684735882018
692,0.1596677434240886,0.7005518911330277
693,0.1598984771573604,0.7008350906678698
694,0.1601292108906322,0.7011180653442466
695,0.16035994462390402,0.7014010160509394
696,0.16059067835717583,0.7016834394245819
697,0.16082141209044762,0.7019658513840892
698,0.16105214582371943,0.7022481651820329
699,0.16128287955699122,0.7025298238086113
700,0.16151361329026304,0.7028114504756107
701,0.16174434702353485,0.7030930200719339
702,0.16197508075680664,0.7033744332946035
703,0.16220581449007845,0.7036555828507479
704,0.16243654822335024,0.7039366890331784
705,0.16266728195662206,0.7042158685095724
706,0.16289801568989387,0.7044947055619079
707,0.16312874942316566,0.70477204393828
708,0.16335948315643747,0.7050492967086376
709,0.1635902168897093,0.7053264102265447
710,0.16382095062298108,0.7056034678151889
711,0.1640516843562529,0.7058802537474133
712,0.16428241808952468,0.7061569369524201
713,0.1645131518227965,0.7064332549050977
714,0.1647438855560683,0.7067090101409056
715,0.1649746192893401,0.7069845268212861
716,0.1652053530226119,0.7072597330371867
717,0.1654360867558837,0.7075340055768209
718,0.16566682048915551,0.7078082313185005
719,0.16589755422242733,0.7080820404442421
720,0.16612828795569912,0.7083551612976258
721,0.16635902168897093,0.7086278564037634
722,0.16658975542224272,0.7089005115604273
723,0.16682048915551453,0.7091728676667469
724,0.16705122288878635,0.7094452146417582
725,0.16728195662205814,0.709717240879568
726,0.16751269035532995,0.7099890160064014
727,0.16774342408860177,0.7102607694463778
728,0.16797415782187355,0.7105324726641589
729,0.16820489155514537,0.7108040708718955
730,0.16843562528841716,0.7110752033829123
731,0.16866635902168897,0.711346154409178
732,0.1688970927549608,0.7116169958597449
733,0.16912782648823257,0.7118868545532637
734,0.1693585602215044,0.712156453004498
735,0.16958929395477618,0.7124258368699888
736,0.169820027688048,0.7126949456548193
737,0.1700507614213198,0.7129636629348094
738,0.1702814951545916,0.7132321838916725
739,0.1705122288878634,0.7134999891822532
740,0.1707429626211352,0.7137670639681756
741,0.170973696354407,0.7140339949359933
742,0.17120443008767883,0.7143008151866987
743,0.17143516382095061,0.7145670750033616
744,0.17166589755422243,0.7148332697594533
745,0.17189663128749424,0.7150991015460428
746,0.17212736502076603,0.7153649184942567
747,0.17235809875403785,0.7156300505943531
748,0.17258883248730963,0.7158951324722543
749,0.17281956622058145,0.7161598890473
750,0.17305029995385326,0.7164243796729933
751,0.17328103368712505,0.7166885769554098
752,0.17351176742039687,0.7169527365711799
753,0.17374250115366865,0.7172167615001536
754,0.17397323488694047,0.7174805467322862
755,0.17420396862021229,0.7177439918231874
756,0.17443470235348407,0.718007261136405
757,0.1746654360867559,0.718270021379189
758,0.17489616982002767,0.7185326104099435
759,0.1751269035532995,0.7187950179559472
760,0.1753576372865713,0.7190574209362967
761,0.1755883710198431,0.7193193502300317
762,0.1758191047531149,0.7195811471197973
763,0.17604983848638672,0.719842246605897
764,0.1762805722196585,0.7201031406375615
765,0.17651130595293033,0.7203633715079658
766,0.1767420396862021,0.7206228924191554
767,0.17697277341947393,0.7208823562596685
768,0.17720350715274574,0.7211417310699263
769,0.17743424088601753,0.7214002749311351
770,0.17766497461928935,0.7216585905096384
771,0.17789570835256113,0.7219168490174652
772,0.17812644208583295,0.722174295980273
773,0.17835717581910476,0.7224315877108411
774,0.17858790955237655,0.7226882904720283
775,0.17881864328564837,0.7229449441524337
776,0.17904937701892015,0.7232014779844186
777,0.17928011075219197,0.7234573840389629
778,0.17951084448546378,0.7237131862248759
779,0.17974157821873557,0.7239687007745798
780,0.17997231195200739,0.7242241593950206
781,0.1802030456852792,0.7244795814902287
782,0.180433779418551,0.7247347216562952
783,0.1806645131518228,0.7249898058930986
784,0.1808952468850946,0.725244880998594
785,0.1811259806183664,0.7254997004274588
786,0.18135671435163822,0.7257544856139178
787,0.18158744808491,0.7260091635075051
788,0.18181818181818182,0.726263346027621
789,0.1820489155514536,0.7265174212548651
790,0.18227964928472543,0.7267714279972975
791,0.18251038301799724,0.7270251140025284
792,0.18274111675126903,0.727278350290829
793,0.18297185048454084,0.7275311619732969
794,0.18320258421781263,0.7277833972419328
795,0.18343331795108445,0.7280355765813058
796,0.18366405168435626,0.7282874808400185
797,0.18389478541762805,0.7285389330989738
798,0.18412551915089986,0.7287900920146522
799,0.18435625288417168,0.7290411242334288
800,0.18458698661744347,0.7292913677354572
801,0.18481772035071528,0.7295411147226005
802,0.18504845408398707,0.7297903469322425
803,0.18527918781725888,0.7300394353237799
804,0.1855099215505307,0.730288255483138
805,0.18574065528380249,0.7305369318243915
806,0.1859713890170743,0.7307836312374132
807,0.1862021227503461,0.7310302564585557
808,0.1864328564836179,0.731276615730346
809,0.18666359021688972,0.731522864285024
810,0.1868943239501615,0.7317688354762145
811,0.18712505768343332,0.7320145761018723
812,0.1873557914167051,0.7322598236368856
813,0.18758652514997692,0.7325043977379169
814,0.18781725888324874,0.7327486328391304
815,0.18804799261652053,0.7329917493550857
816,0.18827872634979234,0.7332346900933575
817,0.18850946008306416,0.7334776091447723
818,0.18874019381633594,0.7337203798124284
819,0.18897092754960776,0.7339629393185817
820,0.18920166128287955,0.7342054885520132
821,0.18943239501615136,0.734447613179612
822,0.18966312874942318,0.7346895255042947
823,0.18989386248269496,0.7349310702938209
824,0.19012459621596678,0.7351724027804308
825,0.19035532994923857,0.7354134567621399
826,0.19058606368251038,0.735654027925926
827,0.1908167974157822,0.7358945054938031
828,0.19104753114905398,0.7361349465364471
829,0.1912782648823258,0.7363749481348826
830,0.1915089986155976,0.7366148835313334
831,0.1917397323488694,0.73685467168543906
832,0.19197046608214122,0.7370944370112742
833,0.192201199815413,0.7373340927614105
834,0.19243193354868482,0.7375732793905865
835,0.19266266728195663,0.7378124203632214
836,0.19289340101522842,0.7380513547400076
837,0.19312413474850024,0.7382902742784179
838,0.19335486848177202,0.7385290945138512
839,0.19358560221504384,0.7387679147492846
840,0.19381633594831565,0.7390064530555762
841,0.19404706968158744,0.7392448863518233
842,0.19427780341485926,0.739483281981424
843,0.19450853714813104,0.7397215954292506
844,0.19473927088140286,0.7399595892812891
845,0.19497000461467467,0.740197376537479
846,0.19520073834794646,0.7404346707030245
847,0.19543147208121828,0.7406713576365727
848,0.1956622058144901,0.7409080217418503
849,0.19589293954776188,0.741144647039068
850,0.1961236732810337,0.7413808933869941
851,0.19635440701430548,0.7416169548259286
852,0.1965851407475773,0.741852651012534
853,0.1968158744808491,0.7420880903810952
854,0.1970466082141209,0.7423234566991909
855,0.19727734194739271,0.7425585251083554
856,0.1975080756806645,0.7427931438005896
857,0.19773880941393632,0.7430276312302679
858,0.19796954314720813,0.7432619657105336
859,0.19820027688047992,0.7434963001907992
860,0.19843101061375173,0.7437302990954874
861,0.19866174434702352,0.7439641119497704
862,0.19889247808029534,0.7441978814303393
863,0.19912321181356715,0.7444315287796607
864,0.19935394554683894,0.7446649330079004
865,0.19958467928011075,0.7448982801654637
866,0.19981541301338257,0.7451315793836587
867,0.20004614674665436,0.7453648523493427
868,0.20027688047992617,0.7455980693857636
869,0.20050761421319796,0.7458312693009818
870,0.20073834794646978,0.7460637843680826
871,0.2009690816797416,0.7462962526372288
872,0.20119981541301338,0.7465281627551595
873,0.2014305491462852,0.7467597418631668
874,0.20166128287955698,0.7469911634561073
875,0.2018920166128288,0.7472224617763865
876,0.2021227503461006,0.7474536425310724
877,0.2023534840793724,0.7476847159928866
878,0.2025842178126442,0.747915340879184
879,0.202814951545916,0.7481450126851849
880,0.20304568527918782,0.7483741446025867
881,0.20327641901245963,0.7486032719543344
882,0.20350715274573142,0.7488321972758876
883,0.20373788647900323,0.7490610575368696
884,0.20396862021227505,0.7492899086665434
885,0.20419935394554684,0.7495186308164885
886,0.20443008767881865,0.749747187461472
887,0.20466082141209044,0.7499756756216436
888,0.20489155514536225,0.7502040770343871
889,0.20512228887863407,0.7504324579016871
890,0.20535302261190586,0.7506606287488978
891,0.20558375634517767,0.7508886831719286
892,0.20581449007844946,0.751116447675923
893,0.20604522381172127,0.7513440112911365
894,0.2062759575449931,0.751571393421599
895,0.20650669127826488,0.7517986499965732
896,0.2067374250115367,0.7520254831071282
897,0.20696815874480848,0.7522517021372049
898,0.2071988924780803,0.7524777659350417
899,0.2074296262113521,0.7527036939046686
900,0.2076603599446239,0.7529287658141488
901,0.2078910936778957,0.7531537007540058
902,0.20812182741116753,0.753378051290136
903,0.2083525611444393,0.7536018505235318
904,0.20858329487771113,0.7538255801307024
905,0.20881402861098292,0.7540489912834986
906,0.20904476234425473,0.754272377325197
907,0.20927549607752655,0.7544952326096047
908,0.20950622981079833,0.754717776288119
909,0.20973696354407015,0.7549398188860942
910,0.20996769727734194,0.7551615327569732
911,0.21019843101061375,0.7553828437088765
912,0.21042916474388557,0.755604003994194
913,0.21065989847715735,0.755825124330038
914,0.21089063221042917,0.7560461978679274
915,0.21112136594370096,0.7562672120523133
916,0.21135209967697277,0.756488197701361
917,0.2115828334102446,0.7567087450476135
918,0.21181356714351637,0.7569291999393704
919,0.2120443008767882,0.7571496354270972
920,0.21227503461006,0.757369925955306
921,0.2125057683433318,0.7575899128675159
922,0.2127365020766036,0.7578091316084212
923,0.2129672358098754,0.7580280558646361
924,0.2131979695431472,0.7582466160099353
925,0.21342870327641902,0.7584649307513258
926,0.2136594370096908,0.75868305259383
927,0.21389017074296263,0.7589010637192218
928,0.2141209044762344,0.7591188739558327
929,0.21435163820950623,0.7593364376471213
930,0.21458237194277804,0.7595539728030719
931,0.21481310567604983,0.7597714634438947
932,0.21504383940932165,0.7599887942868235
933,0.21527457314259343,0.7602052530898163
934,0.21550530687586525,0.7604214767616224
935,0.21573604060913706,0.7606373112114151
936,0.21596677434240885,0.760852718772548
937,0.21619750807568067,0.7610678809297723
938,0.21642824180895248,0.7612829015517192
939,0.21665897554222427,0.7614975124062091
940,0.21688970927549608,0.7617119897153162
941,0.21712044300876787,0.7619263003780481
942,0.2173511767420397,0.7621403279702249
943,0.2175819104753115,0.7623541375524178
944,0.2178126442085833,0.76256778847813
945,0.2180433779418551,0.7627813857574066
946,0.2182741116751269,0.7629949408043826
947,0.2185048454083987,0.7632083645888026
948,0.21873557914167052,0.7634215441107276
949,0.2189663128749423,0.763634439420684
950,0.21919704660821412,0.7638471384075134
951,0.2194277803414859,0.7640596696065541
952,0.21965851407475773,0.7642718538158821
953,0.21988924780802954,0.7644837720758579
954,0.22011998154130133,0.7646951618613699
955,0.22035071527457314,0.7649057070008707
956,0.22058144900784496,0.7651161859383868
957,0.22081218274111675,0.7653266340577377
958,0.22104291647438856,0.7655369965710739
959,0.22127365020766035,0.7657473088622149
960,0.22150438394093216,0.7659575732139875
961,0.22173511767420398,0.7661677279900616
962,0.22196585140747577,0.7663778496651432
963,0.22219658514074758,0.7665879359564055
964,0.22242731887401937,0.7667980039850513
965,0.22265805260729118,0.7670079441753819
966,0.222888786340563,0.7672178330021037
967,0.2231195200738348,0.7674276156773673
968,0.2233502538071066,0.7676373253021651
969,0.2235809875403784,0.7678469276340912
970,0.2238117212736502,0.768056501430679
971,0.22404245500692202,0.7682660546818235
972,0.2242731887401938,0.7684755839632837
973,0.22450392247346562,0.7686843530633338
974,0.22473465620673744,0.7688929806281065
975,0.22496538994000922,0.7691012874556775
976,0.22519612367328104,0.7693095235156098
977,0.22542685740655283,0.7695177435957526
978,0.22565759113982464,0.7697259488375197
979,0.22588832487309646,0.769934087877302
980,0.22611905860636825,0.7701421641393402
981,0.22634979233964006,0.7703492302504056
982,0.22658052607291185,0.7705559139879389
983,0.22681125980618366,0.7707618889076708
984,0.22704199353945548,0.7709676754941706
985,0.22727272727272727,0.7711732600504757
986,0.22750346100599908,0.7713787224755333
987,0.22773419473927087,0.7715841004359897
988,0.22796492847254268,0.7717893014773491
989,0.2281956622058145,0.7719944705591298
990,0.22842639593908629,0.7721995232167307
991,0.2286571296723581,0.7724042448644082
992,0.22888786340562992,0.7726089197141309
993,0.2291185971389017,0.7728134107962755
994,0.22934933087217352,0.7730177717572779
995,0.2295800646054453,0.7732220528193334
996,0.22981079833871712,0.7734261786491488
997,0.23004153207198894,0.7736301252770402
998,0.23027226580526072,0.7738338847131131
999,0.23050299953853254,0.7740375939269906
1000,0.23073373327180433,0.7742410040905235
1001,0.23096446700507614,0.7744443217995608
1002,0.23119520073834796,0.7746475607510644
1003,0.23142593447161974,0.774850613652163
1004,0.23165666820489156,0.7750535318664652
1005,0.23188740193816337,0.7752558200204994
1006,0.23211813567143516,0.7754580533866844
1007,0.23234886940470698,0.7756602205508846
1008,0.23257960313797876,0.775862351189852
1009,0.23281033687125058,0.7760644453035864
1010,0.2330410706045224,0.7762665143062232
1011,0.23327180433779418,0.7764681701171625
1012,0.233502538071066,0.776669687817065
1013,0.23373327180433778,0.7768711153452987
1014,0.2339640055376096,0.7770721137020457
1015,0.2341947392708814,0.7772729454124173
1016,0.2344254730041532,0.7774734278502493
1017,0.23465620673742502,0.7776732802278133
1018,0.2348869404706968,0.777872760504567
1019,0.23511767420396862,0.7780722270843584
1020,0.23534840793724043,0.7782713763511889
1021,0.23557914167051222,0.7784701215576302
1022,0.23580987540378404,0.7786688233903574
1023,0.23604060913705585,0.7788674978291599
1024,0.23627134287032764,0.779066158571
1025,0.23650207660359945,0.7792647645249908
1026,0.23673281033687124,0.77946310795387
1027,0.23696354407014306,0.7796613029989904
1028,0.23719427780341487,0.7798593587916604
1029,0.23742501153668666,0.7800567982210248
1030,0.23765574526995847,0.7802532811458522
1031,0.23788647900323026,0.7804496385151914
1032,0.23811721273650208,0.7806456603089533
1033,0.2383479464697739,0.7808414652341448
1034,0.23857868020304568,0.7810372130886597
1035,0.2388094139363175,0.7812329187108741
1036,0.23904014766958928,0.7814284302927886
1037,0.2392708814028611,0.781623501289081
1038,0.2395016151361329,0.7818184821137047
1039,0.2397323488694047,0.7820133077060885
1040,0.23996308260267651,0.7822080979146528
1041,0.24019381633594833,0.7824028002343756
1042,0.24042455006922012,0.7825972297562649
1043,0.24065528380249193,0.7827915576923501
1044,0.24088601753576372,0.7829858559516837
1045,0.24111675126903553,0.7831801176857842
1046,0.24134748500230735,0.7833741910866526
1047,0.24157821873557914,0.7835682051340176
1048,0.24180895246885095,0.7837621655349466
1049,0.24203968620212274,0.7839560848449886
1050,0.24227041993539455,0.7841496297713931
1051,0.24250115366866637,0.7843429715261896
1052,0.24273188740193816,0.7845362642002044
1053,0.24296262113520997,0.7847295032277833
1054,0.24319335486848176,0.7849226612150016
1055,0.24342408860175357,0.7851155897781008
1056,0.2436548223350254,0.7853084327351852
1057,0.24388555606829718,0.7855012745508563
1058,0.244116289801569,0.7856939782554901
1059,0.2443470235348408,0.7858866032025906
1060,0.2445777572681126,0.7860784428571833
1061,0.2448084910013844,0.7862699857442587
1062,0.2450392247346562,0.786461293500147
1063,0.245269958467928,0.786652444882382
1064,0.24550069220119983,0.7868428292347256
1065,0.24573142593447161,0.7870325664055986
1066,0.24596215966774343,0.7872222510714492
1067,0.24619289340101522,0.7874118900807585
1068,0.24642362713428703,0.7876015165345192
1069,0.24665436086755885,0.7877911121701145
1070,0.24688509460083063,0.7879806895430934
1071,0.24711582833410245,0.7881701356535166
1072,0.24734656206737424,0.7883595395316391
1073,0.24757729580064605,0.7885483647131026
1074,0.24780802953391787,0.788737088308762
1075,0.24803876326718965,0.7889257160256851
1076,0.24826949700046147,0.7891141668235112
1077,0.24850023073373328,0.7893024429850674
1078,0.24873096446700507,0.7894904634699931
1079,0.2489616982002769,0.7896782807833107
1080,0.24919243193354867,0.7898656734907958
1081,0.2494231656668205,0.7900526906732298
1082,0.2496538994000923,0.7902392330276359
1083,0.2498846331333641,0.7904257148871251
1084,0.2501153668666359,0.7906119673224948
1085,0.2503461005999077,0.7907981524144666
1086,0.2505768343331795,0.7909841023752513
1087,0.2508075680664513,0.7911699884168784
1088,0.25103830179972314,0.7913557112363709
1089,0.2512690355329949,0.7915413016518941
1090,0.2514997692662667,0.7917267870573728
1091,0.25173050299953853,0.791912176584115
1092,0.25196123673281035,0.7920975478482406
1093,0.25219197046608216,0.7922826714256306
1094,0.2524227041993539,0.7924677778818177
1095,0.25265343793262574,0.7926526560552989
1096,0.25288417166589755,0.7928374155217732
1097,0.25311490539916937,0.7930217435339336
1098,0.2533456391324412,0.7932060030612825
1099,0.25357637286571294,0.7933900776796395
1100,0.25380710659898476,0.7935740267425085
1101,0.25403784033225657,0.7937578468256488
1102,0.2542685740655284,0.7939416315249695
1103,0.2544993077988002,0.7941250635275101
1104,0.254730041532072,0.7943082318635254
1105,0.2549607752653438,0.7944913134521125
1106,0.2551915089986156,0.7946743345457827
1107,0.2554222427318874,0.7948572038314535
1108,0.2556529764651592,0.795039960117185
1109,0.25588371019843104,0.7952226924332324
1110,0.2561144439317028,0.7954054167593851
1111,0.2563451776649746,0.7955879881361249
1112,0.2565759113982464,0.7957700983817992
1113,0.25680664513151824,0.7959519483851889
1114,0.25703737886479006,0.7961336751159176
1115,0.2572681125980618,0.796315394998165
1116,0.25749884633133363,0.7964969722037214
1117,0.25772958006460545,0.7966784364093383
1118,0.25796031379787726,0.7968596335241896
1119,0.2581910475311491,0.7970402736292389
1120,0.25842178126442084,0.7972205610375078
1121,0.25865251499769265,0.7974008039306492
1122,0.25888324873096447,0.7975809954601817
1123,0.2591139824642363,0.7977608696767533
1124,0.2593447161975081,0.79794066057013735
1125,0.25957544993077986,0.7981202277464696
1126,0.25980618366405167,0.798299738993539
1127,0.2600369173973235,0.7984790584831357
1128,0.2602676511305953,0.7986583117707476
1129,0.2604983848638671,0.7988374121089469
1130,0.2607291185971389,0.7990164120027554
1131,0.2609598523304107,0.7991953502602335
1132,0.2611905860636825,0.7993742645480273
1133,0.2614213197969543,0.7995530840984985
1134,0.26165205353022614,0.799731665093542
1135,0.2618827872634979,0.7999099093715946
1136,0.2621135209967697,0.8000880132557832
1137,0.2623442547300415,0.8002655418675533
1138,0.26257498846331334,0.8004430681964964
1139,0.26280572219658516,0.8006203502629443
1140,0.26303645592985697,0.8007974725314982
1141,0.26326718966312873,0.8009745719717816
1142,0.26349792339640055,0.8011513426849687
1143,0.26372865712967236,0.801328047196171
1144,0.2639593908629442,0.8015046466973288
1145,0.264190124596216,0.801681065855149
1146,0.26442085832948775,0.8018573149423535
1147,0.26465159206275957,0.8020333368882658
1148,0.2648823257960314,0.8022091625110511
1149,0.2651130595293032,0.802384812356153
1150,0.265343793262575,0.8025603560497968
1151,0.26557452699584677,0.8027356509152912
1152,0.2658052607291186,0.802910918386861
1153,0.2660359944623904,0.8030860408989127
1154,0.2662667281956622,0.8032608620777928
1155,0.26649746192893403,0.8034355839536959
1156,0.2667281956622058,0.8036102613144713
1157,0.2669589293954776,0.8037846795743758
1158,0.2671896631287494,0.8039590829959044
1159,0.26742039686202124,0.8041328917409846
1160,0.26765113059529305,0.8043066434153883
1161,0.2678818643285648,0.8044803517160779
1162,0.2681125980618366,0.8046539127744223
1163,0.26834333179510844,0.8048273026207373
1164,0.26857406552838026,0.8050006559418196
1165,0.26880479926165207,0.8051737216266925
1166,0.26903553299492383,0.8053467599176408
1167,0.26926626672819565,0.8055197867944538
1168,0.26949700046146746,0.8056926618632675
1169,0.2697277341947393,0.8058652378817367
1170,0.2699584679280111,0.8060375981730489
1171,0.2701892016612829,0.8062099036765118
1172,0.27041993539455467,0.8063821635234335
1173,0.2706506691278265,0.806554375430987
1174,0.2708814028610983,0.8067264001467218
1175,0.2711121365943701,0.8068983107211037
1176,0.2713428703276419,0.8070700101339829
1177,0.2715736040609137,0.8072414903954646
1178,0.2718043377941855,0.8074128599398339
1179,0.2720350715274573,0.807584103928715
1180,0.27226580526072913,0.8077550032107106
1181,0.27249653899400095,0.8079258705331274
1182,0.2727272727272727,0.8080967207343412
1183,0.2729580064605445,0.808267217097361
1184,0.27318874019381634,0.8084372306424583
1185,0.27341947392708815,0.8086071494502327
1186,0.27365020766035997,0.8087770283085336
1187,0.2738809413936317,0.808946847813331
1188,0.27411167512690354,0.8091166444898578
1189,0.27434240886017536,0.8092863612674377
1190,0.2745731425934472,0.8094559228127776
1191,0.274803876326719,0.8096253154289151
1192,0.27503461005999075,0.8097946509743765
1193,0.27526534379326256,0.8099639385804694
1194,0.2754960775265344,0.8101326360757682
1195,0.2757268112598062,0.8103010870257448
1196,0.275957544993078,0.8104694478040524
1197,0.27618827872634977,0.8106377846126761
1198,0.2764190124596216,0.8108061111485779
1199,0.2766497461928934,0.8109743920279388
1200,0.2768804799261652,0.8111426432305476
1201,0.27711121365943703,0.8113105451606168
1202,0.2773419473927088,0.8114780030808235
1203,0.2775726811259806,0.8116452566880085
1204,0.2778034148592524,0.8118122500529088
1205,0.27803414859252423,0.8119792068925763
1206,0.27826488232579605,0.8121460416009961
1207,0.27849561605906786,0.812312818097326
1208,0.2787263497923396,0.8124794484927242
1209,0.27895708352561144,0.8126458152215975
1210,0.27918781725888325,0.8128121146070724
1211,0.27941855099215507,0.8129783945885174
1212,0.2796492847254269,0.8131444223175724
1213,0.27988001845869864,0.813310073380163
1214,0.28011075219197046,0.8134753740288004
1215,0.2803414859252423,0.8136405810815285
1216,0.2805722196585141,0.8138057595989182
1217,0.2808029533917859,0.8139706949952263
1218,0.28103368712505766,0.814135629250121
1219,0.2812644208583295,0.8143005452423991
1220,0.2814951545916013,0.8144653299721216
1221,0.2817258883248731,0.8146298556009729
1222,0.2819566220581449,0.8147940878865475
1223,0.2821873557914167,0.8149582060307691
1224,0.2824180895246885,0.8151222545487655
1225,0.2826488232579603,0.8152861227234244
1226,0.28287955699123213,0.8154495731407317
1227,0.28311029072450394,0.8156130155681444
1228,0.2833410244577757,0.8157764408743541
1229,0.2835717581910475,0.8159396219180686
1230,0.28380249192431933,0.8161026180527915
1231,0.28403322565759115,0.8162655810865221
1232,0.28426395939086296,0.8164284813425087
1233,0.2844946931241347,0.8165912651743152
1234,0.28472542685740654,0.8167538024607996
1235,0.28495616059067835,0.8169161708180819
1236,0.28518689432395017,0.8170785254784017
1237,0.285417628057222,0.8172407990983609
1238,0.28564836179049374,0.8174030635870119
1239,0.28587909552376556,0.81756529155043
1240,0.2861098292570374,0.8177273950997735
1241,0.2863405629903092,0.8178894450026812
1242,0.286571296723581,0.8180513339662813
1243,0.2868020304568528,0.8182132160814003
1244,0.2870327641901246,0.818375071944008
1245,0.2872634979233964,0.8185368433420147
1246,0.2874942316566682,0.818698438962338
1247,0.28772496538994,0.8188599820776389
1248,0.28795569912321184,0.8190214270313764
1249,0.2881864328564836,0.8191828502982568
1250,0.2884171665897554,0.8193442073631525
1251,0.28864790032302723,0.8195054822462742
1252,0.28887863405629904,0.819666686361757
1253,0.28910936778957086,0.8198277900328494
1254,0.2893401015228426,0.8199883401183804
1255,0.28957083525611443,0.8201487977494156
1256,0.28980156898938625,0.8203086344514912
1257,0.29003230272265806,0.8204680887800345
1258,0.2902630364559299,0.8206271664421134
1259,0.29049377018920164,0.8207861721951402
1260,0.29072450392247345,0.8209450546755057
1261,0.29095523765574527,0.8211038949235707
1262,0.2911859713890171,0.8212626084747341
1263,0.2914167051222889,0.8214213094703485
1264,0.29164743885556066,0.8215798986074372
1265,0.2918781725888325,0.8217384272496089
1266,0.2921089063221043,0.8218969479018859
1267,0.2923396400553761,0.8220554183319676
1268,0.2925703737886479,0.8222138453883352
1269,0.2928011075219197,0.8223722496164322
1270,0.2930318412551915,0.8225306412889805
1271,0.2932625749884633,0.8226888115273041
1272,0.2934933087217351,0.8228469555131167
1273,0.29372404245500694,0.8230050253070498
1274,0.2939547761882787,0.8231630939595694
1275,0.2941855099215505,0.8233210941272773
1276,0.29441624365482233,0.8234789721637376
1277,0.29464697738809414,0.8236367999780027
1278,0.29487771112136596,0.8237945513175613
1279,0.2951084448546378,0.8239522969500523
1280,0.29533917858790953,0.8241098006028752
1281,0.29556991232118135,0.8242671330436688
1282,0.29580064605445316,0.8244241584442232
1283,0.296031379787725,0.8245808516934408
1284,0.2962621135209968,0.824737293831682
1285,0.29649284725426855,0.8248937211315474
1286,0.29672358098754037,0.8250496815932795
1287,0.2969543147208122,0.8252050781967285
1288,0.297185048454084,0.8253604234365686
1289,0.2974157821873558,0.8255156876360482
1290,0.2976465159206276,0.8256707920376338
1291,0.2978772496538994,0.825825681853476
1292,0.2981079833871712,0.8259804951946119
1293,0.298338717120443,0.8261350129096439
1294,0.29856945085371484,0.8262895306246757
1295,0.2988001845869866,0.8264439353397682
1296,0.2990309183202584,0.8265982544488462
1297,0.2992616520535302,0.8267525313256234
1298,0.29949238578680204,0.8269067876569572
1299,0.29972311952007386,0.8270605326350302
1300,0.2999538532533456,0.8272141235222769
1301,0.30018458698661743,0.8273677041368016
1302,0.30041532071988925,0.8275209594484708
1303,0.30064605445316106,0.8276740971945464
1304,0.3008767881864329,0.8278272292335546
1305,0.30110752191970463,0.8279803407271191
1306,0.30133825565297645,0.8281333700389096
1307,0.30156898938624827,0.828286355976986
1308,0.3017997231195201,0.8284392426120853
1309,0.3020304568527919,0.8285919317826442
1310,0.30226119058606365,0.8287445935592785
1311,0.30249192431933547,0.8288969939522147
1312,0.3027226580526073,0.829049221991708
1313,0.3029533917858791,0.8292012091929468
1314,0.3031841255191509,0.8293528516873
1315,0.30341485925242273,0.8295043355251727
1316,0.3036455929856945,0.8296555545551066
1317,0.3038763267189663,0.8298067347769806
1318,0.3041070604522381,0.8299578761907946
1319,0.30433779418550994,0.8301086066957384
1320,0.30456852791878175,0.8302592630088027
1321,0.3047992616520535,0.8304098371400929
1322,0.3050299953853253,0.8305602320694592
1323,0.30526072911859714,0.8307104500797285
1324,0.30549146285186896,0.8308606406960732
1325,0.30572219658514077,0.8310107148882379
1326,0.30595293031841253,0.8311607742420268
1327,0.30618366405168435,0.8313108073433044
1328,0.30641439778495616,0.8314608404445821
1329,0.306645131518228,0.8316107708186422
1330,0.3068758652514998,0.8317604535059667
1331,0.30710659898477155,0.8319099330216829
1332,0.30733733271804337,0.8320593600323768
1333,0.3075680664513152,0.8322087265481538
1334,0.307798800184587,0.8323580782255547
1335,0.3080295339178588,0.8325070703576943
1336,0.30826026765113057,0.8326559974292628
1337,0.3084910013844024,0.8328048423190572
1338,0.3087217351176742,0.8329536723704755
1339,0.308952468850946,0.8331024579067664
1340,0.30918320258421783,0.8332512308875084
1341,0.3094139363174896,0.8333995267573954
1342,0.3096446700507614,0.8335476673950425
1343,0.3098754037840332,0.8336956448105551
1344,0.31010613751730504,0.8338435571654965
1345,0.31033687125057685,0.8339914147325885
1346,0.31056760498384867,0.8341392620269588
1347,0.3107983387171204,0.834286850220458
1348,0.31102907245039224,0.834434172464605
1349,0.31125980618366406,0.8345813577391287
1350,0.31149053991693587,0.8347282234178642
1351,0.3117212736502077,0.8348750400158181
1352,0.31195200738347945,0.8350218337855014
1353,0.31218274111675126,0.8351685099895912
1354,0.3124134748500231,0.8353147889817731
1355,0.3126442085832949,0.8354610645497144
1356,0.3128749423165667,0.8356072841883927
1357,0.31310567604983847,0.835753482140214
1358,0.3133364097831103,0.8358993262538414
1359,0.3135671435163821,0.8360445836809152
1360,0.3137978772496539,0.8361895420576443
1361,0.3140286109829257,0.8363344833131705
1362,0.3142593447161975,0.8364793401040956
1363,0.3144900784494693,0.8366241831980584
1364,0.3147208121827411,0.8367689943324423
1365,0.31495154591601293,0.8369136856184058
1366,0.31518227964928475,0.8370583392377229
1367,0.3154130133825565,0.8372029529075663
1368,0.3156437471158283,0.8373474821128086
1369,0.31587448084910014,0.837491994196848
1370,0.31610521458237195,0.8376362905537307
1371,0.31633594831564377,0.837780359769321
1372,0.3165666820489155,0.837924381045543
1373,0.31679741578218734,0.8380682973117206
1374,0.31702814951545916,0.8382120651941394
1375,0.31725888324873097,0.8383556618645288
1376,0.3174896169820028,0.8384992368480612
1377,0.31772035071527455,0.8386427707407065
1378,0.31795108444854636,0.8387860854819543
1379,0.3181818181818182,0.838929332879804
1380,0.31841255191509,0.839072393085835
1381,0.3186432856483618,0.8392151565243485
1382,0.3188740193816336,0.8393575695489087
1383,0.3191047531149054,0.8394999608866119
1384,0.3193354868481772,0.8396421730223911
1385,0.319566220581449,0.8397843817339297
1386,0.3197969543147208,0.8399264683142207
1387,0.32002768804799264,0.8400685354904815
1388,0.3202584217812644,0.840210594676848
1389,0.3204891555145362,0.8403523924795162
1390,0.32071988924780803,0.8404939505853434
1391,0.32095062298107985,0.8406354984184488
1392,0.32118135671435166,0.8407769629283667
1393,0.3214120904476234,0.8409183235696535
1394,0.32164282418089524,0.8410596134433014
1395,0.32187355791416705,0.8412008667917165
1396,0.32210429164743887,0.8413420071401922
1397,0.3223350253807107,0.8414831178119161
1398,0.32256575911398244,0.8416238951908898
1399,0.32279649284725426,0.8417645378830669
1400,0.3230272265805261,0.8419051029591242
1401,0.3232579603137979,0.8420456463483245
1402,0.3234886940470697,0.8421857468690755
1403,0.32371942778034146,0.842325785753496
1404,0.3239501615136133,0.8424656557087143
1405,0.3241808952468851,0.8426053715731063
1406,0.3244116289801569,0.842744702781139
1407,0.3246423627134287,0.8428839849083901
1408,0.3248730964467005,0.8430231688740777
1409,0.3251038301799723,0.8431619442137219
1410,0.3253345639132441,0.843300593997878
1411,0.3255652976465159,0.8434392083982148
1412,0.32579603137978774,0.8435776801218605
1413,0.3260267651130595,0.8437161153202732
1414,0.3262574988463313,0.8438545299732425
1415,0.32648823257960313,0.8439924241416425
1416,0.32671896631287495,0.8441302566737122
1417,0.32694970004614676,0.8442678107008809
1418,0.3271804337794186,0.8444049503949385
1419,0.32741116751269034,0.8445420410082145
1420,0.32764190124596215,0.8446790996619116
1421,0.32787263497923397,0.8448161400529922
1422,0.3281033687125058,0.8449530434744494
1423,0.3283341024457776,0.8450898281888999
1424,0.32856483617904936,0.8452265957821471
1425,0.3287955699123212,0.8453633382642968
1426,0.329026303645593,0.845500057918176
1427,0.3292570373788648,0.8456367330569274
1428,0.3294877711121366,0.845773391074476
1429,0.3297185048454084,0.8459100296879947
1430,0.3299492385786802,0.8460465804126716
1431,0.330179972311952,0.8461830980363562
1432,0.3304107060452238,0.8463196042459054
1433,0.33064143977849564,0.8464561058898006
1434,0.3308721735117674,0.8465924739883127
1435,0.3311029072450392,0.8467286811475175
1436,0.33133364097831103,0.8468646383371595
1437,0.33156437471158284,0.847000199456307
1438,0.33179510844485466,0.8471356110502822
1439,0.3320258421781264,0.8472710146543628
1440,0.33225657591139823,0.8474063931473458
1441,0.33248730964467005,0.8475413173577443
1442,0.33271804337794186,0.8476759915985801
1443,0.3329487771112137,0.8478105140314164
1444,0.33317951084448544,0.8479446552321342
1445,0.33341024457775725,0.8480786971298752
1446,0.33364097831102907,0.848212598633752
1447,0.3338717120443009,0.8483464476326065
1448,0.3341024457775727,0.8484801984698975
1449,0.33433317951084446,0.8486137370042721
1450,0.3345639132441163,0.8487471522659857
1451,0.3347946469773881,0.8488803289722718
1452,0.3350253807106599,0.8490133139210851
1453,0.3352561144439317,0.8491462372335679
1454,0.33548684817720353,0.8492790349905625
1455,0.3357175819104753,0.8494118076364594
1456,0.3359483156437471,0.8495442195956813
1457,0.3361790493770189,0.849676568777159
1458,0.33640978311029074,0.8498088871404715
1459,0.33664051684356255,0.8499411895239948
1460,0.3368712505768343,0.850073455382285
1461,0.33710198431010613,0.8502054712710123
1462,0.33733271804337794,0.8503374597658151
1463,0.33756345177664976,0.850469232533461
1464,0.3377941855099216,0.8506009082809568
1465,0.33802491924319333,0.8507317747662609
1466,0.33825565297646515,0.8508625624940315
1467,0.33848638670973696,0.8509933228278773
1468,0.3387171204430088,0.8511238548790175
1469,0.3389478541762806,0.8512543492635112
1470,0.33917858790955235,0.8513848116884261
1471,0.33940932164282417,0.8515152615577921
1472,0.339640055376096,0.8516456589221358
1473,0.3398707891093678,0.8517759215996833
1474,0.3401015228426396,0.8519061488934112
1475,0.3403322565759114,0.8520363099851546
1476,0.3405629903091832,0.8521664550971085
1477,0.340793724042455,0.852296545421213
1478,0.3410244577757268,0.8524266220483553
1479,0.34125519150899863,0.8525565149079193
1480,0.3414859252422704,0.8526861372524771
1481,0.3417166589755422,0.8528156922536367
1482,0.341947392708814,0.8529451605073681
1483,0.34217812644208584,0.8530745111955061
1484,0.34240886017535765,0.8532038413382005
1485,0.3426395939086294,0.8533330653294368
1486,0.34287032764190123,0.8534622881792595
1487,0.34310106137517304,0.8535914996149471
1488,0.34333179510844486,0.8537206939294315
1489,0.3435625288417167,0.8538498517186831
1490,0.3437932625749885,0.8539787332858607
1491,0.34402399630826025,0.8541074516309038
1492,0.34425473004153206,0.8542360170265341
1493,0.3444854637748039,0.8543645401898636
1494,0.3447161975080757,0.8544929572017352
1495,0.3449469312413475,0.8546212361025698
1496,0.34517766497461927,0.854749363195405
1497,0.3454083987078911,0.8548774765912778
1498,0.3456391324411629,0.85500558656291
1499,0.3458698661744347,0.8551336063628736
1500,0.34610059990770653,0.8552616033345666
1501,0.3463313336409783,0.8553895420941695
1502,0.3465620673742501,0.8555173507326302
1503,0.3467928011075219,0.8556451308357528
1504,0.34702353484079373,0.8557728995247399
1505,0.34725426857406555,0.855900622557186
1506,0.3474850023073373,0.8560283250441885
1507,0.3477157360406091,0.8561558357737182
1508,0.34794646977388094,0.8562832825840904
1509,0.34817720350715275,0.8564107179803272
1510,0.34840793724042457,0.8565377515990019
1511,0.34863867097369633,0.8566646528137073
1512,0.34886940470696814,0.8567914090688945
1513,0.34910013844023996,0.8569180523241424
1514,0.3493308721735118,0.85704445930679
1515,0.3495616059067836,0.8571707601379793
1516,0.34979233964005535,0.8572970461307928
1517,0.35002307337332716,0.8574231403661334
1518,0.350253807106599,0.8575491604095946
1519,0.3504845408398708,0.8576749407562149
1520,0.3507152745731426,0.8578005989715874
1521,0.3509460083064144,0.8579261521769156
1522,0.3511767420396862,0.8580515684126202
1523,0.351407475772958,0.8581769504059189
1524,0.3516382095062298,0.8583023266921499
1525,0.35186894323950163,0.8584274621401264
1526,0.35209967697277345,0.8585525108406749
1527,0.3523304107060452,0.8586775047533738
1528,0.352561144439317,0.85880244273681
1529,0.35279187817258884,0.8589272768516149
1530,0.35302261190586065,0.8590519637240746
1531,0.35325334563913247,0.8591765364551815
1532,0.3534840793724042,0.8593009779237325
1533,0.35371481310567604,0.8594254079781484
1534,0.35394554683894786,0.8595494704974079
1535,0.35417628057221967,0.8596732111380524
1536,0.3544070143054915,0.8597969072635693
1537,0.35463774803876325,0.859920359126591
1538,0.35486848177203506,0.8600437185351169
1539,0.3550992155053069,0.8601670619638534
1540,0.3553299492385787,0.8602903894128006
1541,0.3555606829718505,0.8604136232658383
1542,0.35579141670512227,0.8605368514118084
1543,0.3560221504383941,0.8606600555880944
1544,0.3562528841716659,0.8607832529158992
1545,0.3564836179049377,0.86090640686999
1546,0.3567143516382095,0.8610295608240807
1547,0.3569450853714813,0.8611526314549838
1548,0.3571758191047531,0.861275646156624
1549,0.3574065528380249,0.8613981540706576
1550,0.35763728657129673,0.8615205546918193
1551,0.35786802030456855,0.8616429130806806
1552,0.3580987540378403,0.8617651618938431
1553,0.3583294877711121,0.8618873673332915
1554,0.35856022150438394,0.86200955336871
1555,0.35879095523765575,0.8621315841718885
1556,0.35902168897092757,0.8622535807326611
1557,0.3592524227041994,0.8623752725360216
1558,0.35948315643747114,0.862496964339382
1559,0.35971389017074296,0.8626185648296603
1560,0.35994462390401477,0.862740043188691
1561,0.3601753576372866,0.8628615021436915
1562,0.3604060913705584,0.8629829565330381
1563,0.36063682510383016,0.8631043972254223
1564,0.360867558837102,0.8632258322107388
1565,0.3610982925703738,0.8633471644688377
1566,0.3613290263036456,0.8634684681915985
1567,0.3615597600369174,0.8635895356417589
1568,0.3617904937701892,0.8637105893949568
1569,0.362021227503461,0.8638316077643354
1570,0.3622519612367328,0.8639525279721505
1571,0.3624826949700046,0.8640733602911238
1572,0.36271342870327644,0.8641941606505185
1573,0.3629441624365482,0.8643149290503342
1574,0.36317489616982,0.8644355125411584
1575,0.36340562990309183,0.864555971617908
1576,0.36363636363636365,0.8646763599270186
1577,0.36386709736963546,0.8647967413876482
1578,0.3640978311029072,0.8649169105453615
1579,0.36432856483617904,0.8650370500263229
1580,0.36455929856945085,0.8651570582447287
1581,0.36479003230272267,0.8652769203622027
1582,0.3650207660359945,0.8653967345403084
1583,0.36525149976926624,0.8655165110517679
1584,0.36548223350253806,0.8656362282097237
1585,0.36571296723580987,0.8657559042767925
1586,0.3659437009690817,0.8658754228287945
1587,0.3661744347023535,0.8659948797444659
1588,0.36640516843562526,0.8661143355187236
1589,0.3666359021688971,0.8662335424648321
1590,0.3668666359021689,0.8663527425624595
1591,0.3670973696354407,0.8664718444985234
1592,0.3673281033687125,0.8665909407275197
1593,0.36755883710198434,0.8667099056939602
1594,0.3677895708352561,0.8668288044584159
1595,0.3680203045685279,0.8669476952329771
1596,0.3682510383017997,0.8670665711691624
1597,0.36848177203507154,0.8671851023984619
1598,0.36871250576834336,0.8673035343247846
1599,0.3689432395016151,0.867421721988612
1600,0.36917397323488693,0.867539833177733
1601,0.36940470696815875,0.8676578153871253
1602,0.36963544070143056,0.8677757622126981
1603,0.3698661744347024,0.8678936987655492
1604,0.37009690816797414,0.8680116067830622
1605,0.37032764190124595,0.868129333315824
1606,0.37055837563451777,0.868247021040526
1607,0.3707891093677896,0.8683646870783708
1608,0.3710198431010614,0.8684822983283662
1609,0.37125057683433316,0.8685998799016099
1610,0.37148131056760497,0.868717281131516
1611,0.3717120443008768,0.8688346184422646
1612,0.3719427780341486,0.8689518918338557
1613,0.3721735117674204,0.8690690488012667
1614,0.3724042455006922,0.8691860939101519
1615,0.372634979233964,0.8693031390190371
1616,0.3728657129672358,0.8694200311785095
1617,0.3730964467005076,0.8695368000653209
1618,0.37332718043377944,0.8696534673663281
1619,0.3735579141670512,0.8697700718895912
1620,0.373788647900323,0.8698866672815462
1621,0.3740193816335948,0.870003260390674
1622,0.37425011536686664,0.8701196297827503
1623,0.37448084910013846,0.8702359067203307
1624,0.3747115828334102,0.8703521516983322
1625,0.37494231656668203,0.8704683110703192
1626,0.37517305029995385,0.8705842946646228
1627,0.37540378403322566,0.8707001812387765
1628,0.3756345177664975,0.8708158075706455
1629,0.3758652514997693,0.8709313186197482
1630,0.37609598523304105,0.8710468182547156
1631,0.37632671896631287,0.8711621695059242
1632,0.3765574526995847,0.8712774910803811
1633,0.3767881864328565,0.8713927943922215
1634,0.3770189201661283,0.8715080315020775
1635,0.3772496538994001,0.8716232629048656
1636,0.3774803876326719,0.8717383790248873
1637,0.3777111213659437,0.871853478023706
1638,0.3779418550992155,0.8719684160832174
1639,0.37817258883248733,0.8720833335972852
1640,0.3784033225657591,0.8721980171215795
1641,0.3786340562990309,0.8723126584135734
1642,0.3788647900323027,0.8724271490389814
1643,0.37909552376557454,0.8725415540583749
1644,0.37932625749884635,0.8726557262294083
1645,0.3795569912321181,0.872769885844893
1646,0.37978772496538993,0.8728836003091016
1647,0.38001845869866174,0.8729972965106937
1648,0.38024919243193356,0.8731108192174294
1649,0.3804799261652054,0.8732241821262711
1650,0.38071065989847713,0.8733374913886769
1651,0.38094139363174895,0.8734506203077452
1652,0.38117212736502076,0.8735637206914754
1653,0.3814028610982926,0.8736767468833261
1654,0.3816335948315644,0.8737895025601705
1655,0.38186432856483615,0.8739021714895868
1656,0.38209506229810797,0.8740148301462812
1657,0.3823257960313798,0.8741272491061347
1658,0.3825565297646516,0.8742396292579283
1659,0.3827872634979234,0.8743517640058132
1660,0.3830179972311952,0.8744638941880438
1661,0.383248730964467,0.8745759889864552
1662,0.3834794646977388,0.8746880598151824
1663,0.3837101984310106,0.8748001066742256
1664,0.38394093216428243,0.8749121375534792
1665,0.38417166589755425,0.8750241307660865
1666,0.384402399630826,0.8751360246757168
1667,0.3846331333640978,0.8752478409692271
1668,0.38486386709736964,0.8753596150304369
1669,0.38509460083064145,0.8754712372836474
1670,0.38532533456391327,0.8755828412742414
1671,0.38555606829718503,0.8756943813456778
1672,0.38578680203045684,0.8758057308010548
1673,0.38601753576372866,0.8759170597109885
1674,0.3862482694970005,0.8760282950250128
1675,0.3864790032302723,0.8761395280562099
1676,0.38670973696354405,0.8762507496732718
1677,0.38694047069681586,0.8763619279166195
1678,0.3871712044300877,0.8764730833316967
1679,0.3874019381633595,0.8765840549791959
1680,0.3876326718966313,0.8766949729802591
1681,0.38786340562990307,0.8768058886984954
1682,0.3880941393631749,0.8769167861541152
1683,0.3883248730964467,0.8770273959735256
1684,0.3885556068297185,0.8771377250052081
1685,0.38878634056299033,0.8772479410369511
1686,0.3890170742962621,0.8773580703212662
1687,0.3892478080295339,0.8774681847672052
1688,0.3894785417628057,0.8775781588192803
1689,0.38970927549607753,0.8776880073158672
1690,0.38994000922934935,0.8777978329841835
1691,0.3901707429626211,0.8779075787535529
1692,0.3904014766958929,0.878017041452367
1693,0.39063221042916474,0.8781263854441742
1694,0.39086294416243655,0.878235694052162
1695,0.39109367789570837,0.8783449330339246
1696,0.3913244116289802,0.8784539654198384
1697,0.39155514536225194,0.8785629589976923
1698,0.39178587909552376,0.8786718977876969
1699,0.3920166128287956,0.878780798911055
1700,0.3922473465620674,0.8788895870344736
1701,0.3924780802953392,0.8789981377438785
1702,0.39270881402861096,0.8791066781805614
1703,0.3929395477618828,0.8792151535566733
1704,0.3931702814951546,0.8793234873975077
1705,0.3934010152284264,0.8794317938444174
1706,0.3936317489616982,0.8795400546347858
1707,0.39386248269497,0.8796482903140567
1708,0.3940932164282418,0.8797565248519139
1709,0.3943239501615136,0.8798647365615007
1710,0.39455468389478543,0.8799726663419458
1711,0.39478541762805724,0.8800804625770082
1712,0.395016151361329,0.8801882234282512
1713,0.3952468850946008,0.880295783390713
1714,0.39547761882787263,0.8804033342218667
1715,0.39570835256114445,0.8805107035682692
1716,0.39593908629441626,0.8806179713288678
1717,0.396169820027688,0.8807251922915117
1718,0.39640055376095984,0.8808324075470878
1719,0.39663128749423165,0.8809394253381236
1720,0.39686202122750347,0.8810462707757165
1721,0.3970927549607753,0.881152998647716
1722,0.39732348869404704,0.8812596774389337
1723,0.39755422242731886,0.8813663448160162
1724,0.3977849561605907,0.8814729094658811
1725,0.3980156898938625,0.8815793999238666
1726,0.3982464236271343,0.8816858766848897
1727,0.39847715736040606,0.8817921993550866
1728,0.3987078910936779,0.8818983976112086
1729,0.3989386248269497,0.8820043276351516
1730,0.3991693585602215,0.8821102279823427
1731,0.3994000922934933,0.8822159057538957
1732,0.39963082602676514,0.8823215721113136
1733,0.3998615597600369,0.8824272339030773
1734,0.4000922934933087,0.8825328546039539
1735,0.40032302722658053,0.8826384182341541
1736,0.40055376095985235,0.8827439533290161
1737,0.40078449469312416,0.8828493525956682
1738,0.4010152284263959,0.8829546514179297
1739,0.40124596215966774,0.883059934260402
1740,0.40147669589293955,0.8831651862847089
1741,0.40170742962621137,0.8832704360261886
1742,0.4019381633594832,0.8833756606565708
1743,0.40216889709275494,0.8834807289132995
1744,0.40239963082602676,0.8835857503720737
1745,0.40263036455929857,0.8836907159015848
1746,0.4028610982925704,0.8837955204917884
1747,0.4030918320258422,0.8839003250819921
1748,0.40332256575911396,0.8840050691772787
1749,0.4035532994923858,0.8841097756059189
1750,0.4037840332256576,0.8842144512163939
1751,0.4040147669589294,0.884319019533997
1752,0.4042455006922012,0.8844234737102473
1753,0.404476234425473,0.8845279050582271
1754,0.4047069681587448,0.8846323090122822
1755,0.4049377018920166,0.8847365976835708
1756,0.4051684356252884,0.8848408703750701
1757,0.40539916935856024,0.884945103117096
1758,0.405629903091832,0.88504924797028
1759,0.4058606368251038,0.8851533654295393
1760,0.40609137055837563,0.8852574623433551
1761,0.40632210429164745,0.8853615524086899
1762,0.40655283802491926,0.8854655648579046
1763,0.406783571758191,0.8855695647515706
1764,0.40701430549146284,0.8856734333826807
1765,0.40724503922473465,0.885777214124949
1766,0.40747577295800647,0.8858809069783757
1767,0.4077065066912783,0.8859844445995626
1768,0.4079372404245501,0.8860877995945847
1769,0.40816797415782186,0.8861911271956823
1770,0.40839870789109367,0.8862944296856822
1771,0.4086294416243655,0.8863976020545398
1772,0.4088601753576373,0.8865004673831581
1773,0.4090909090909091,0.886603331570363
1774,0.4093216428241809,0.8867061957575679
1775,0.4095523765574527,0.8868088807428488
1776,0.4097831102907245,0.8869115634453026
1777,0.4100138440239963,0.8870140349862536
1778,0.41024457775726814,0.8871164905474153
1779,0.4104753114905399,0.8872188365328781
1780,0.4107060452238117,0.8873210626699204
1781,0.4109367789570835,0.8874232340191134
1782,0.41116751269035534,0.8875253231865322
1783,0.41139824642362716,0.8876273187580418
1784,0.4116289801568989,0.8877291899154767
1785,0.41185971389017073,0.8878309035578447
1786,0.41209044762344255,0.8879325863820474
1787,0.41232118135671436,0.8880342109941601
1788,0.4125519150899862,0.8881358298992053
1789,0.41278264882325794,0.8882374077133632
1790,0.41301338255652975,0.8883389855275213
1791,0.41324411628980157,0.8884404845841458
1792,0.4134748500230734,0.8885419083074776
1793,0.4137055837563452,0.8886432258793511
1794,0.41393631748961696,0.8887442946230754
1795,0.41416705122288877,0.8888453314072209
1796,0.4143977849561606,0.8889463510701634
1797,0.4146285186894324,0.88904731708667
1798,0.4148592524227042,0.889148234022395
1799,0.415089986155976,0.8892490379581806
1800,0.4153207198892478,0.889349738025335
1801,0.4155514536225196,0.8894504289611813
1802,0.4157821873557914,0.889550995482953
1803,0.41601292108906324,0.889651536893627
1804,0.41624365482233505,0.8897518808397605
1805,0.4164743885556068,0.8898520330284212
1806,0.4167051222888786,0.889952068792902
1807,0.41693585602215044,0.8900520566180146
1808,0.41716658975542226,0.890151897200782
1809,0.41739732348869407,0.8902517240865871
1810,0.41762805722196583,0.8903514539522421
1811,0.41785879095523765,0.890450932706921
1812,0.41808952468850946,0.8905502493808787
1813,0.4183202584217813,0.8906495626305958
1814,0.4185509921550531,0.8907488507692154
1815,0.41878172588832485,0.8908481263522862
1816,0.41901245962159667,0.890947367692951
1817,0.4192431933548685,0.8910464983165034
1818,0.4194739270881403,0.8911455558895902
1819,0.4197046608214121,0.8912445598162411
1820,0.41993539455468387,0.8913435329247266
1821,0.4201661282879557,0.89144241472013
1822,0.4203968620212275,0.8915412154751727
1823,0.4206275957544993,0.891639954593885
1824,0.42085832948777113,0.8917386708843266
1825,0.4210890632210429,0.8918373666293248
1826,0.4213197969543147,0.8919359231218724
1827,0.4215505306875865,0.892034300412496
1828,0.42178126442085834,0.8921325087739174
1829,0.42201199815413015,0.8922306840343465
1830,0.4222427318874019,0.8923288124968208
1831,0.4224734656206737,0.8924268998684081
1832,0.42270419935394554,0.8925249781086873
1833,0.42293493308721736,0.8926228326319147
1834,0.4231656668204892,0.8927206061147817
1835,0.423396400553761,0.892818199254311
1836,0.42362713428703275,0.8929157889695999
1837,0.42385786802030456,0.8930133764020617
1838,0.4240886017535764,0.8931109615516964
1839,0.4243193354868482,0.8932084063074671
1840,0.42455006922012,0.8933058133965914
1841,0.42478080295339177,0.893403078950438
1842,0.4250115366866636,0.8935002143831424
1843,0.4252422704199354,0.8935970313614724
1844,0.4254730041532072,0.8936936805520136
1845,0.42570373788647903,0.8937903263183142
1846,0.4259344716197508,0.8938868488119537
1847,0.4261652053530226,0.8939833610328716
1848,0.4263959390862944,0.8940797944962557
1849,0.42662667281956623,0.8941760704445731
1850,0.42685740655283805,0.8942722973121087
1851,0.4270881402861098,0.8943685184725766
1852,0.4273188740193816,0.894464699683571
1853,0.42754960775265344,0.8945608637733625
1854,0.42778034148592525,0.8946569034490794
1855,0.42801107521919707,0.8947529191551122
1856,0.4282418089524688,0.8948489325783179
1857,0.42847254268574064,0.8949449345873883
1858,0.42870327641901246,0.8950407151622343
1859,0.4289340101522843,0.8951363085452614
1860,0.4291647438855561,0.8952318562717474
1861,0.42939547761882785,0.8953273686144141
1862,0.42962621135209966,0.8954227976338931
1863,0.4298569450853715,0.8955181946937933
1864,0.4300876788186433,0.8956134536426567
1865,0.4303184125519151,0.895708661227911
1866,0.43054914628518687,0.8958038300051057
1867,0.4307798800184587,0.8958989942166459
1868,0.4310106137517305,0.8959940602666229
1869,0.4312413474850023,0.8960890703873369
1870,0.43147208121827413,0.8961839195687433
1871,0.43170281495154594,0.8962787436390522
1872,0.4319335486848177,0.896373233275197
1873,0.4321642824180895,0.8964676863861092
1874,0.43239501615136133,0.8965620276384952
1875,0.43262574988463315,0.896656367749468
1876,0.43285648361790496,0.8967505823049525
1877,0.4330872173511767,0.8968447295170389
1878,0.43331795108444854,0.8969387785675617
1879,0.43354868481772035,0.8970327648403404
1880,0.43377941855099217,0.8971266438202476
1881,0.434010152284264,0.8972203652850878
1882,0.43424088601753574,0.8973138801540791
1883,0.43447161975080756,0.8974073413766348
1884,0.4347023534840794,0.8975006930234916
1885,0.4349330872173512,0.8975939156906196
1886,0.435163820950623,0.8976870550345601
1887,0.43539455468389476,0.8977801681259895
1888,0.4356252884171666,0.89787322985381
1889,0.4358560221504384,0.8979662390766083
1890,0.4360867558837102,0.8980592323196172
1891,0.436317489616982,0.8981522084414231
1892,0.4365482233502538,0.8982451195026578
1893,0.4367789570835256,0.8983379757760431
1894,0.4370096908167974,0.8984308274837745
1895,0.43724042455006923,0.8985236369592051
1896,0.43747115828334104,0.8986164338790871
1897,0.4377018920166128,0.898709053879872
1898,0.4379326257498846,0.8988015768605071
1899,0.43816335948315643,0.8988940964169014
1900,0.43839409321642825,0.8989865166703189
1901,0.43862482694970006,0.8990788855601275
1902,0.4388555606829718,0.8991711825408839
1903,0.43908629441624364,0.8992633596732197
1904,0.43931702814951545,0.8993554226642025
1905,0.43954776188278727,0.8994474673925691
1906,0.4397784956160591,0.8995394813027703
1907,0.4400092293493309,0.8996313068797392
1908,0.44023996308260266,0.8997230788102725
1909,0.4404706968158745,0.8998145927813481
1910,0.4407014305491463,0.8999060782170856
1911,0.4409321642824181,0.8999974586427784
1912,0.4411628980156899,0.9000887991189976
1913,0.4413936317489617,0.900180100787157
1914,0.4416243654822335,0.9002713545159481
1915,0.4418550992155053,0.900362523780138
1916,0.4420858329487771,0.9004536485292004
1917,0.44231656668204894,0.9005447287631352
1918,0.4425473004153207,0.900635588704259
1919,0.4427780341485925,0.9007263447767515
1920,0.44300876788186433,0.900817035788673
1921,0.44323950161513614,0.9009076617400233
1922,0.44347023534840796,0.9009980742470438
1923,0.4437009690816797,0.9010883383703057
1924,0.44393170281495153,0.9011784974835226
1925,0.44416243654822335,0.9012686451826045
1926,0.44439317028149516,0.9013587027100176
1927,0.444623904014767,0.9014486894697918
1928,0.44485463774803874,0.9015386419871603
1929,0.44508537148131055,0.9016285682520175
1930,0.44531610521458237,0.9017184659815366
1931,0.4455468389478542,0.901808340882785
1932,0.445777572681126,0.9018981872486953
1933,0.44600830641439776,0.9019879868166509
1934,0.4462390401476696,0.9020777635563358
1935,0.4464697738809414,0.9021673165789693
1936,0.4467005076142132,0.9022568559046403
1937,0.446931241347485,0.9023463803919355
1938,0.4471619750807568,0.902435879768133
1939,0.4473927088140286,0.9025253551746464
1940,0.4476234425473004,0.9026145886014918
1941,0.4478541762805722,0.9027037740889688
1942,0.44808491001384404,0.9027929504451379
1943,0.44831564374711586,0.9028820982659685
1944,0.4485463774803876,0.902971195864604
1945,0.44877711121365943,0.9030602752006229
1946,0.44900784494693124,0.903149294041725
1947,0.44923857868020306,0.9032382752161805
1948,0.4494693124134749,0.9033272289967113
1949,0.44970004614674663,0.9034161382621144
1950,0.44993077988001845,0.9035050144265253
1951,0.45016151361329027,0.9035938734697333
1952,0.4503922473465621,0.9036826754422648
1953,0.4506229810798339,0.9037714317582551
1954,0.45085371481310565,0.9038601800843508
1955,0.45108444854637747,0.9039488953094541
1956,0.4513151822796493,0.9040376059689033
1957,0.4515459160129211,0.9041262960829091
1958,0.4517766497461929,0.9042149667928847
1959,0.4520073834794647,0.9043035336342293
1960,0.4522381172127365,0.9043920902028522
1961,0.4524688509460083,0.9044806113876556
1962,0.4526995846792801,0.9045691234411508
1963,0.45293031841255194,0.9046576035350673
1964,0.4531610521458237,0.9047460516694048
1965,0.4533917858790955,0.9048344952380883
1966,0.4536225196123673,0.9049228395037949
1967,0.45385325334563914,0.9050110741938026
1968,0.45408398707891096,0.9050991810454951
1969,0.4543147208121827,0.9051872810487065
1970,0.45454545454545453,0.905275303435798
1971,0.45477618827872635,0.9053632036916418
1972,0.45500692201199816,0.905451095957591
1973,0.45523765574527,0.905538903758939
1974,0.45546838947854174,0.9056265917118664
1975,0.45569912321181355,0.9057142614021775
1976,0.45592985694508537,0.9058016503047605
1977,0.4561605906783572,0.9058890312174488
1978,0.456391324411629,0.905976388160453
1979,0.4566220581449008,0.9060637428206301
1980,0.45685279187817257,0.9061509057233346
1981,0.4570835256114444,0.9062380275351517
1982,0.4573142593447162,0.9063250477611651
1983,0.457544993077988,0.9064119937952988
1984,0.45777572681125983,0.9064989318395381
1985,0.4580064605445316,0.9065858607524689
1986,0.4582371942778034,0.906672513443326
1987,0.4584679280110752,0.9067591375988447
1988,0.45869866174434704,0.9068456898453112
1989,0.45892939547761885,0.9069321621928307
1990,0.4591601292108906,0.9070186197019743
1991,0.4593908629441624,0.9071048820294044
1992,0.45962159667743424,0.9071910439124441
1993,0.45985233041070606,0.9072771955227621
1994,0.46008306414397787,0.9073633311532905
1995,0.46031379787724963,0.9074494291171725
1996,0.46054453161052145,0.9075353318993412
1997,0.46077526534379326,0.907621219843134
1998,0.4610059990770651,0.9077071032212727
1999,0.4612367328103369,0.9077927092359238
2000,0.46146746654360865,0.9078782901394774
2001,0.46169820027688047,0.9079637934269111
2002,0.4619289340101523,0.9080492704618335
2003,0.4621596677434241,0.9081347052644554
2004,0.4623904014766959,0.9082200613095438
2005,0.46262113520996767,0.9083054139303917
2006,0.4628518689432395,0.9083907277431795
2007,0.4630826026765113,0.908475971929742
2008,0.4633133364097831,0.9085611624698688
2009,0.46354407014305493,0.9086462571312592
2010,0.46377480387632675,0.9087312992876273
2011,0.4640055376095985,0.9088163414439953
2012,0.4642362713428703,0.9089013596306791
2013,0.46446700507614214,0.9089862271507773
2014,0.46469773880941395,0.9090710467315073
2015,0.46492847254268577,0.9091556551507344
2016,0.4651592062759575,0.9092402281861421
2017,0.46538994000922934,0.9093247829589334
2018,0.46562067374250116,0.9094093365903112
2019,0.46585140747577297,0.9094936824844267
2020,0.4660821412090448,0.9095779872876552
2021,0.46631287494231655,0.9096619565153062
2022,0.46654360867558836,0.9097458435611832
2023,0.4667743424088602,0.9098297306070603
2024,0.467005076142132,0.9099135982489072
2025,0.4672358098754038,0.9099973928402885
2026,0.46746654360867557,0.9100809968156104
2027,0.4676972773419474,0.9101645665485263
2028,0.4679280110752192,0.9102481260087206
2029,0.468158744808491,0.9103316660648849
2030,0.4683894785417628,0.9104152061210491
2031,0.4686202122750346,0.9104987005206723
2032,0.4688509460083064,0.9105821218698296
2033,0.4690816797415782,0.9106654907139646
2034,0.46931241347485003,0.9107487305783708
2035,0.46954314720812185,0.9108318631499054
2036,0.4697738809413936,0.9109149763174099
2037,0.4700046146746654,0.9109978486466599
2038,0.47023534840793724,0.91108068216785
2039,0.47046608214120905,0.9111635145476265
2040,0.47069681587448087,0.9112463400789217
2041,0.4709275496077526,0.9113291587617359
2042,0.47115828334102444,0.9114119317880088
2043,0.47138901707429626,0.9114946968243872
2044,0.47161975080756807,0.911577421911292
2045,0.4718504845408399,0.9116599700790998
2046,0.4720812182741117,0.9117423732873896
2047,0.47231195200738346,0.91182474111186
2048,0.4725426857406553,0.9119069822394285
2049,0.4727734194739271,0.9119891423266366
2050,0.4730041532071989,0.9120712989896042
2051,0.4732348869404707,0.9121532616122718
2052,0.4734656206737425,0.9122351523258871
2053,0.4736963544070143,0.912316942595112
2054,0.4739270881402861,0.9123987077532391
2055,0.4741578218735579,0.9124804557901633
2056,0.47438855560682974,0.912562180998817
2057,0.4746192893401015,0.9126437875004637
2058,0.4748500230733733,0.9127253323657798
2059,0.47508075680664513,0.9128067014534126
2060,0.47531149053991695,0.9128880614097371
2061,0.47554222427318876,0.9129694190832345
2062,0.4757729580064605,0.9130507447971531
2063,0.47600369173973234,0.9131320590969365
2064,0.47623442547300415,0.9132133608411711
2065,0.47646515920627597,0.913294656878338
2066,0.4766958929395478,0.9133759152488584
2067,0.47692662667281954,0.9134571679123111
2068,0.47715736040609136,0.9135384125858693
2069,0.4773880941393632,0.9136196138857133
2070,0.477618827872635,0.9137006873472421
2071,0.4778495616059068,0.9137817596673574
2072,0.47808029533917856,0.9138627669269015
2073,0.4783110290724504,0.9139437365197992
2074,0.4785417628057222,0.9140245737087276
2075,0.478772496538994,0.9141053504027389
2076,0.4790032302722658,0.9141860586119385
2077,0.4792339640055376,0.9142667645383111
2078,0.4794646977388094,0.914347467040443
2079,0.4796954314720812,0.9144281158961391
2080,0.47992616520535303,0.9145087213781212
2081,0.48015689893862484,0.9145893200116221
2082,0.48038763267189666,0.9146698455946571
2083,0.4806183664051684,0.9147503289453915
2084,0.48084910013844023,0.914830810013299
2085,0.48107983387171205,0.9149111940610565
2086,0.48131056760498386,0.9149914890785587
2087,0.4815413013382557,0.9150717726819256
2088,0.48177203507152744,0.9151520551438791
2089,0.48200276880479925,0.9152322109089308
2090,0.48223350253807107,0.9153123381386443
2091,0.4824642362713429,0.9153923968835461
2092,0.4826949700046147,0.915472436224418
2093,0.48292570373788646,0.9155524333329891
2094,0.4831564374711583,0.9156324156031845
2095,0.4833871712044301,0.9157123864592446
2096,0.4836179049377019,0.9157922625779819
2097,0.4838486386709737,0.915872056514945
2098,0.4840793724042455,0.9159517933812317
2099,0.4843101061375173,0.9160315108434884
2100,0.4845408398707891,0.9161111700936552
2101,0.4847715736040609,0.9161908167882732
2102,0.48500230733733274,0.9162704360889664
2103,0.4852330410706045,0.9163499971775697
2104,0.4854637748038763,0.916429517175286
2105,0.48569450853714813,0.9165090063548369
2106,0.48592524227041994,0.9165884042213055
2107,0.48615597600369176,0.9166677804009173
2108,0.4863867097369635,0.916747040156349
2109,0.48661744347023533,0.9168262599623072
2110,0.48684817720350715,0.9169054523743407
2111,0.48707891093677896,0.9169845888571113
2112,0.4873096446700508,0.9170637150671602
2113,0.48754037840332254,0.917142797903495
2114,0.48777111213659435,0.9172218088307775
2115,0.48800184586986617,0.9173008163338193
2116,0.488232579603138,0.9173797713318389
2117,0.4884633133364098,0.917458567673378
2118,0.4886940470696816,0.91753731949978945
2119,0.4889247808029534,0.9176160279524868
2120,0.4891555145362252,0.9176947261324624
2121,0.489386248269497,0.9177733843629645
2122,0.4896169820027688,0.917852039169226
2123,0.48984771573604063,0.9179306665815629
2124,0.4900784494693124,0.9180092334989827
2125,0.4903091832025842,0.9180875458811856
2126,0.490539916935856,0.9181656665059156
2127,0.49077065066912784,0.9182437859892322
2128,0.49100138440239965,0.918321897482654
2129,0.4912321181356714,0.9183999587538807
2130,0.49146285186894323,0.9184779812170474
2131,0.49169358560221504,0.9185559922660788
2132,0.49192431933548686,0.9186339702141177
2133,0.4921550530687587,0.9187119435965025
2134,0.49238578680203043,0.9187898918677899
2135,0.49261652053530225,0.9188677830684007
2136,0.49284725426857406,0.9189456491579139
2137,0.4930779880018459,0.9190234832878483
2138,0.4933087217351177,0.9191011199532422
2139,0.49353945546838945,0.9191787383560197
2140,0.49377018920166127,0.9192563179507371
2141,0.4940009229349331,0.9193338712929435
2142,0.4942316566682049,0.9194114234937363
2143,0.4944623904014767,0.9194888672602439
2144,0.4946931241347485,0.9195662836328268
2145,0.4949238578680203,0.9196436726114849
2146,0.4951545916012921,0.9197209577215122
2147,0.4953853253345639,0.9197982302759904
2148,0.49561605906783573,0.9198754126587999
2149,0.4958467928011075,0.9199525493850682
2150,0.4960775265343793,0.9200296735557878
2151,0.4963082602676511,0.9201067532113798
2152,0.49653899400092294,0.9201838294427311
2153,0.49676972773419475,0.9202608406135114
2154,0.49700046146746657,0.9203378495014645
2155,0.49723119520073833,0.9204148401268012
2156,0.49746192893401014,0.9204918227622432
2157,0.49769266266728196,0.9205686695694753
2158,0.4979233964005538,0.9206454981140909
2159,0.4981541301338256,0.9207221965375643
2160,0.49838486386709735,0.9207988732741805
2161,0.49861559760036916,0.9208752772129635
2162,0.498846331333641,0.9209516503335812
2163,0.4990770650669128,0.9210279629592819
2164,0.4993077988001846,0.9211042733021554
2165,0.49953853253345637,0.9211805688066532
2166,0.4997692662667282,0.9212568563212562
2167,0.5,0.9213331187247616
2168,0.5002307337332718,0.9214093777040264
2169,0.5004614674665436,0.9214856286933966
2170,0.5006922011998154,0.9215616582485422
2171,0.5009229349330873,0.9216376604097629
2172,0.501153668666359,0.9217136534396756
2173,0.5013844023996308,0.92178954031813
2174,0.5016151361329027,0.9218653918127651
2175,0.5018458698661744,0.9219412113478215
2176,0.5020766035994463,0.922017001206126
2177,0.502307337332718,0.9220927693775735
2178,0.5025380710659898,0.9221685147207503
2179,0.5027688047992617,0.9222441436397473
2180,0.5029995385325334,0.9223197485890602
2181,0.5032302722658053,0.9223953192959672
2182,0.5034610059990771,0.9224708260837166
2183,0.5036917397323488,0.9225463100431954
2184,0.5039224734656207,0.9226216433360885
2185,0.5041532071988925,0.9226969149926509
2186,0.5043839409321643,0.9227721843663865
2187,0.5046146746654361,0.9228474503158813
2188,0.5048454083987078,0.9229226557704592
2189,0.5050761421319797,0.9229978338311123
2190,0.5053068758652515,0.9230730039018707
2191,0.5055376095985233,0.9231480974979227
2192,0.5057683433317951,0.9232231796798396
2193,0.5059990770650669,0.9232982321850045
2194,0.5062298107983387,0.9233732630033125
2195,0.5064605445316105,0.9234482881145528
2196,0.5066912782648824,0.9235233052358984
2197,0.5069220119981541,0.9235982607209134
2198,0.5071527457314259,0.9236732150645149
2199,0.5073834794646978,0.923748163701049
2200,0.5076142131979695,0.9238230689638687
2201,0.5078449469312414,0.9238979171560121
2202,0.5080756806645131,0.9239726420754943
2203,0.508306414397785,0.9240473590050818
2204,0.5085371481310568,0.9241219903286547
2205,0.5087678818643285,0.9241965680057919
2206,0.5089986155976004,0.9242711422586883
2207,0.5092293493308722,0.9243457142287578
2208,0.509460083064144,0.9244202759261054
2209,0.5096908167974158,0.9244947896840848
2210,0.5099215505306876,0.9245693011592373
2211,0.5101522842639594,0.9246438057859084
2212,0.5103830179972312,0.924718205402535
2213,0.510613751730503,0.9247924554939894
2214,0.5108444854637748,0.9248666964541356
2215,0.5110752191970466,0.9249409374142816
2216,0.5113059529303184,0.9250151760916007
2217,0.5115366866635902,0.9250892195872064
2218,0.5117674203968621,0.9251630599112038
2219,0.5119981541301338,0.9252368294675626
2220,0.5122288878634056,0.9253105602158613
2221,0.5124596215966775,0.9253842555803407
2222,0.5126903553299492,0.9254577968539938
2223,0.5129210890632211,0.9255311680570311
2224,0.5131518227964929,0.9256045381186547
2225,0.5133825565297646,0.9256779047560378
2226,0.5136132902630365,0.925751230302534
2227,0.5138440239963082,0.9258245113339024
2228,0.5140747577295801,0.9258977832339628
2229,0.5143054914628519,0.9259709820835571
2230,0.5145362251961236,0.9260441272867157
2231,0.5147669589293955,0.9261172644999796
2232,0.5149976926626673,0.9261903309456045
2233,0.5152284263959391,0.9262633688558916
2234,0.5154591601292109,0.9263363097460284
2235,0.5156898938624827,0.9264092483533383
2236,0.5159206275957545,0.9264820773849495
2237,0.5161513613290263,0.9265549052751471
2238,0.5163820950622982,0.9266277149027281
2239,0.5166128287955699,0.9267004800151817
2240,0.5168435625288417,0.9267731321276959
2241,0.5170742962621135,0.9268457420079095
2242,0.5173050299953853,0.9269182993831008
2243,0.5175357637286572,0.926990854475465
2244,0.5177664974619289,0.9270633810324911
2245,0.5179972311952007,0.9271358550844948
2246,0.5182279649284726,0.9272081031366197
2247,0.5184586986617443,0.9272802861281736
2248,0.5186894323950162,0.9273524542813517
2249,0.518920166128288,0.9274245996062591
2250,0.5191508998615597,0.9274967426483395
2251,0.5193816335948316,0.9275688799833522
2252,0.5196123673281033,0.9276410059042296
2253,0.5198431010613752,0.9277130941584607
2254,0.520073834794647,0.9277851561601805
2255,0.5203045685279187,0.927857161091224
2256,0.5205353022611906,0.9279289913859975
2257,0.5207660359944624,0.9280007611858541
2258,0.5209967697277342,0.9280724853291694
2259,0.521227503461006,0.9281441980583494
2260,0.5214582371942778,0.9282157795249737
2261,0.5216889709275496,0.9282873450118085
2262,0.5219197046608214,0.9283588979430946
2263,0.5221504383940933,0.9284304246218695
2264,0.522381172127365,0.9285019284723739
2265,0.5226119058606368,0.9285734209087428
2266,0.5228426395939086,0.9286448813855331
2267,0.5230733733271804,0.9287160975998282
2268,0.5233041070604523,0.9287872932686797
2269,0.523534840793724,0.9288584604021931
2270,0.5237655745269958,0.9289295887276465
2271,0.5239963082602677,0.9290006908005887
2272,0.5242270419935394,0.9290717871664632
2273,0.5244577757268113,0.9291428801080973
2274,0.524688509460083,0.929213925110363
2275,0.5249192431933549,0.9292849016278172
2276,0.5251499769266267,0.929355869013963
2277,0.5253807106598984,0.9294268284102141
2278,0.5256114443931703,0.9294977855236382
2279,0.5258421781264421,0.9295687004047617
2280,0.5260729118597139,0.9296396084374041
2281,0.5263036455929857,0.9297104217327236
2282,0.5265343793262575,0.929781193937156
2283,0.5267651130595293,0.9298518006366268
2284,0.5269958467928011,0.9299223993462029
2285,0.527226580526073,0.9299929489749972
2286,0.5274573142593447,0.9300634871896563
2287,0.5276880479926165,0.9301339865962553
2288,0.5279187817258884,0.9302044175180427
2289,0.5281495154591601,0.9302748187630784
2290,0.528380249192432,0.930345159513197
2291,0.5286109829257037,0.9304154877077666
2292,0.5288417166589755,0.9304857291549083
2293,0.5290724503922474,0.9305559420667117
2294,0.5293031841255191,0.9306261001906657
2295,0.529533917858791,0.9306960916682445
2296,0.5297646515920628,0.9307660352064552
2297,0.5299953853253345,0.9308358988457187
2298,0.5302261190586064,0.9309057602021553
2299,0.5304568527918782,0.9309756010131482
2300,0.53068758652515,0.9310454383999007
2301,0.5309183202584218,0.9311152461099015
2302,0.5311490539916935,0.9311849396785493
2303,0.5313797877249654,0.9312545670452125
2304,0.5316105214582372,0.9313241875633944
2305,0.531841255191509,0.9313937966674412
2306,0.5320719889247808,0.9314632847816537
2307,0.5323027226580526,0.9315326290777619
2308,0.5325334563913244,0.9316019026062312
2309,0.5327641901245962,0.9316710871044452
2310,0.5329949238578681,0.9317402339360128
2311,0.5332256575911398,0.9318093625049638
2312,0.5334563913244116,0.9318784899325016
2313,0.5336871250576835,0.9319476116529715
2314,0.5339178587909552,0.932016680868419
2315,0.5341485925242271,0.9320857432353856
2316,0.5343793262574988,0.932154805602352
2317,0.5346100599907706,0.9322238325854991
2318,0.5348407937240425,0.9322928470130974
2319,0.5350715274573142,0.9323618466023198
2320,0.5353022611905861,0.932430759444114
2321,0.5355329949238579,0.9324996677202542
2322,0.5357637286571296,0.9325685428954019
2323,0.5359944623904015,0.932637412363482
2324,0.5362251961236733,0.9327061836699987
2325,0.5364559298569451,0.932774907037147
2326,0.5366866635902169,0.9328435699093786
2327,0.5369173973234886,0.9329121996806176
2328,0.5371481310567605,0.9329807290074662
2329,0.5373788647900323,0.9330492355060442
2330,0.5376095985233041,0.9331177283076599
2331,0.5378403322565759,0.9331862211092755
2332,0.5380710659898477,0.9332547024967559
2333,0.5383017997231195,0.9333231758943416
2334,0.5385325334563913,0.9333916036353861
2335,0.5387632671896632,0.9334599743057541
2336,0.5389940009229349,0.9335283255720922
2337,0.5392247346562067,0.9335966688485356
2338,0.5394554683894786,0.9336650087007384
2339,0.5396862021227503,0.9337333302903249
2340,0.5399169358560222,0.9338016096476106
2341,0.5401476695892939,0.9338698890048964
2342,0.5403784033225658,0.9339381352611899
2343,0.5406091370558376,0.9340063347195287
2344,0.5408398707891093,0.9340744873799127
2345,0.5410706045223812,0.9341426126463722
2346,0.541301338255653,0.934210652306817
2347,0.5415320719889248,0.9342786611490965
2348,0.5417628057221966,0.9343466231934213
2349,0.5419935394554684,0.9344145658337161
2350,0.5422242731887402,0.9344823931912446
2351,0.542455006922012,0.9345501931548483
2352,0.5426857406552839,0.9346179931184521
2353,0.5429164743885556,0.9346857645467176
2354,0.5431472081218274,0.9347534469447278
2355,0.5433779418550992,0.9348211213528435
2356,0.543608675588371,0.9348886416701327
2357,0.5438394093216429,0.9349560912197831
2358,0.5440701430549146,0.9350234346179753
2359,0.5443008767881864,0.9350907780161677
2360,0.5445316105214583,0.935158087171954
2361,0.54476234425473,0.9352253666509888
2362,0.5449930779880019,0.9352926130290311
2363,0.5452238117212737,0.9353598251646676
2364,0.5454545454545454,0.9354269653912517
2365,0.5456852791878173,0.9354940953451142
2366,0.545916012921089,0.9355611134404508
2367,0.5461467466543609,0.9356280379398779
2368,0.5463774803876327,0.9356949008029747
2369,0.5466082141209044,0.9357616734944025
2370,0.5468389478541763,0.9358283891151541
2371,0.5470696815874481,0.9358950841904621
2372,0.5473004153207199,0.9359617507304319
2373,0.5475311490539917,0.9360284161289881
2374,0.5477618827872635,0.936095046143725
2375,0.5479926165205353,0.9361615448959061
2376,0.5482233502538071,0.9362280425066736
2377,0.548454083987079,0.9362944841881781
2378,0.5486848177203507,0.9363606918799093
2379,0.5489155514536225,0.9364268676120618
2380,0.5491462851868943,0.9364929554553725
2381,0.5493770189201661,0.936559036450202
2382,0.549607752653438,0.9366251128793776
2383,0.5498384863867097,0.9366909610258473
2384,0.5500692201199815,0.9367567361218511
2385,0.5502999538532534,0.9368224815411031
2386,0.5505306875865251,0.9368881847280548
2387,0.550761421319797,0.9369538628039087
2388,0.5509921550530688,0.9370195397383491
2389,0.5512228887863405,0.9370851527536319
2390,0.5514536225196124,0.9371507497891252
2391,0.5516843562528841,0.9372163445417916
2392,0.551915089986156,0.9372819210318414
2393,0.5521458237194278,0.9373474461582826
2394,0.5523765574526995,0.937412965577656
2395,0.5526072911859714,0.9374784142293906
2396,0.5528380249192432,0.9375438423356818
2397,0.553068758652515,0.9376092396238076
2398,0.5532994923857868,0.937674620932144
2399,0.5535302261190586,0.9377399737051424
2400,0.5537609598523304,0.9378051712459008
2401,0.5539916935856022,0.9378703413927344
2402,0.5542224273188741,0.9379354590345458
2403,0.5544531610521458,0.938000572110703
2404,0.5546838947854176,0.9380656475202137
2405,0.5549146285186894,0.9381306521620857
2406,0.5551453622519612,0.9381956134302436
2407,0.5553760959852331,0.9382605084964168
2408,0.5556068297185048,0.9383252677343802
2409,0.5558375634517766,0.9383899402249154
2410,0.5560682971850485,0.9384546104326235
2411,0.5562990309183202,0.938519257812061
2412,0.5565297646515921,0.9385837043027174
2413,0.5567604983848639,0.9386480731772541
2414,0.5569912321181357,0.9387123610114301
2415,0.5572219658514075,0.9387766397142978
2416,0.5574526995846792,0.9388408898818273
2417,0.5576834333179511,0.9389049882413575
2418,0.5579141670512229,0.9389689838736701
2419,0.5581449007844947,0.9390329566777122
2420,0.5583756345177665,0.9390968724110779
2421,0.5586063682510383,0.9391607767303083
2422,0.5588371019843101,0.9392246399586516
2423,0.5590678357175819,0.9392884917728596
2424,0.5592985694508538,0.9393522922234588
2425,0.5595293031841255,0.9394160629973064
2426,0.5597600369173973,0.9394797903974398
2427,0.5599907706506692,0.9395435143733325
2428,0.5602215043839409,0.939607161874519
2429,0.5604522381172128,0.9396707899716754
2430,0.5606829718504845,0.9397344009476288
2431,0.5609137055837563,0.9397979719741089
2432,0.5611444393170282,0.9398614220107548
2433,0.5613751730502999,0.9399247305121231
2434,0.5616059067835718,0.9399880081953262
2435,0.5618366405168436,0.9400511785856577
2436,0.5620673742501153,0.9401143398446808
2437,0.5622981079833872,0.9401773458714641
2438,0.562528841716659,0.9402402423225487
2439,0.5627595754499308,0.9403031113797086
2440,0.5629903091832026,0.9403658959722673
2441,0.5632210429164743,0.9404285675648867
2442,0.5634517766497462,0.9404912277433707
2443,0.563682510383018,0.9405538844976142
2444,0.5639132441162898,0.940616395150926
2445,0.5641439778495616,0.9406788384608397
2446,0.5643747115828334,0.9407412806293398
2447,0.5646054453161052,0.9408037182321858
2448,0.564836179049377,0.9408661318653476
2449,0.5650669127826489,0.9409285021247955
2450,0.5652976465159206,0.9409908461317321
2451,0.5655283802491924,0.9410531718760523
2452,0.5657591139824643,0.9411154919133048
2453,0.565989847715736,0.9411777765667381
2454,0.5662205814490079,0.9412399037051042
2455,0.5664513151822796,0.9413020171465081
2456,0.5666820489155514,0.9413641191737766
2457,0.5669127826488233,0.9414261036354516
2458,0.567143516382095,0.941488051571894
2459,0.5673742501153669,0.941549919609389
2460,0.5676049838486387,0.9416117305762078
2461,0.5678357175819104,0.9416735335531319
2462,0.5680664513151823,0.9417352212472895
2463,0.5682971850484541,0.9417967217496285
2464,0.5685279187817259,0.9418582131206592
2465,0.5687586525149977,0.9419196839462464
2466,0.5689893862482694,0.9419811444991119
2467,0.5692201199815413,0.9420425228702032
2468,0.5694508537148131,0.9421038715645429
2469,0.569681587448085,0.9421651723195142
2470,0.5699123211813567,0.9422264662260046
2471,0.5701430549146285,0.9422877589910813
2472,0.5703737886479003,0.9423490163723386
2473,0.5706045223811721,0.9424102417940172
2474,0.570835256114444,0.9424713462258617
2475,0.5710659898477157,0.942532448374879
2476,0.5712967235809875,0.9425934968774606
2477,0.5715274573142594,0.9426545134204635
2478,0.5717581910475311,0.9427154922968197
2479,0.571988924780803,0.9427764711731761
2480,0.5722196585140747,0.9428374203727807
2481,0.5724503922473465,0.942898295380506
2482,0.5726811259806184,0.9429591703882312
2483,0.5729118597138901,0.94302004197171585
2484,0.573142593447162,0.9430808747471405
2485,0.5733733271804338,0.9431417052397381
2486,0.5736040609137056,0.9432023542475847
2487,0.5738347946469774,0.9432628697100484
2488,0.5740655283802492,0.9433233817482715
2489,0.574296262113521,0.9433838743824645
2490,0.5745269958467928,0.9434443384813195
2491,0.5747577295800647,0.9435047900246255
2492,0.5749884633133364,0.9435652175982475
2493,0.5752191970466082,0.9436255218992085
2494,0.57544993077988,0.9436857976648311
2495,0.5756806645131518,0.9437459558648603
2496,0.5759113982464237,0.9438060706911754
2497,0.5761421319796954,0.9438660759417917
2498,0.5763728657129672,0.9439260617883781
2499,0.5766035994462391,0.9439860133925587
2500,0.5768343331795108,0.9440459284715064
2501,0.5770650669127827,0.9441058389847998
2502,0.5772958006460545,0.9441656650334922
2503,0.5775265343793262,0.9442253735165911
2504,0.5777572681125981,0.9442850694441411
2505,0.5779880018458698,0.9443447550989695
2506,0.5782187355791417,0.9444043802588808
2507,0.5784494693124135,0.9444639586208375
2508,0.5786802030456852,0.9445234490939525
2509,0.5789109367789571,0.9445828939105263
2510,0.5791416705122289,0.9446422188786796
2511,0.5793724042455007,0.9447015358569382
2512,0.5796031379787725,0.944760844845302
2513,0.5798338717120443,0.9448201344296359
2514,0.5800646054453161,0.9448793361251281
2515,0.5802953391785879,0.944938509285282
2516,0.5805260729118598,0.9449976824454359
2517,0.5807568066451315,0.9450568396258006
2518,0.5809875403784033,0.9451159134829775
2519,0.5812182741116751,0.9451749850573274
2520,0.5814490078449469,0.9452340372276474
2521,0.5816797415782188,0.9452929821050956
2522,0.5819104753114905,0.9453518527906645
2523,0.5821412090447623,0.9454105385672417
2524,0.5823719427780342,0.9454692163539242
2525,0.5826026765113059,0.9455278507668926
2526,0.5828334102445778,0.9455864281091846
2527,0.5830641439778496,0.9456449038656726
2528,0.5832948777111213,0.9457033236928976
2529,0.5835256114443932,0.9457617286817467
2530,0.583756345177665,0.9458200948625358
2531,0.5839870789109368,0.9458784347908139
2532,0.5842178126442086,0.9459367302039644
2533,0.5844485463774803,0.9459950233342878
2534,0.5846792801107522,0.9460531874848823
2535,0.584910013844024,0.9461112637466351
2536,0.5851407475772958,0.9461693388669745
2537,0.5853714813105676,0.946227413987314
2538,0.5856022150438394,0.9462854639965558
2539,0.5858329487771112,0.9463435003088351
2540,0.586063682510383,0.9464014658534757
2541,0.5862944162436549,0.9464594108526728
2542,0.5865251499769266,0.9465173136195694
2543,0.5867558837101984,0.9465751924167817
2544,0.5869866174434702,0.9466330392544154
2545,0.587217351176742,0.9466908164658238
2546,0.5874480849100139,0.9467484783944659
2547,0.5876788186432856,0.9468061311917996
2548,0.5879095523765574,0.9468637543123816
2549,0.5881402861098293,0.9469213728673094
2550,0.588371019843101,0.9469788727152304
2551,0.5886017535763729,0.9470363543005348
2552,0.5888324873096447,0.947093744572757
2553,0.5890632210429165,0.9471509933097016
2554,0.5892939547761883,0.9472082226426162
2555,0.58952468850946,0.9472654234401926
2556,0.5897554222427319,0.9473226219549419
2557,0.5899861559760037,0.9473797405707443
2558,0.5902168897092755,0.9474368112471784
2559,0.5904476234425473,0.9474938453983797
2560,0.5906783571758191,0.9475508784081673
2561,0.5909090909090909,0.9476078828826168
2562,0.5911398246423627,0.9476648759429309
2563,0.5913705583756346,0.9477218461749746
2564,0.5916012921089063,0.9477787970029882
2565,0.5918320258421781,0.9478357307097989
2566,0.59206275957545,0.9478926575681283
2567,0.5922934933087217,0.9479495718709091
2568,0.5925242270419936,0.9480064690524869
2569,0.5927549607752653,0.9480633593855835
2570,0.5929856945085371,0.9481201572641842
2571,0.593216428241809,0.9481769494357174
2572,0.5934471619750807,0.9482337267688746
2573,0.5936778957083526,0.9482904710010396
2574,0.5939086294416244,0.9483471353342574
2575,0.5941393631748961,0.9484037734149642
2576,0.594370096908168,0.9484603612734758
2577,0.5946008306414398,0.9485168201522585
2578,0.5948315643747116,0.9485732562027707
2579,0.5950622981079834,0.9486296705664259
2580,0.5952930318412551,0.948686065526051
2581,0.595523765574527,0.9487423691725938
2582,0.5957544993077988,0.9487986225969414
2583,0.59598523304107065,0.948854854334432
2584,0.5962159667743424,0.9489110529709303
2585,0.5964467005076142,0.9489671945367519
2586,0.596677434240886,0.9490232219612209
2587,0.5969081679741578,0.9490792105776298
2588,0.5971389017074297,0.949135164951633
2589,0.5973696354407014,0.9491910485579972
2590,0.5976003691739732,0.9492467723664675
2591,0.5978311029072451,0.9493024722052537
2592,0.5980618366405168,0.9493581446501151
2593,0.5982925703737887,0.949413789701052
2594,0.5985233041070604,0.9494693833883799
2595,0.5987540378403322,0.9495249496817832
2596,0.5989847715736041,0.9495805045610513
2597,0.5992155053068758,0.9496360560160788
2598,0.5994462390401477,0.9496915538246704
2599,0.5996769727734195,0.9497469123808114
2600,0.5999077065066912,0.949802265229885
2601,0.6001384402399631,0.9498576032405825
2602,0.6003691739732349,0.9499128910290849
2603,0.6005999077065067,0.949968171969106
2604,0.6008306414397785,0.9500234004041048
2605,0.6010613751730502,0.9500786219906225
2606,0.6012921089063221,0.950133797920599
2607,0.6015228426395939,0.9501889578707862
2608,0.6017535763728658,0.9502441166795598
2609,0.6019843101061375,0.9502991864580781
2610,0.6022150438394093,0.9503542254184312
2611,0.6024457775726811,0.9504092426919272
2612,0.6026765113059529,0.9504642302886714
2613,0.6029072450392248,0.9505190991784087
2614,0.6031379787724965,0.950573944098462
2615,0.6033687125057683,0.9506286577559594
2616,0.6035994462390402,0.9506833063528857
2617,0.6038301799723119,0.9507379264144736
2618,0.6040609137055838,0.9507924962538664
2619,0.6042916474388556,0.9508470455478157
2620,0.6045223811721273,0.9509015857104568
2621,0.6047531149053992,0.9509561213074437
2622,0.6049838486386709,0.9510104925408825
2623,0.6052145823719428,0.9510648009965773
2624,0.6054453161052146,0.9511190603714903
2625,0.6056760498384864,0.9511733094736814
2626,0.6059067835717582,0.951227390788084
2627,0.60613751730503,0.95128145383987
2628,0.6063682510383018,0.9513354655280473
2629,0.6065989847715736,0.9513894566707811
2630,0.6068297185048455,0.9514433062782371
2631,0.6070604522381172,0.9514971467543851
2632,0.607291185971389,0.951550965543676
2633,0.6075219197046609,0.9516047032926065
2634,0.6077526534379326,0.9516584364758828
2635,0.6079833871712045,0.9517121240026178
2636,0.6082141209044762,0.9517657110849624
2637,0.608444854637748,0.9518192171269464
2638,0.6086755883710199,0.9518726820780434
2639,0.6089063221042916,0.9519261299079377
2640,0.6091370558375635,0.9519795092530199
2641,0.6093677895708353,0.9520328714768994
2642,0.609598523304107,0.9520861800543431
2643,0.6098292570373789,0.9521394498237266
2644,0.6100599907706507,0.9521926031689304
2645,0.6102907245039225,0.9522457416757582
2646,0.6105214582371943,0.9522988539300749
2647,0.610752191970466,0.9523519387904669
2648,0.6109829257037379,0.9524049654387687
2649,0.6112136594370097,0.9524579498547702
2650,0.6114443931702815,0.9525109057354335
2651,0.6116751269035533,0.9525638444948937
2652,0.6119058606368251,0.9526167444462941
2653,0.6121365943700969,0.95266963526638615
2654,0.6123673281033687,0.9527224770056966
2655,0.6125980618366406,0.9527752856440146
2656,0.6128287955699123,0.9528279595955361
2657,0.6130595293031841,0.9528806004460655
2658,0.613290263036456,0.9529332070541889
2659,0.6135209967697277,0.9529857851269743
2660,0.6137517305029996,0.9530383574926918
2661,0.6139824642362713,0.953090877353387
2662,0.6142131979695431,0.9531433138908947
2663,0.614443931702815,0.9531957321657859
2664,0.6146746654360867,0.9532481139154443
2665,0.6149053991693586,0.9533004876752079
2666,0.6151361329026304,0.9533528294753927
2667,0.6153668666359021,0.9534051655685098
2668,0.615597600369174,0.9534574206212664
2669,0.6158283341024458,0.9535096654013013
2670,0.6160590678357176,0.9535618668076221
2671,0.6162898015689894,0.9536139015675676
2672,0.6165205353022611,0.953665910075002
2673,0.616751269035533,0.9537179117339554
2674,0.6169820027688048,0.9537698802919162
2675,0.6172127365020766,0.9538218431428095
2676,0.6174434702353484,0.9538736907109364
2677,0.6176742039686202,0.9539255234406874
2678,0.617904937701892,0.953977344756303
2679,0.6181356714351638,0.9540290964456936
2680,0.6183664051684357,0.9540808024785429
2681,0.6185971389017074,0.9541324959558434
2682,0.6188278726349792,0.9541841152412646
2683,0.619058606368251,0.9542357299610316
2684,0.6192893401015228,0.9542873115798063
2685,0.6195200738347947,0.954338839552145
2686,0.6197508075680664,0.9543902990396723
2687,0.6199815413013382,0.9544416934666282
2688,0.6202122750346101,0.9544930262572537
2689,0.6204430087678818,0.954544335078195
2690,0.6206737425011537,0.9545955982425952
2691,0.6209044762344255,0.9546468362958979
2692,0.6211352099676973,0.9546979350967498
2693,0.6213659437009691,0.9547490293319478
2694,0.6215966774342409,0.9548000756277775
2695,0.6218274111675127,0.9548510899640285
2696,0.6220581449007845,0.9549020677750465
2697,0.6222888786340564,0.9549529953638692
2698,0.6225196123673281,0.9550037585891439
2699,0.6227503461005999,0.9550545149659373
2700,0.6229810798338717,0.9551051480700697
2701,0.6232118135671435,0.955155718396458
2702,0.6234425473004154,0.9552062830157787
2703,0.6236732810336871,0.9552568305138963
2704,0.6239040147669589,0.9553073277898187
2705,0.6241347485002308,0.9553575499850808
2706,0.6243654822335025,0.9554077721803429
2707,0.6245962159667744,0.9554579943756049
2708,0.6248269497000462,0.9555082074395587
2709,0.6250576834333179,0.9555583908267608
2710,0.6252884171665898,0.9556085479614517
2711,0.6255191508998615,0.9556585373083538
2712,0.6257498846331334,0.9557084969785042
2713,0.6259806183664052,0.9557584030022189
2714,0.6262113520996769,0.9558082850562494
2715,0.6264420858329488,0.9558580712315435
2716,0.6266728195662206,0.9559078437098751
2717,0.6269035532994924,0.9559574974811998
2718,0.6271342870327642,0.9560070747778183
2719,0.627365020766036,0.95605665093302306
2720,0.6275957544993078,0.9561061346337321
2721,0.6278264882325796,0.9561555441425617
2722,0.6280572219658515,0.9562048760352714
2723,0.6282879556991232,0.9562541850997104
2724,0.628518689432395,0.9563034359520595
2725,0.6287494231656668,0.9563526240266645
2726,0.6289801568989386,0.9564017847073449
2727,0.6292108906322105,0.9564509225597547
2728,0.6294416243654822,0.956500020462691
2729,0.629672358098754,0.9565490864060484
2730,0.6299030918320259,0.9565981489251654
2731,0.6301338255652976,0.9566472114442823
2732,0.6303645592985695,0.9566962465694745
2733,0.6305952930318413,0.9567452143512685
2734,0.630826026765113,0.9567941684361002
2735,0.6310567604983849,0.9568431225209318
2736,0.6312874942316566,0.9568920526360793
2737,0.6315182279649285,0.9569409256805506
2738,0.6317489616982003,0.9569897838866458
2739,0.631979695431472,0.9570386283957787
2740,0.6322104291647439,0.9570874352382652
2741,0.6324411628980157,0.957136238656511
2742,0.6326718966312875,0.9571849850040806
2743,0.6329026303645593,0.9572336811294547
2744,0.633133364097831,0.9572823738305882
2745,0.6333640978311029,0.9573309204307902
2746,0.6335948315643747,0.9573794613239245
2747,0.6338255652976466,0.9574279930857506
2748,0.6340562990309183,0.9574765031607195
2749,0.6342870327641901,0.9575249447508768
2750,0.6345177664974619,0.9575733281289441
2751,0.6347485002307337,0.9576216921029815
2752,0.6349792339640056,0.9576700149861318
2753,0.6352099676972773,0.9577183013440491
2754,0.6354407014305491,0.9577665694393501
2755,0.635671435163821,0.9578148169892075
2756,0.6359021688970927,0.9578630576905838
2757,0.6361329026303646,0.9579112938263059
2758,0.6363636363636364,0.9579595276792009
2759,0.6365943700969081,0.9580076405422622
2760,0.63682510383018,0.9580556369811433
2761,0.6370558375634517,0.9581036105917536
2762,0.6372865712967236,0.9581515020205901
2763,0.6375173050299954,0.9581993181161337
2764,0.6377480387632672,0.9582471239389555
2765,0.637978772496539,0.9582949103577474
2766,0.6382095062298108,0.9583426157361785
2767,0.6384402399630826,0.9583902960035122
2768,0.6386709736963544,0.9584379717051917
2769,0.6389017074296263,0.9584856371341497
2770,0.639132441162898,0.9585332774520097
2771,0.6393631748961698,0.958580900648667
2772,0.6395939086294417,0.9586285204210836
2773,0.6398246423627134,0.9586761242137108
2774,0.6400553760959853,0.9587237222992704
2775,0.640286109829257,0.9587713078292812
2776,0.6405168435625288,0.9588188636825403
2777,0.6407475772958007,0.9588663556166418
2778,0.6409783110290724,0.9589138178739913
2779,0.6412090447623443,0.958961280131341
2780,0.6414397784956161,0.9590087401058637
2781,0.6416705122288878,0.9590561373026423
2782,0.6419012459621597,0.959103528792353
2783,0.6421319796954315,0.9591508837568311
2784,0.6423627134287033,0.9591982250243467
2785,0.6425934471619751,0.9592455023727047
2786,0.6428241808952468,0.9592927614584463
2787,0.6430549146285187,0.9593399874431956
2788,0.6432856483617905,0.9593871951653284
2789,0.6435163820950623,0.9594343880490852
2790,0.6437471158283341,0.9594815033167223
2791,0.6439778495616059,0.9595285352611715
2792,0.6442085832948777,0.959575562639967
2793,0.6444393170281495,0.9596225546349427
2794,0.6446700507614214,0.9596695352157832
2795,0.6449007844946931,0.9597165078067292
2796,0.6451315182279649,0.9597634667007127
2797,0.6453622519612368,0.959810319443238
2798,0.6455929856945085,0.959857115115087
2799,0.6458237194277804,0.9599039050798682
2800,0.6460544531610521,0.9599506539537626
2801,0.6462851868943239,0.9599973948377621
2802,0.6465159206275958,0.9600441243076264
2803,0.6467466543608675,0.9600908195350848
2804,0.6469773880941394,0.9601374919342727
2805,0.6472081218274112,0.9601841529193251
2806,0.6474388555606829,0.9602307636821825
2807,0.6476695892939548,0.9602772762834764
2808,0.6479003230272266,0.9603237055615825
2809,0.6481310567604984,0.9603701336982752
2810,0.6483617904937702,0.9604165355824567
2811,0.64859252422704194,0.9604629317595705
2812,0.6488232579603138,0.9605092834215568
2813,0.6490539916935856,0.9605556339421296
2814,0.6492847254268574,0.9606019422304019
2815,0.6495154591601292,0.9606482402459522
2816,0.649746192893401,0.960694510867578
2817,0.6499769266266728,0.9607407734993089
2818,0.6502076603599446,0.9607869619391606
2819,0.6504383940932165,0.960833141247704
2820,0.6506691278264882,0.960879300010804
2821,0.65089986155976,0.9609254473597687
2822,0.6511305952930319,0.9609714805673804
2823,0.6513613290263036,0.9610175080679245
2824,0.6515920627595755,0.9610634956189952
2825,0.6518227964928472,0.9611093690287129
2826,0.652053530226119,0.9611552081960248
2827,0.6522842639593909,0.9612010245350662
2828,0.6525149976926626,0.9612467792377769
2829,0.6527457314259345,0.9612925133950441
2830,0.6529764651592063,0.9613381813503269
2831,0.653207198892478,0.9613837979420005
2832,0.6534379326257499,0.9614293985538851
2833,0.6536686663590217,0.9614749626405364
2834,0.6538994000922935,0.9615204867777144
2835,0.6541301338255653,0.961565994935103
2836,0.6543608675588372,0.9616114540117099
2837,0.6545916012921089,0.9616568343307831
2838,0.6548223350253807,0.9617021883973454
2839,0.6550530687586525,0.9617475356154264
2840,0.6552838024919243,0.9617928634294776
2841,0.6555145362251962,0.9618381741223255
2842,0.6557452699584679,0.961883479108106
2843,0.6559760036917397,0.9619287783868189
2844,0.6562067374250116,0.961974033150404
2845,0.6564374711582833,0.9620192707927863
2846,0.6566682048915552,0.9620644479402516
2847,0.656898938624827,0.9621095018150558
2848,0.6571296723580987,0.9621545237302811
2849,0.6573604060913706,0.9621995387970255
2850,0.6575911398246423,0.9622445264698448
2851,0.6578218735579142,0.9622894684861232
2852,0.658052607291186,0.962334387674131
2853,0.6582833410244577,0.962379301155071
2854,0.6585140747577296,0.9624241963733947
2855,0.6587448084910014,0.962468937500892
2856,0.6589755422242732,0.9625136569415323
2857,0.659206275957545,0.9625583661094508
2858,0.6594370096908168,0.9626030547319258
2859,0.6596677434240886,0.962647631495875
2860,0.6598984771573604,0.9626921546133884
2861,0.6601292108906323,0.9627366514783905
2862,0.660359944623904,0.9627811414949115
2863,0.6605906783571758,0.962825615531643
2864,0.6608214120904476,0.9628700850027205
2865,0.6610521458237194,0.962914549908144
2866,0.6612828795569913,0.9629590011166049
2867,0.661513613290263,0.9630034329210359
2868,0.6617443470235348,0.9630478373315423
2869,0.6619750807568067,0.9630922143481239
2870,0.6622058144900784,0.9631365673950214
2871,0.6624365482233503,0.9631809135934378
2872,0.6626672819566221,0.9632252575090271
2873,0.6628980156898938,0.9632695957175489
2874,0.6631287494231657,0.9633139145220405
2875,0.6633594831564374,0.9633582299022916
2876,0.6635902168897093,0.9634025327269939
2877,0.6638209506229811,0.9634467830466739
2878,0.6640516843562528,0.9634910151037374
2879,0.6642824180895247,0.9635352231911168
2880,0.6645131518227965,0.9635793422482409
2881,0.6647438855560683,0.9636234498912297
2882,0.6649746192893401,0.9636675563928051
2883,0.6652053530226119,0.9637116320762152
2884,0.6654360867558837,0.9637556495475355
2885,0.6656668204891555,0.963799605382525
2886,0.6658975542224274,0.9638435269751088
2887,0.6661282879556991,0.9638874166081136
2888,0.6663590216889709,0.9639312925441562
2889,0.6665897554222427,0.9639751319549659
2890,0.6668204891555145,0.9640189690829483
2891,0.6670512228887864,0.9640628050695174
2892,0.6672819566220581,0.964106629641951
2893,0.6675126903553299,0.9641504233962196
2894,0.6677434240886018,0.964194190897977
2895,0.6679741578218735,0.9642379458441855
2896,0.6682048915551454,0.9642816654065746
2897,0.6684356252884172,0.9643253587164526
2898,0.6686663590216889,0.9643690177839247
2899,0.6688970927549608,0.9644126357605098
2900,0.6691278264882325,0.9644562491714408
2901,0.6693585602215044,0.9644998580167177
2902,0.6695892939547762,0.9645433823973932
2903,0.669820027688048,0.9645868930811068
2904,0.6700507614213198,0.9646303398456624
2905,0.6702814951545916,0.9646737820445642
2906,0.6705122288878634,0.9647172185363981
2907,0.6707429626211352,0.9647606493211645
2908,0.6709736963544071,0.9648040766816903
2909,0.6712044300876788,0.9648474949109079
2910,0.6714351638209506,0.9648909085744714
2911,0.6716658975542225,0.9649342845713883
2912,0.6718966312874942,0.9649776388814483
2913,0.6721273650207661,0.9650209829187865
2914,0.6723580987540378,0.9650643258147112
2915,0.6725888324873096,0.9651076652863952
2916,0.6728195662205815,0.9651509990510116
2917,0.6730502999538532,0.9651943328156282
2918,0.6732810336871251,0.965237643751974
2919,0.6735117674203969,0.9652809193045004
2920,0.6737425011536686,0.9653240076652082
2921,0.6739732348869405,0.9653670891774347
2922,0.6742039686202123,0.9654101216088796
2923,0.6744347023534841,0.965453111808024
2924,0.6746654360867559,0.9654960951586872
2925,0.6748961698200276,0.9655389963275761
2926,0.6751269035532995,0.9655818780924351
2927,0.6753576372865713,0.9656247210492344
2928,0.6755883710198431,0.9656675354706953
2929,0.6758191047531149,0.9657103384780209
2930,0.6760498384863867,0.9657531072429405
2931,0.6762805722196585,0.9657958611694843
2932,0.6765113059529303,0.9658385500354572
2933,0.6767420396862022,0.9658811989519565
2934,0.6769727734194739,0.965923801070501
2935,0.6772035071527457,0.9659663529668502
2936,0.6774342408860176,0.9660088420854553
2937,0.6776649746192893,0.9660513277798201
2938,0.6778957083525612,0.9660937986358088
2939,0.678126442085833,0.966136246663527
2940,0.6783571758191047,0.9661786935498315
2941,0.6785879095523766,0.966221131304828
2942,0.6788186432856483,0.966263557645689
2943,0.6790493770189202,0.9663059748552422
2944,0.679280110752192,0.9663483852163137
2945,0.6795108444854637,0.9663907544864986
2946,0.6797415782187356,0.9664331020698261
2947,0.6799723119520074,0.9664754256834696
2948,0.6802030456852792,0.9665177127718803
2949,0.680433779418551,0.9665598880017651
2950,0.6806645131518227,0.9666020449690335
2951,0.6808952468850946,0.9666441859565126
2952,0.6811259806183664,0.966686286994518
2953,0.6813567143516382,0.9667282830224787
2954,0.68158744808491,0.9667700850101397
2955,0.6818181818181818,0.9668118721594248
2956,0.6820489155514536,0.9668536307733716
2957,0.6822796492847254,0.9668953791145967
2958,0.6825103830179973,0.9669370920720025
2959,0.682741116751269,0.966978805029408
2960,0.6829718504845408,0.9670204974413702
2961,0.6832025842178127,0.9670621362068966
2962,0.6834333179510844,0.9671037658411148
2963,0.6836640516843563,0.9671453703642353
2964,0.683894785417628,0.9671869429277768
2965,0.6841255191508998,0.9672284846731534
2966,0.6843562528841717,0.967270020711462
2967,0.6845869866174434,0.967311544194222
2968,0.6848177203507153,0.9673530574042601
2969,0.6850484540839871,0.9673945649072307
2970,0.6852791878172588,0.9674360724102014
2971,0.6855099215505307,0.9674775799131718
2972,0.6857406552838025,0.967519052032323
2973,0.6859713890170743,0.9675604796363465
2974,0.6862021227503461,0.967601805654566
2975,0.686432856483618,0.9676431134101691
2976,0.6866635902168897,0.9676843892061933
2977,0.6868943239501615,0.9677256193456764
2978,0.6871250576834333,0.9677668369296105
2979,0.6873557914167051,0.9678080339681012
2980,0.687586525149977,0.9678491431177503
2981,0.6878172588832487,0.9678902351461964
2982,0.6880479926165205,0.967931326033229
2983,0.6882787263497924,0.9679722822334652
2984,0.6885094600830641,0.9680132087569497
2985,0.688740193816336,0.9680541147349905
2986,0.6889709275496078,0.9680949773393174
2987,0.6892016612828795,0.9681358376608171
2988,0.6894323950161514,0.9681766740126327
2989,0.6896631287494231,0.968217446445291
2990,0.689893862482695,0.9682582177365354
2991,0.6901245962159668,0.9682989639166824
2992,0.6903553299492385,0.9683396952584534
2993,0.6905860636825104,0.9683804094790216
2994,0.6908167974157822,0.9684210438006428
2995,0.691047531149054,0.9684616279000684
2996,0.6912782648823258,0.9685022119994943
2997,0.6915089986155976,0.9685427926746797
2998,0.6917397323488694,0.9685833254104966
2999,0.6919704660821412,0.9686238227624941
3000,0.6922011998154131,0.9686642459226126
3001,0.6924319335486848,0.9687046656584903
3002,0.6926626672819566,0.9687450819701274
3003,0.6928934010152284,0.9687854982817645
3004,0.6931241347485002,0.9688258883408905
3005,0.6933548684817721,0.9688662544303324
3006,0.6935856022150438,0.9689066011157443
3007,0.6938163359483156,0.968946923831472
3008,0.6940470696815875,0.9689872374158915
3009,0.6942778034148592,0.9690274950710482
3010,0.6945085371481311,0.9690677515847913
3011,0.6947392708814029,0.9691078562905351
3012,0.6949700046146746,0.9691479541477978
3013,0.6952007383479465,0.9691880326010303
3014,0.6954314720812182,0.969228108771436
3015,0.6956622058144901,0.9692681609721575
3016,0.6958929395477619,0.9693081960516761
3017,0.6961236732810336,0.9693482185756456
3018,0.6963544070143055,0.9693882125642772
3019,0.6965851407475773,0.9694281688862623
3020,0.6968158744808491,0.9694680841173603
3021,0.6970466082141209,0.9695079993484582
3022,0.6972773419473927,0.9695478974583533
3023,0.6975080756806645,0.9695877727399779
3024,0.6977388094139363,0.9696276388902941
3025,0.6979695431472082,0.9696674856365806
3026,0.6982002768804799,0.9697073198273182
3027,0.6984310106137517,0.969747133472612
3028,0.69866174434702355,0.9697869459764925
3029,0.6988924780802953,0.9698267504904783
3030,0.6991232118135672,0.9698665538630503
3031,0.6993539455468389,0.9699063435386602
3032,0.6995846792801107,0.9699461297900295
3033,0.6998154130133826,0.9699858738090984
3034,0.7000461467466543,0.9700256121210995
3035,0.7002768804799262,0.9700653447260329
3036,0.700507614213198,0.9701050716238986
3037,0.7007383479464697,0.9701447905318697
3038,0.7009690816797416,0.9701844831873296
3039,0.7011998154130133,0.970224087953948
3040,0.7014305491462852,0.970263649346852
3041,0.701661282879557,0.9703031559519067
3042,0.7018920166128289,0.9703426283145556
3043,0.7021227503461006,0.9703820595863176
3044,0.7023534840793724,0.9704214725954629
3045,0.7025842178126442,0.9704608513622024
3046,0.702814951545916,0.9705002187148067
3047,0.7030456852791879,0.9705395449765241
3048,0.7032764190124596,0.9705788472685573
3049,0.7035071527457314,0.9706181278737331
3050,0.7037378864790033,0.9706573924991199
3051,0.703968620212275,0.9706966137507925
3052,0.7041993539455469,0.9707358213055028
3053,0.7044300876788187,0.9707750231531453
3054,0.7046608214120904,0.9708142055967581
3055,0.7048915551453623,0.9708533823333029
3056,0.705122288878634,0.9708924905850362
3057,0.7053530226119059,0.9709315782913259
3058,0.7055837563451777,0.9709705803916011
3059,0.7058144900784494,0.9710095345525079
3060,0.7060452238117213,0.9710484487639413
3061,0.7062759575449931,0.9710872693794654
3062,0.7065066912782649,0.9711260317828995
3063,0.7067374250115367,0.9711647827721982
3064,0.7069681587448085,0.9712035269130157
3065,0.7071988924780803,0.971242255074044
3066,0.7074296262113521,0.9712809432855987
3067,0.707660359944624,0.9713196143759505
3068,0.7078910936778957,0.9713582751935804
3069,0.7081218274111675,0.9713968264355116
3070,0.7083525611444393,0.9714353765360294
3071,0.7085832948777111,0.9714738923941412
3072,0.708814028610983,0.9715123968381177
3073,0.7090447623442547,0.9715508670396886
3074,0.7092754960775265,0.971589328109951
3075,0.7095062298107984,0.9716277286852967
3076,0.7097369635440701,0.9716661258364013
3077,0.709967697277342,0.9717045229875063
3078,0.7101984310106138,0.9717428938861
3079,0.7104291647438855,0.9717812602190397
3080,0.7106598984771574,0.9718196151378439
3081,0.7108906322104291,0.9718579506526182
3082,0.711121365943701,0.9718962473593327
3083,0.7113520996769728,0.9719345212377763
3084,0.7115828334102445,0.9719727734293632
3085,0.7118135671435164,0.9720110119239875
3086,0.7120443008767882,0.9720491967721762
3087,0.71227503461006,0.9720873804789512
3088,0.7125057683433318,0.9721255299433204
3089,0.7127365020766036,0.9721636497309376
3090,0.7129672358098754,0.9722017432660439
3091,0.7131979695431472,0.9722398071243984
3092,0.713428703276419,0.9722778253262118
3093,0.7136594370096908,0.972315795588657
3094,0.7138901707429626,0.9723537635682752
3095,0.7141209044762344,0.9723917052953821
3096,0.7143516382095062,0.9724296344669401
3097,0.7145823719427781,0.9724675236890249
3098,0.7148131056760498,0.9725053318707487
3099,0.7150438394093216,0.9725431332039919
3100,0.7152745731425935,0.9725809139917913
3101,0.7155053068758652,0.9726186947795906
3102,0.7157360406091371,0.9726564641532546
3103,0.7159667743424089,0.9726942312440917
3104,0.7161975080756806,0.9727319880622068
3105,0.7164282418089525,0.972769735749014
3106,0.7166589755422242,0.9728074537590693
3107,0.7168897092754961,0.9728451329610648
3108,0.7171204430087679,0.9728828030317518
3109,0.7173511767420396,0.9729204525569953
3110,0.7175819104753115,0.9729580826782089
3111,0.7178126442085833,0.972995709375182
3112,0.7180433779418551,0.9730333303650873
3113,0.7182741116751269,0.9730709467893387
3114,0.7185048454083988,0.9731085381024923
3115,0.7187355791416705,0.9731461191429241
3116,0.7189663128749423,0.9731836693651909
3117,0.7191970466082142,0.973221199042014
3118,0.7194277803414859,0.9732587104562205
3119,0.7196585140747578,0.9732961944765024
3120,0.7198892478080295,0.9733336727897167
3121,0.7201199815413013,0.9733711339817281
3122,0.7203507152745732,0.9734085906080855
3123,0.7205814490078449,0.973446046093029
3124,0.7208121827411168,0.9734834810325292
3125,0.7210429164743886,0.9735208851538641
3126,0.7212736502076603,0.973558243618658
3127,0.7215043839409322,0.9735955963763842
3128,0.721735117674204,0.9736328920634338
3129,0.7219658514074758,0.97367014780101
3130,0.7221965851407476,0.9737074035385863
3131,0.7224273188740193,0.9737446410135459
3132,0.7226580526072912,0.9737818510945809
3133,0.722888786340563,0.9738190566099619
3134,0.7231195200738348,0.9738562564182752
3135,0.7233502538071066,0.9738934379639721
3136,0.7235809875403784,0.9739305453177896
3137,0.7238117212736502,0.9739676184292012
3138,0.724042455006922,0.9740046687123423
3139,0.7242731887401939,0.97404171557124275
3140,0.7245039224734656,0.9740787247634968
3141,0.7247346562067374,0.9741157339557506
3142,0.7249653899400093,0.9741527317338693
3143,0.725196123673281,0.9741897066837174
3144,0.7254268574065529,0.9742266530982275
3145,0.7256575911398246,0.974263525320858
3146,0.7258883248730964,0.9743003929778344
3147,0.7261190586063683,0.9743372560691569
3148,0.72634979233964,0.9743741008978626
3149,0.7265805260729119,0.9744109012114409
3150,0.7268112598061837,0.9744476638583727
3151,0.7270419935394554,0.9744844265053045
3152,0.7272727272727273,0.9745211708896199
3153,0.727503461005999,0.9745578593446723
3154,0.7277341947392709,0.9745945044260107
3155,0.7279649284725427,0.9746311084164619
3156,0.7281956622058144,0.9746677044170187
3157,0.7284263959390863,0.9747042958519212
3158,0.7286571296723581,0.9747408735898613
3159,0.7288878634056299,0.9747773543076514
3160,0.7291185971389017,0.9748138224698928
3161,0.7293493308721735,0.9748502872078938
3162,0.7295800646054453,0.9748867005822858
3163,0.7298107983387171,0.9749231116738507
3164,0.730041532071989,0.974959495371491
3165,0.7302722658052607,0.9749958665135825
3166,0.7305029995385325,0.975032218251644
3167,0.7307337332718044,0.975068534605886
3168,0.7309644670050761,0.9751048315560982
3169,0.731195200738348,0.9751411079608668
3170,0.7314259344716197,0.9751773775171542
3171,0.7316566682048915,0.9752136310936521
3172,0.7318874019381634,0.9752498743974285
3173,0.7321181356714351,0.9752860800345583
3174,0.732348869404707,0.9753222799646205
3175,0.7325796031379788,0.9753584490765175
3176,0.7328103368712505,0.9753945976429708
3177,0.7330410706045224,0.975430743926597
3178,0.7332718043377942,0.9754668833617424
3179,0.733502538071066,0.9755030182312333
3180,0.7337332718043378,0.9755391439694162
3181,0.7339640055376097,0.9755752423136742
3182,0.7341947392708814,0.9756113395165188
3183,0.7344254730041532,0.975647420739574
3184,0.734656206737425,0.9756834437505392
3185,0.7348869404706968,0.9757194051251739
3186,0.7351176742039687,0.9757553664998087
3187,0.7353484079372404,0.9757912856421427
3188,0.7355791416705122,0.975827177390552
3189,0.7358098754037841,0.9758630428864503
3190,0.7360406091370558,0.9758988946853863
3191,0.7362713428703277,0.9759347156661569
3192,0.7365020766035995,0.975970533222687
3193,0.7367328103368712,0.9760063302337735
3194,0.7369635440701431,0.9760421169721384
3195,0.7371942778034148,0.9760778991448489
3196,0.7374250115366867,0.9761136231054697
3197,0.7376557452699585,0.9761493059752034
3198,0.7378864790032302,0.9761849614510123
3199,0.7381172127365021,0.9762205998056184
3200,0.7383479464697739,0.9762562278875028
3201,0.7385786802030457,0.9762918308582894
3202,0.7388094139363175,0.9763274212735271
3203,0.7390401476695893,0.9763630002746297
3204,0.7392708814028611,0.9763985769929052
3205,0.7395016151361329,0.9764341491455267
3206,0.7397323488694048,0.9764697098840128
3207,0.7399630826026765,0.9765052420871606
3208,0.7401938163359483,0.9765407697246544
3209,0.7404245500692201,0.9765762962207346
3210,0.7406552838024919,0.9766118124440931
3211,0.7408860175357638,0.9766473115462486
3212,0.7411167512690355,0.9766827684161037
3213,0.7413474850023073,0.9767182230031316
3214,0.7415782187355792,0.9767536604689566
3215,0.7418089524688509,0.9767890739650975
3216,0.7420396862021228,0.9768244634915544
3217,0.7422704199353946,0.976859824482673
3218,0.7425011536686663,0.9768951683525886
3219,0.7427318874019382,0.9769304996669556
3220,0.7429626211352099,0.9769658286984952
3221,0.7431933548684818,0.9770011440330728
3222,0.7434240886017536,0.977036454801996
3223,0.7436548223350253,0.9770717301871
3224,0.7438855560682972,0.9771070044307903
3225,0.744116289801569,0.9771422672603454
3226,0.7443470235348408,0.97717750726163
3227,0.7445777572681126,0.9772127290002981
3228,0.7448084910013844,0.9772479393248309
3229,0.7450392247346562,0.9772830834473791
3230,0.745269958467928,0.977318218438619
3231,0.7455006922011999,0.9773533488642048
3232,0.7457314259344716,0.9773884770069635
3233,0.7459621596677434,0.9774236005840682
3234,0.7461928934010152,0.9774587024743157
3235,0.746423627134287,0.9774937986574956
3236,0.7466543608675589,0.9775288925578485
3237,0.7468850946008306,0.9775639796097202
3238,0.7471158283341024,0.9775990312777725
3239,0.7473465620673743,0.9776340749559302
3240,0.747577295800646,0.9776691095027795
3241,0.7478080295339179,0.9777041326354936
3242,0.7480387632671897,0.9777391420712455
3243,0.7482694970004614,0.9777741515069971
3244,0.7485002307337333,0.9778091415387189
3245,0.748730964467005,0.9778441212977188
3246,0.7489616982002769,0.9778790999153054
3247,0.7491924319335487,0.9779140420076589
3248,0.7494231656668204,0.9779489441505391
3249,0.7496538994000923,0.9779838428691785
3250,0.7498846331333641,0.978018726749442
3251,0.7501153668666359,0.9780536014983975
3252,0.7503461005999077,0.9780884465706011
3253,0.7505768343331796,0.9781232916428046
3254,0.7508075680664513,0.9781581070382565
3255,0.7510383017997231,0.978192869928686
3256,0.751269035532995,0.978227622546394
3257,0.7514997692662667,0.9782623500530041
3258,0.7517305029995386,0.9782970775596143
3259,0.7519612367328103,0.9783317731066455
3260,0.7521919704660821,0.978366464088023
3261,0.752422704199354,0.9784011345239567
3262,0.7526534379326257,0.9784357684346574
3263,0.7528841716658976,0.978470371527193
3264,0.7531149053991694,0.9785049221147062
3265,0.7533456391324411,0.9785394590052571
3266,0.753576372865713,0.9785739821988456
3267,0.7538071065989848,0.9786084939782989
3268,0.7540378403322566,0.9786429932022033
3269,0.7542685740655284,0.97867748671904
3270,0.7544993077988001,0.9787119688217416
3271,0.754730041532072,0.9787464395103078
3272,0.7549607752653438,0.9787808987847386
3273,0.7551915089986156,0.9788153512106884
3274,0.7554222427318874,0.9788497899396759
3275,0.7556529764651592,0.9788841830121221
3276,0.755883710198431,0.9789185726603278
3277,0.7561144439317028,0.9789529326317818
3278,0.7563451776649747,0.9789872834719274
3279,0.7565759113982464,0.9790216308878326
3280,0.7568066451315182,0.979055970313843
3281,0.7570373788647901,0.9790903074570263
3282,0.7572681125980618,0.9791246092163904
3283,0.7574988463313337,0.9791588995616191
3284,0.7577295800646054,0.9791931830583666
3285,0.7579603137978772,0.9792274311712947
3286,0.7581910475311491,0.9792616781428092
3287,0.7584217812644208,0.9792959228314967
3288,0.7586525149976927,0.979330119580816
3289,0.7588832487309645,0.9793642866533837
3290,0.7591139824642362,0.9793984069279966
3291,0.7593447161975081,0.9794325226369552
3292,0.7595754499307799,0.9794665915479595
3293,0.7598061836640517,0.9795006524690689
3294,0.7600369173973235,0.9795347122487649
3295,0.7602676511305952,0.9795687389274683
3296,0.7604983848638671,0.979602753050623
3297,0.7607291185971389,0.9796367272243043
3298,0.7609598523304107,0.9796706272061062
3299,0.7611905860636825,0.9797044986525698
3300,0.7614213197969543,0.9797383643919658
3301,0.7616520535302261,0.9797722232828807
3302,0.7618827872634979,0.9798060570626979
3303,0.7621135209967698,0.9798398714384852
3304,0.7623442547300415,0.9798736492890394
3305,0.7625749884633133,0.9799073209881355
3306,0.7628057221965852,0.9799409835559234
3307,0.7630364559298569,0.9799746415580574
3308,0.7632671896631288,0.9800082447723418
3309,0.7634979233964005,0.980041847986626
3310,0.7637286571296723,0.9800754192413318
3311,0.7639593908629442,0.9801088740718574
3312,0.7641901245962159,0.9801423174882478
3313,0.7644208583294878,0.9801757289450594
3314,0.7646515920627596,0.9802091118665327
3315,0.7648823257960313,0.9802424776668032
3316,0.7651130595293032,0.9802758069418407
3317,0.765343793262575,0.980309122519916
3318,0.7655745269958468,0.9803423844515554
3319,0.7658052607291186,0.980375640676127
3320,0.7660359944623903,0.9804088615168793
3321,0.7662667281956622,0.9804420561051204
3322,0.766497461928934,0.9804752324307451
3323,0.7667281956622058,0.9805083916351668
3324,0.7669589293954776,0.9805415382840398
3325,0.7671896631287495,0.9805746803672588
3326,0.7674203968620212,0.980607799622207
3327,0.767651130595293,0.9806408994731252
3328,0.7678818643285649,0.9806739958998029
3329,0.7681125980618366,0.9807070763466912
3330,0.7683433317951085,0.9807401522279253
3331,0.7685740655283803,0.9807731801697912
3332,0.768804799261652,0.9808062069702438
3333,0.7690355329949239,0.9808392212151474
3334,0.7692662667281956,0.9808721624095852
3335,0.7694970004614675,0.9809050830585794
3336,0.7697277341947393,0.980937976313649
3337,0.769958467928011,0.9809708650030645
3338,0.7701892016612829,0.9810036943389764
3339,0.7704199353945547,0.9810365202506477
3340,0.7706506691278265,0.9810693244754621
3341,0.7708814028610983,0.9811020647811188
3342,0.7711121365943701,0.9811347993797078
3343,0.7713428703276419,0.9811674312510794
3344,0.7715736040609137,0.981200046001248
3345,0.7718043377941856,0.9812326402059731
3346,0.7720350715274573,0.9812651191279317
3347,0.7722658052607291,0.9812975877771687
3348,0.772496538994001,0.981329973103218
3349,0.7727272727272727,0.9813623561464402
3350,0.7729580064605446,0.9813947117957378
3351,0.7731887401938163,0.9814270457581783
3352,0.7734194739270881,0.981459364882243
3353,0.77365020766036,0.9814916805820669
3354,0.7738809413936317,0.9815239745950342
3355,0.7741116751269036,0.9815562309413546
3356,0.7743424088601754,0.9815884701664722
3357,0.7745731425934471,0.981620679714838
3358,0.774803876326719,0.981652850455144
3359,0.7750346100599907,0.9816849949429388
3360,0.7752653437932626,0.981717116602463
3361,0.7754960775265344,0.9817491389590103
3362,0.7757268112598061,0.9817811601741437
3363,0.775957544993078,0.9818131791064504
3364,0.7761882787263498,0.9818451318367725
3365,0.7764190124596216,0.9818770651630644
3366,0.7766497461928934,0.9819089163075823
3367,0.7768804799261652,0.9819407320682806
3368,0.777111213659437,0.9819725432633252
3369,0.7773419473927088,0.9820043088018282
3370,0.7775726811259807,0.9820360172696552
3371,0.7778034148592524,0.9820676743738731
3372,0.7780341485925242,0.9820992995185124
3373,0.778264882325796,0.9821309223803246
3374,0.7784956160590678,0.9821625087169037
3375,0.7787263497923397,0.9821940756494529
3376,0.7789570835256114,0.9822256266022128
3377,0.7791878172588832,0.9822571159186422
3378,0.7794185509921551,0.9822885367502597
3379,0.7796492847254268,0.9823198286021485
3380,0.7798800184586987,0.982351087353045
3381,0.7801107521919705,0.9823822273969346
3382,0.7803414859252422,0.9824133240671099
3383,0.7805722196585141,0.9824443956261878
3384,0.7808029533917858,0.9824754500640627
3385,0.7810336871250577,0.9825065010776969
3386,0.7812644208583295,0.9825375304044742
3387,0.7814951545916012,0.9825685083676425
3388,0.7817258883248731,0.9825994680681945
3389,0.7819566220581449,0.9826304232030926
3390,0.7821873557914167,0.9826613612167874
3391,0.7824180895246885,0.9826922935234147
3392,0.7826488232579604,0.9827232144159067
3393,0.7828795569912321,0.9827541238942635
3394,0.7831102907245039,0.9827850322312066
3395,0.7833410244577758,0.9828159188812927
3396,0.7835717581910475,0.9828467827031083
3397,0.7838024919243194,0.9828775963027288
3398,0.7840332256575911,0.9829083117407856
3399,0.7842639593908629,0.982938967825339
3400,0.7844946931241348,0.9829694641119983
3401,0.7847254268574065,0.9829999581158305
3402,0.7849561605906784,0.9830304486954221
3403,0.7851868943239502,0.9830609335679462
3404,0.7854176280572219,0.9830914127334027
3405,0.7856483617904938,0.9831218850503779
3406,0.7858790955237656,0.9831523333976689
3407,0.7861098292570374,0.9831827406540731
3408,0.7863405629903092,0.9832131467690638
3409,0.786571296723581,0.9832435083689267
3410,0.7868020304568528,0.9832738528475867
3411,0.7870327641901246,0.983304187053525
3412,0.7872634979233964,0.9833344972897792
3413,0.7874942316566682,0.9833647675765598
3414,0.78772496538994,0.9833949807926642
3415,0.7879556991232118,0.98342518487746
3416,0.7881864328564836,0.9834553684168125
3417,0.7884171665897555,0.9834853761784815
3418,0.7886479003230272,0.9835153588290529
3419,0.788878634056299,0.9835452866917752
3420,0.7891093677895709,0.9835750901404225
3421,0.7893401015228426,0.9836048445082882
3422,0.7895708352561145,0.9836345497953721
3423,0.7898015689893862,0.9836642459511479
3424,0.790032302722658,0.9836938599251497
3425,0.7902630364559299,0.983723462485016
3426,0.7904937701892016,0.9837530444994389
3427,0.7907245039224735,0.9837826082512453
3428,0.7909552376557453,0.9838121571646758
3429,0.791185971389017,0.9838416512902569
3430,0.7914167051222889,0.9838711317188759
3431,0.7916474388555607,0.9839005459455099
3432,0.7918781725888325,0.9839299578893169
3433,0.7921089063221043,0.983959331025064
3434,0.792339640055376,0.9839886916052624
3435,0.7925703737886479,0.9840179620137919
3436,0.7928011075219197,0.9840472255738404
3437,0.7930318412551915,0.9840764822854076
3438,0.7932625749884633,0.9841056967646741
3439,0.7934933087217351,0.9841349055368731
3440,0.7937240424550069,0.9841641143090721
3441,0.7939547761882787,0.9841932660105948
3442,0.7941855099215506,0.9842223857525384
3443,0.7944162436548223,0.9842514712520763
3444,0.7946469773880941,0.9842804757112537
3445,0.794877711121366,0.9843094790290174
3446,0.7951084448546377,0.9843383613569473
3447,0.7953391785879096,0.9843672162909525
3448,0.7955699123211813,0.9843960632350627
3449,0.7958006460544531,0.9844248827852484
3450,0.796031379787725,0.9844536943455394
3451,0.7962621135209967,0.9844824693805975
3452,0.7964928472542686,0.9845112398500016
3453,0.7967235809875404,0.9845399931982026
3454,0.7969543147208121,0.9845687419807494
3455,0.797185048454084,0.9845974713592665
3456,0.7974157821873558,0.9846261801923398
3457,0.7976465159206276,0.984654853641594
3458,0.7978772496538994,0.9846835270908479
3459,0.7981079833871711,0.9847120921058167
3460,0.798338717120443,0.9847406445652368
3461,0.7985694508537148,0.9847691844691081
3462,0.7988001845869867,0.9847977198073251
3463,0.7990309183202584,0.9848262391657527
3464,0.7992616520535303,0.9848547425443911
3465,0.799492385786802,0.9848831637412553
3466,0.7997231195200738,0.9849115404229918
3467,0.7999538532533457,0.9849399171047283
3468,0.8001845869866174,0.9849682720996078
3469,0.8004153207198893,0.9849965905692544
3470,0.8006460544531611,0.9850249067560739
3471,0.8008767881864328,0.9850532092459312
3472,0.8011075219197047,0.985081452382285
3473,0.80133825565297645,0.9851096624176463
3474,0.8015689893862483,0.9851378713115942
3475,0.8017997231195201,0.9851659843268056
3476,0.8020304568527918,0.9851940676652654
3477,0.8022611905860637,0.9852221418724167
3478,0.8024919243193355,0.9852502137967414
3479,0.8027226580526073,0.9852782160948403
3480,0.8029533917858791,0.9853061578980226
3481,0.8031841255191509,0.9853340551860771
3482,0.8034148592524227,0.9853619170903122
3483,0.8036455929856945,0.9853897767117203
3484,0.8038763267189664,0.9854176203533389
3485,0.8041070604522381,0.9854454525808225
3486,0.8043377941855099,0.9854732756769976
3487,0.8045685279187818,0.9855010839347969
3488,0.8047992616520535,0.9855288842027015
3489,0.8050299953853254,0.9855566833291927
3490,0.8052607291185971,0.9855844607688266
3491,0.8054914628518689,0.9856122290771523
3492,0.8057221965851408,0.985639990536997
3493,0.8059529303184125,0.9856676629665864
3494,0.8061836640516844,0.9856953251234539
3495,0.8064143977849562,0.985722903957134
3496,0.8066451315182279,0.985750422295897
3497,0.8068758652514998,0.9857779372104195
3498,0.8071065989847716,0.9858054087512278
3499,0.8073373327180434,0.9858328654536601
3500,0.8075680664513152,0.9858602844894463
3501,0.8077988001845869,0.9858876784141346
3502,0.8080295339178588,0.9859150632075148
3503,0.8082602676511306,0.9859424297382784
3504,0.8084910013844024,0.9859697654508769
3505,0.8087217351176742,0.9859970920321671
3506,0.808952468850946,0.9860244174720438
3507,0.8091832025842178,0.9860516801341763
3508,0.8094139363174896,0.9860789427963089
3509,0.8096446700507615,0.9861060639231638
3510,0.8098754037840332,0.9861331565146808
3511,0.810106137517305,0.9861602160052053
3512,0.8103368712505769,0.986187187606888
3513,0.8105676049838486,0.9862141455116084
3514,0.8107983387171205,0.986241093143607
3515,0.8110290724503922,0.9862680327857111
3516,0.811259806183664,0.986294810347094
3517,0.8114905399169359,0.9863215582317251
3518,0.8117212736502076,0.986348294702221
3519,0.8119520073834795,0.9863750231828221
3520,0.8121827411167513,0.9864017105725363
3521,0.812413474850023,0.9864283922551828
3522,0.8126442085832949,0.9864550385540098
3523,0.8128749423165667,0.9864816597417393
3524,0.8131056760498385,0.9865082797880553
3525,0.8133364097831103,0.9865348290667324
3526,0.813567143516382,0.9865613646484471
3527,0.8137978772496539,0.9865878694119967
3528,0.8140286109829257,0.9866143342260727
3529,0.8142593447161975,0.9866407122927208
3530,0.8144900784494693,0.9866670389957596
3531,0.8147208121827412,0.9866933520018365
3532,0.8149515459160129,0.9867196627250862
3533,0.8151822796492847,0.986745960892787
3534,0.8154130133825566,0.9867722419392849
3535,0.8156437471158283,0.9867985195615421
3536,0.8158744808491002,0.9868247309818149
3537,0.816105214582372,0.9868509366950199
3538,0.8163359483156437,0.9868771287112627
3539,0.8165666820489156,0.9869033047477159
3540,0.8167974157821873,0.986929441976109
3541,0.8170281495154592,0.9869555757802618
3542,0.817258883248731,0.986981703877347
3543,0.8174896169820027,0.9870078239845372
3544,0.8177203507152746,0.9870339395260737
3545,0.8179510844485464,0.987059986582798
3546,0.8181818181818182,0.9870860176597333
3547,0.81841255191509,0.9871119722619618
3548,0.8186432856483618,0.9871379063187471
3549,0.8188740193816336,0.9871638278199835
3550,0.8191047531149054,0.9871897207858816
3551,0.8193354868481773,0.9872156057618852
3552,0.819566220581449,0.9872414873136481
3553,0.8197969543147208,0.9872673254916968
3554,0.8200276880479926,0.9872931613869185
3555,0.8202584217812644,0.9873189813023509
3556,0.8204891555145363,0.9873447806723397
3557,0.820719889247808,0.9873705652039526
3558,0.8209506229810798,0.9873963497355656
3559,0.8211813567143517,0.9874221285601108
3560,0.8214120904476234,0.9874478982533479
3561,0.8216428241808953,0.9874736462597279
3562,0.821873557914167,0.9874993691550105
3563,0.8221042916474388,0.9875250680806086
3564,0.8223350253807107,0.9875507396122821
3565,0.8225657591139824,0.9875763232551141
3566,0.8227964928472543,0.9876018852110889
3567,0.8230272265805261,0.9876274437428232
3568,0.8232579603137978,0.9876529977089034
3569,0.8234886940470697,0.9876785482507429
3570,0.8237194277803415,0.987704075964312
3571,0.8239501615136133,0.9877295705768885
3572,0.8241808952468851,0.9877550651894653
3573,0.8244116289801569,0.9877805175697413
3574,0.8246423627134287,0.9878058626571458
3575,0.8248730964467005,0.987831198613242
3576,0.8251038301799724,0.9878564546703911
3577,0.8253345639132441,0.9878817015962319
3578,0.8255652976465159,0.9879069336836971
3579,0.8257960313797877,0.9879321418014779
3580,0.8260267651130595,0.9879573236667478
3581,0.8262574988463314,0.9879824461785142
3582,0.8264882325796031,0.9880075686902804
3583,0.8267189663128749,0.988032625000062
3584,0.8269497000461468,0.9880576664714679
3585,0.8271804337794185,0.9880826794075355
3586,0.8274111675126904,0.9881076250002047
3587,0.8276419012459622,0.9881325671686334
3588,0.8278726349792339,0.9881575036299945
3589,0.8281033687125058,0.9881824161216716
3590,0.8283341024457775,0.9882073274719351
3591,0.8285648361790494,0.9882321988727252
3592,0.8287955699123212,0.9882570109200117
3593,0.8290263036455929,0.9882818035632681
3594,0.8292570373788648,0.988306595065111
3595,0.8294877711121366,0.9883313820012999
3596,0.8297185048454084,0.9883561392607371
3597,0.8299492385786802,0.9883808908131065
3598,0.830179972311952,0.9884056320927542
3599,0.8304107060452238,0.9884303436956502
3600,0.8306414397784956,0.988455043884411
3601,0.8308721735117675,0.9884797429317582
3602,0.8311029072450392,0.9885044317063837
3603,0.8313336409783111,0.9885291102082872
3604,0.8315643747115828,0.9885537841445368
3605,0.8317951084448546,0.9885784192727263
3606,0.8320258421781265,0.9886030486938481
3607,0.8322565759113982,0.988627668983662
3608,0.8324873096446701,0.9886522641623781
3609,0.8327180433779419,0.988676813684553
3610,0.8329487771112136,0.9887013597824872
3611,0.8331795108444855,0.9887258773450833
3612,0.8334102445777573,0.9887503777864766
3613,0.8336409783110291,0.9887748405612231
3614,0.8338717120443009,0.9887992736592182
3615,0.8341024457775726,0.9888236953430779
3616,0.8343331795108445,0.9888481044713887
3617,0.8345639132441163,0.9888725056098049
3618,0.8347946469773881,0.9888968976169129
3619,0.8350253807106599,0.9889212725028178
3620,0.8352561144439317,0.9889456416816552
3621,0.8354868481772035,0.9889699880322221
3622,0.8357175819104753,0.9889943309585483
3623,0.8359483156437472,0.9890186407838822
3624,0.8361790493770189,0.9890429266395319
3625,0.8364097831102907,0.9890671109093777
3626,0.8366405168435626,0.9890912826236746
3627,0.8368712505768343,0.9891154235198062
3628,0.8371019843101062,0.9891395438704944
3629,0.8373327180433779,0.9891635535040701
3630,0.8375634517766497,0.9891875585719919
3631,0.8377941855099216,0.9892114700440041
3632,0.8380249192431933,0.9892353221625131
3633,0.8382556529764652,0.9892591491699244
3634,0.838486386709737,0.9892829647632003
3635,0.8387171204430087,0.9893067586696191
3636,0.8389478541762806,0.989330541161903
3637,0.8391785879095524,0.9893542597350289
3638,0.8394093216428242,0.9893779714596738
3639,0.839640055376096,0.9894016557903939
3640,0.8398707891093677,0.989425340121114
3641,0.8401015228426396,0.9894490244518342
3642,0.8403322565759114,0.9894726928027652
3643,0.8405629903091832,0.9894963371840116
3644,0.840793724042455,0.9895199621612283
3645,0.8410244577757268,0.9895435140879791
3646,0.8412551915089986,0.9895670511763542
3647,0.8414859252422704,0.9895905483152556
3648,0.8417166589755423,0.9896140271915406
3649,0.841947392708814,0.9896374604112844
3650,0.8421781264420858,0.9896608879239607
3651,0.8424088601753577,0.9896842983154339
3652,0.8426395939086294,0.9897076402220955
3653,0.8428703276419013,0.9897309809873436
3654,0.843101061375173,0.9897542932172534
3655,0.8433317951084448,0.9897775780532385
3656,0.8435625288417167,0.9898008628892236
3657,0.8437932625749884,0.9898241420181411
3658,0.8440239963082603,0.9898474120157504
3659,0.8442547300415321,0.9898706820133596
3660,0.8444854637748038,0.9898939508695555
3661,0.8447161975080757,0.9899171443924581
3662,0.8449469312413475,0.9899403265012257
3663,0.8451776649746193,0.989963460670625
3664,0.8454083987078911,0.9899865914157837
3665,0.8456391324411628,0.9900096765044014
3666,0.8458698661744347,0.9900327456132295
3667,0.8461005999077065,0.9900557565099679
3668,0.8463313336409783,0.9900787217501649
3669,0.8465620673742501,0.9901016858489484
3670,0.846792801107522,0.9901246465234914
3671,0.8470235348407937,0.9901476026323804
3672,0.8472542685740655,0.9901705450443069
3673,0.8474850023073374,0.9901934269613163
3674,0.8477157360406091,0.9902162883328824
3675,0.847946469773881,0.9902391348660725
3676,0.8481772035071528,0.9902619791164354
3677,0.8484079372404245,0.9902848188011445
3678,0.8486386709736964,0.9903076299505152
3679,0.8488694047069681,0.9903304353928182
3680,0.84910013844024,0.9903532043098884
3681,0.8493308721735118,0.9903759515401016
3682,0.8495616059067835,0.9903986827905251
3683,0.8497923396400554,0.9904213478389642
3684,0.8500230733733272,0.9904439364126969
3685,0.850253807106599,0.9904665227036026
3686,0.8504845408398708,0.990489091873305
3687,0.8507152745731426,0.9905116519116995
3688,0.8509460083064144,0.9905342108086804
3689,0.8511767420396862,0.9905567685642477
3690,0.85140747577295806,0.9905792909359957
3691,0.8516382095062298,0.9906018018936085
3692,0.8518689432395016,0.9906242877401235
3693,0.8520996769727734,0.9906467667381573
3694,0.8523304107060452,0.9906692400291236
3695,0.8525611444393171,0.9906917121786762
3696,0.8527918781725888,0.9907141740555072
3697,0.8530226119058606,0.9907365777202481
3698,0.8532533456391325,0.9907589494254103
3699,0.8534840793724042,0.9907812914538208
3700,0.8537148131056761,0.9908036175024417
3701,0.8539455468389479,0.9908259378439952
3702,0.8541762805722196,0.9908482364986916
3703,0.8544070143054915,0.9908705111837038
3704,0.8546377480387632,0.9908927573333779
3705,0.8548684817720351,0.9909150012002247
3706,0.8550992155053069,0.9909371925620496
3707,0.8553299492385786,0.9909593782168065
3708,0.8555606829718505,0.9909814931039247
3709,0.8557914167051223,0.9910035954354942
3710,0.8560221504383941,0.9910256977670635
3711,0.8562528841716659,0.9910477772703624
3712,0.8564836179049377,0.9910698544908342
3713,0.8567143516382095,0.9910919282870653
3714,0.8569450853714813,0.9911139735479583
3715,0.8571758191047532,0.9911359857078589
3716,0.8574065528380249,0.9911579693324213
3717,0.8576372865712967,0.9911798924620667
3718,0.8578680203045685,0.9912018007533364
3719,0.8580987540378403,0.9912236782264406
3720,0.8583294877711122,0.9912455157500712
3721,0.8585602215043839,0.9912673213141233
3722,0.8587909552376557,0.9912891086155586
3723,0.8590216889709276,0.9913108582503478
3724,0.8592524227041993,0.9913326056023097
3725,0.8594831564374712,0.9913543209946929
3726,0.859713890170743,0.991376029538595
3727,0.8599446239040147,0.9913976593249636
3728,0.8601753576372866,0.9914192856870915
3729,0.8604060913705583,0.9914409040593247
3730,0.8606368251038302,0.991462464219468
3731,0.860867558837102,0.9914839924200325
3732,0.8610982925703737,0.9915054669741612
3733,0.8613290263036456,0.9915269278313275
3734,0.8615597600369174,0.9915483772743584
3735,0.8617904937701892,0.9915698164446677
3736,0.862021227503461,0.9915911939786465
3737,0.8622519612367328,0.9916124722096482
3738,0.8624826949700046,0.9916337470164092
3739,0.8627134287032764,0.9916550035605539
3740,0.8629441624365483,0.9916762349936009
3741,0.86317489616982,0.9916974253357609
3742,0.8634056299030919,0.9917185871425828
3743,0.8636363636363636,0.9917397089999309
3744,0.8638670973696354,0.9917607840593246
3745,0.8640978311029073,0.9917818385732747
3746,0.864328564836179,0.9918028862387435
3747,0.8645592985694509,0.9918239179244229
3748,0.8647900323027227,0.9918449416202079
3749,0.8650207660359944,0.9918659265079327
3750,0.8652514997692663,0.9918868942744545
3751,0.8654822335025381,0.9919078506268413
3752,0.8657129672358099,0.9919287887166114
3753,0.8659437009690817,0.9919497222407274
3754,0.8661744347023534,0.9919705838557911
3755,0.8664051684356253,0.9919914089456219
3756,0.8666359021688971,0.9920122112071821
3757,0.866866635902169,0.9920328844890137
3758,0.8670973696354407,0.9920535543466046
3759,0.8673281033687125,0.9920742242041956
3760,0.8675588371019843,0.9920948837890646
3761,0.8677895708352561,0.9921155365254526
3762,0.868020304568528,0.9921361789891188
3763,0.8682510383017997,0.992156792917447
3764,0.8684817720350715,0.9921773931488125
3765,0.8687125057683434,0.9921979785418021
3766,0.8689432395016151,0.9922185433893487
3767,0.869173973234887,0.9922390831257972
3768,0.8694047069681587,0.9922595954683211
3769,0.8696354407014305,0.9922800655785446
3770,0.8698661744347024,0.992300516284738
3771,0.8700969081679741,0.9923209590010367
3772,0.870327641901246,0.9923413903032001
3773,0.8705583756345178,0.9923618216053636
3774,0.8707891093677895,0.9923822483418727
3775,0.8710198431010614,0.9924026750783822
3776,0.8712505768343332,0.9924231006734778
3777,0.871481310567605,0.9924434977332356
3778,0.8717120443008768,0.9924638742475496
3779,0.8719427780341485,0.9924842210851118
3780,0.8721735117674204,0.9925045633570201
3781,0.8724042455006922,0.9925248862248981
3782,0.872634979233964,0.9925451577291675
3783,0.8728657129672358,0.9925654178193016
3784,0.8730964467005076,0.9925856596468192
3785,0.8733271804337794,0.9926058797874799
3786,0.8735579141670512,0.9926260462817046
3787,0.8737886479003231,0.9926462070688619
3788,0.8740193816335948,0.9926662868156584
3789,0.8742501153668666,0.9926863437341845
3790,0.8744808491001385,0.9927063492891016
3791,0.8747115828334102,0.9927263468541241
3792,0.8749423165666821,0.9927463444191468
3793,0.8751730502999538,0.9927663077417634
3794,0.8754037840332256,0.9927862710643799
3795,0.8756345177664975,0.9928062229728614
3796,0.8758652514997692,0.9928261292248016
3797,0.8760959852330411,0.9928460320525012
3798,0.8763267189663129,0.9928659348802009
3799,0.8765574526995846,0.9928857920513593
3800,0.8767881864328565,0.9929056412326231
3801,0.8770189201661283,0.9929254744340975
3802,0.8772496538994001,0.9929453053527448
3803,0.8774803876326719,0.992965131705738
3804,0.8777111213659436,0.9929848964224007
3805,0.8779418550992155,0.9930046485835147
3806,0.8781725888324873,0.9930243836234256
3807,0.8784033225657591,0.9930440490371112
3808,0.8786340562990309,0.9930637098851427
3809,0.8788647900323027,0.9930833707331743
3810,0.8790955237655745,0.9931029802175971
3811,0.8793262574988463,0.9931225657323358
3812,0.8795569912321182,0.993142135267285
3813,0.8797877249653899,0.9931616751254826
3814,0.8800184586986618,0.9931811647614849
3815,0.8802491924319336,0.9932006053167052
3816,0.8804799261652053,0.9932200276093093
3817,0.8807106598984772,0.9932394362049511
3818,0.880941393631749,0.9932588162652546
3819,0.8811721273650208,0.9932781689316335
3820,0.8814028610982926,0.9932975136081176
3821,0.8816335948315643,0.9933168571431881
3822,0.8818643285648362,0.9933361047995223
3823,0.882095062298108,0.9933553490316158
3824,0.8823257960313798,0.993374570435439
3825,0.8825565297646516,0.9933937815665402
3826,0.8827872634979234,0.9934129915562279
3827,0.8830179972311952,0.9934321946974344
3828,0.883248730964467,0.9934513841416788
3829,0.8834794646977389,0.9934705598889606
3830,0.8837101984310106,0.9934897356362425
3831,0.8839409321642824,0.9935088737168779
3832,0.8841716658975542,0.9935280060904456
3833,0.884402399630826,0.9935471373225998
3834,0.8846331333640979,0.993566227463867
3835,0.8848638670973696,0.9935851977567138
3836,0.8850946008306414,0.9936041543525982
3837,0.8853253345639133,0.9936230732818361
3838,0.885556068297185,0.9936419145949541
3839,0.8857868020304569,0.9936607536252449
3840,0.8860175357637287,0.9936795869484681
3841,0.8862482694970004,0.9936984202716914
3842,0.8864790032302723,0.9937172170696817
3843,0.886709736963544,0.9937359819080933
3844,0.8869404706968159,0.9937547398980237
3845,0.8871712044300877,0.9937734853324053
3846,0.8874019381633594,0.9937921816860051
3847,0.8876326718966313,0.9938108574941614
3848,0.8878634056299031,0.9938295253124231
3849,0.8880941393631749,0.9938481645953463
3850,0.8883248730964467,0.9938667924641346
3851,0.8885556068297185,0.9938854054945466
3852,0.8887863405629903,0.9939040105350642
3853,0.8890170742962621,0.9939225813331759
3854,0.889247808029534,0.9939411452828063
3855,0.8894785417628057,0.9939596704243768
3856,0.8897092754960775,0.993978194424534
3857,0.8899400092293493,0.9939966967378339
3858,0.8901707429626211,0.9940151807885172
3859,0.890401476695893,0.9940336340210355
3860,0.8906322104291647,0.9940520838293132
3861,0.8908629441624365,0.994070503960839
3862,0.8910936778957084,0.9940889035469215
3863,0.8913244116289801,0.9941072837289737
3864,0.891555145362252,0.9941256604867855
3865,0.8917858790955238,0.9941440372445973
3866,0.8920166128287955,0.9941624082953414
3867,0.8922473465620674,0.9941807519521609
3868,0.8924780802953391,0.9941990796291911
3869,0.892708814028611,0.9942174038819804
3870,0.8929395477618828,0.9942357144378076
3871,0.8931702814951545,0.9942540170037402
3872,0.8934010152284264,0.994272301307056
3873,0.8936317489616982,0.9942905844689585
3874,0.89386248269497,0.9943088299642144
3875,0.8940932164282418,0.9943269784393204
3876,0.8943239501615136,0.994345121207359
3877,0.8945546838947854,0.994363252561262
3878,0.8947854176280572,0.9943813645111351
3879,0.8950161513613291,0.9943994559155648
3880,0.8952468850946008,0.9944175438957539
3881,0.8954776188278727,0.9944355964921235
3882,0.8957083525611444,0.9944536353915308
3883,0.8959390862944162,0.9944716731495244
3884,0.8961698200276881,0.9944896960691424
3885,0.8964005537609598,0.9945076961604898
3886,0.8966312874942317,0.9945256391811607
3887,0.8968620212275035,0.9945435696462827
3888,0.8970927549607752,0.9945614955457508
3889,0.8973234886940471,0.994579418020978
3890,0.8975542224273189,0.9945973279406567
3891,0.8977849561605907,0.9946152195977187
3892,0.8980156898938625,0.9946331078305402
3893,0.8982464236271342,0.9946509800835722
3894,0.8984771573604061,0.9946688443467099
3895,0.8987078910936779,0.9946866424078625
3896,0.8989386248269498,0.9947044370447745
3897,0.8991693585602215,0.9947222202675515
3898,0.8994000922934933,0.9947399749549902
3899,0.8996308260267651,0.9947577159454666
3900,0.8998615597600369,0.9947754500874616
3901,0.9000922934933088,0.9947931693910809
3902,0.9003230272265805,0.9948108807048054
3903,0.9005537609598523,0.9948285783215678
3904,0.9007844946931242,0.9948462702312623
3905,0.9010152284263959,0.9948639564338891
3906,0.9012459621596678,0.9948816346466215
3907,0.9014766958929396,0.9948993071522861
3908,0.9017074296262113,0.9949169317185825
3909,0.9019381633594832,0.994934502638443
3910,0.9021688970927549,0.9949520712754765
3911,0.9023996308260268,0.9949696376296829
3912,0.9026303645592986,0.994987114953634
3913,0.9028610982925703,0.9950045785806229
3914,0.9030918320258422,0.9950220353591305
3915,0.903322565759114,0.9950394624608866
3916,0.9035532994923858,0.9950568861384017
3917,0.9037840332256576,0.9950742984017819
3918,0.90401476695892935,0.9950916935439591
3919,0.9042455006922012,0.9951090658578655
3920,0.904476234425473,0.9951264381717722
3921,0.9047069681587449,0.9951437945058892
3922,0.9049377018920166,0.9951611268703224
3923,0.9051684356252884,0.9951784569519284
3924,0.9053991693585602,0.9951957836092937
3925,0.905629903091832,0.9952131034181779
3926,0.9058606368251039,0.9952304061058592
3927,0.9060913705583756,0.9952476985208187
3928,0.9063221042916474,0.9952649818044701
3929,0.9065528380249193,0.9952822513911591
3930,0.906783571758191,0.9952994924425097
3931,0.9070143054914629,0.9953167323524471
3932,0.9072450392247347,0.9953339562825949
3933,0.9074757729580064,0.9953511117279309
3934,0.9077065066912783,0.9953682203753124
3935,0.90793724042455,0.9953853004873556
3936,0.9081679741578219,0.9954023737509177
3937,0.9083987078910937,0.9954194356003443
3938,0.9086294416243654,0.9954364780457411
3939,0.9088601753576373,0.9954535182083107
3940,0.9090909090909091,0.9954705309769558
3941,0.9093216428241809,0.9954875220587437
3942,0.9095523765574527,0.9955044652011636
3943,0.9097831102907245,0.9955213820910721
3944,0.9100138440239963,0.9955382282133419
3945,0.9102445777572681,0.9955550469416871
3946,0.91047531149054,0.9955718485488294
3947,0.9107060452238117,0.9955886410246633
3948,0.9109367789570835,0.9956054300762567
3949,0.9111675126903553,0.9956221940167526
3950,0.9113982464236271,0.9956389556744212
3951,0.911628980156899,0.9956556123220452
3952,0.9118597138901707,0.9956722678282557
3953,0.9120904476234426,0.9956889210516393
3954,0.9123211813567144,0.9957055480225115
3955,0.9125519150899861,0.9957221384681509
3956,0.912782648823258,0.9957386946713845
3957,0.9130133825565298,0.9957552451675504
3958,0.9132441162898016,0.9957717853909946
3959,0.9134748500230734,0.9957883130588898
3960,0.9137055837563451,0.9958047722419735
3961,0.913936317489617,0.9958212154452678
3962,0.9141670512228888,0.9958376518000809
3963,0.9143977849561606,0.9958540881548938
3964,0.9146285186894324,0.9958704628733762
3965,0.9148592524227042,0.9958867965009717
3966,0.915089986155976,0.995903106158883
3967,0.9153207198892478,0.9959193713016667
3968,0.9155514536225197,0.9959356364444505
3969,0.9157821873557914,0.9959518901730989
3970,0.9160129210890632,0.9959681439017475
3971,0.916243654822335,0.9959843359940653
3972,0.9164743885556068,0.9960004767227744
3973,0.9167051222888787,0.9960165181485064
3974,0.9169358560221504,0.9960325367459679
3975,0.9171665897554222,0.9960484663131742
3976,0.9173973234886941,0.9960643719106964
3977,0.9176280572219658,0.9960802775082186
3978,0.9178587909552377,0.9960961728330192
3979,0.9180895246885095,0.9961120498952031
3980,0.9183202584217812,0.9961279212503193
3981,0.9185509921550531,0.996143784615541
3982,0.9187817258883249,0.9961596137383567
3983,0.9190124596215967,0.9961754337298643
3984,0.9192431933548685,0.996191221761793
3985,0.9194739270881402,0.9962070052280678
3986,0.9197046608214121,0.9962227727145528
3987,0.9199353945546839,0.9962385276454894
3988,0.9201661282879557,0.9962542677380499
3989,0.9203968620212275,0.9962699907094076
3990,0.9206275957544993,0.9962856794383592
3991,0.9208583294877711,0.9963013590360027
3992,0.9210890632210429,0.9963170363508193
3993,0.9213197969543148,0.9963327090999815
3994,0.9215505306875865,0.9963483578794596
3995,0.9217812644208583,0.9963639952448026
3996,0.9220119981541302,0.9963796097818751
3997,0.9222427318874019,0.9963952208947068
3998,0.9224734656206738,0.9964107486843511
3999,0.9227041993539455,0.9964262719083412
4000,0.9229349330872173,0.9964417894252636
4001,0.9231656668204892,0.9964573046593589
4002,0.9233964005537609,0.9964728164692137
4003,0.9236271342870328,0.9964883237134143
4004,0.9238578680203046,0.9965038184020663
4005,0.9240886017535763,0.9965193130907181
4006,0.9243193354868482,0.9965347678298965
4007,0.92455006922012,0.9965502122963532
4008,0.9247808029533918,0.9965656419244339
4009,0.9250115366866636,0.9965810464414171
4010,0.9252422704199353,0.9965964326957836
4011,0.9254730041532072,0.9966118075360151
4012,0.925703737886479,0.9966271652550434
4013,0.9259344716197508,0.9966425127013502
4014,0.9261652053530226,0.9966578190567698
4015,0.9263959390862944,0.9966731185637081
4016,0.9266266728195662,0.9966883632827972
4017,0.926857406552838,0.9967036011534052
4018,0.9270881402861099,0.9967188219028101
4019,0.9273188740193816,0.9967340312380798
4020,0.9275496077526535,0.9967492188864925
4021,0.9277803414859253,0.9967642786965899
4022,0.928011075219197,0.9967793339410332
4023,0.9282418089524689,0.9967943754885144
4024,0.9284725426857406,0.996809407904687
4025,0.9287032764190125,0.9968244117855215
4026,0.9289340101522843,0.9968393346259955
4027,0.929164743885556,0.9968541444665301
4028,0.9293954776188279,0.9968689246303131
4029,0.9296262113520997,0.996883700228442
4030,0.9298569450853715,0.9968982943418196
4031,0.9300876788186433,0.9969128884551973
4032,0.930318412551915,0.996927480285748
4033,0.9305491462851869,0.9969419876516975
4034,0.9307798800184587,0.99695649273482
4035,0.9310106137517306,0.9969709544442286
4036,0.9312413474850023,0.9969853647900282
4037,0.9314720812182741,0.9969997625802788
4038,0.9317028149515459,0.9970141580877027
4039,0.9319335486848177,0.9970285444638181
4040,0.9321642824180896,0.997042903446009
4041,0.9323950161513613,0.9970572612867862
4042,0.9326257498846331,0.9970716031477742
4043,0.932856483617905,0.9970859370188674
4044,0.9330872173511767,0.9971002297990736
4045,0.9333179510844486,0.9971144837712197
4046,0.9335486848177204,0.9971287023595465
4047,0.9337794185509921,0.9971428787155728
4048,0.934010152284264,0.9971570094150578
4049,0.9342408860175357,0.9971710761953854
4050,0.9344716197508076,0.9971851269959234
4051,0.9347023534840794,0.9971991743722209
4052,0.9349330872173511,0.9972131852232855
4053,0.935163820950623,0.9972271903672826
4054,0.9353945546838948,0.9972411955112794
4055,0.9356252884171666,0.9972551938067953
4056,0.9358560221504384,0.9972691806881756
4057,0.9360867558837102,0.9972831595796615
4058,0.936317489616982,0.9972971304812526
4059,0.9365482233502538,0.9973110717060918
4060,0.9367789570835257,0.99732496727439
4061,0.9370096908167974,0.9973387989235305
4062,0.9372404245500692,0.9973526294312576
4063,0.937471158283341,0.9973664405349546
4064,0.9377018920166128,0.9973802459315841
4065,0.9379326257498847,0.997394045621146
4066,0.9381633594831564,0.9974077460077306
4067,0.9383940932164282,0.9974214429700748
4068,0.9386248269497001,0.9974351399324191
4069,0.9388555606829718,0.9974488289048685
4070,0.9390862944162437,0.9974624824934988
4071,0.9393170281495155,0.9974760995568958
4072,0.9395477618827872,0.9974896800950601
4073,0.9397784956160591,0.9975032572089837
4074,0.9400092293493308,0.9975168172017045
4075,0.9402399630826027,0.9975303714873577
4076,0.9404706968158745,0.997543840166996
4077,0.9407014305491462,0.9975572951496721
4078,0.9409321642824181,0.9975707467081077
4079,0.9411628980156899,0.9975841640241373
4080,0.9413936317489617,0.9975975585118964
4081,0.9416243654822335,0.9976109404441067
4082,0.9418550992155053,0.99762420366931
4083,0.9420858329487771,0.9976374452076563
4084,0.9423165666820489,0.9976506867460025
4085,0.9425473004153208,0.9976639043146648
4086,0.9427780341485925,0.9976771047621238
4087,0.9430087678818643,0.997690283522726
4088,0.9432395016151361,0.9977034451621254
4089,0.9434702353484079,0.997716545165194
4090,0.9437009690816798,0.9977296257642326
4091,0.9439317028149515,0.9977427017976174
4092,0.9441624365482234,0.9977557778310018
4093,0.9443931702814952,0.9977688344603565
4094,0.9446239040147669,0.9977818853826433
4095,0.9448546377480388,0.9977949237493815
4096,0.9450853714813106,0.9978079564090521
4097,0.9453161052145824,0.9978209845030684
4098,0.9455468389478542,0.9978340091728441
4099,0.9457775726811259,0.9978470212870711
4100,0.9460083064143978,0.9978599923104112
4101,0.9462390401476696,0.9978729473539617
4102,0.9464697738809414,0.9978859023975123
4103,0.9467005076142132,0.9978988574410629
4104,0.946931241347485,0.9979118102017864
4105,0.9471619750807568,0.9979247583968557
4106,0.9473927088140286,0.9979376700666921
4107,0.9476234425473005,0.9979505452112957
4108,0.9478541762805722,0.9979634146488315
4109,0.948084910013844,0.9979762840863675
4110,0.9483156437471159,0.9979891364027004
4111,0.9485463774803876,0.9980019830119659
4112,0.9487771112136595,0.9980148193485092
4113,0.9490078449469312,0.9980276488365717
4114,0.949238578680203,0.9980404691933259
4115,0.9494693124134749,0.9980532815601854
4116,0.9497000461467466,0.9980660882199771
4117,0.9499307798800185,0.9980788811828066
4118,0.9501615136132903,0.9980916627315009
4119,0.950392247346562,0.9981043723711427
4120,0.9506229810798339,0.998117059182514
4121,0.9508537148131057,0.9981297254484419
4122,0.9510844485463775,0.9981423894315425
4123,0.9513151822796493,0.9981550499904026
4124,0.951545916012921,0.9981676968523006
4125,0.9517766497461929,0.9981803380071307
4126,0.9520073834794647,0.9981929757377201
4127,0.9522381172127365,0.9982055940642798
4128,0.9524688509460083,0.9982182021181175
4129,0.9526995846792801,0.9982308033234742
4130,0.9529303184125519,0.9982434022460039
4131,0.9531610521458237,0.9982560011685334
4132,0.9533917858790956,0.9982686000910631
4133,0.9536225196123673,0.9982811841752168
4134,0.9538532533456391,0.9982937340169646
4135,0.954083987078911,0.9983062701617501
4136,0.9543147208121827,0.9983188028822951
4137,0.9545454545454546,0.9983312853806448
4138,0.9547761882787263,0.9983437416264833
4139,0.9550069220119981,0.998356180751119
4140,0.95523765574527,0.9983685650879052
4141,0.9554683894785417,0.9983809357277289
4142,0.9556991232118136,0.9983932869635229
4143,0.9559298569450854,0.9984056222195272
4144,0.9561605906783571,0.9984179540512912
4145,0.956391324411629,0.9984302756103333
4146,0.9566220581449008,0.998442557219902
4147,0.9568527918781726,0.9984548217082677
4148,0.9570835256114444,0.9984670154289946
4149,0.9573142593447161,0.9984791783315563
4150,0.957544993077988,0.9984913001432308
4151,0.9577757268112598,0.9985034105407701
4152,0.9580064605445316,0.9985154912615577
4153,0.9582371942778034,0.9985274646894736
4154,0.9584679280110752,0.9985394289860813
4155,0.958698661744347,0.9985513864342077
4156,0.9589293954776188,0.9985632970843795
4157,0.9591601292108907,0.9985751677850778
4158,0.9593908629441624,0.9985870384857761
4159,0.9596215966774342,0.9985988292875274
4160,0.9598523304107061,0.9986106200892786
4161,0.9600830641439778,0.9986224051839623
4162,0.9603137978772497,0.9986341423392777
4163,0.9605445316105214,0.9986458749289392
4164,0.9607752653437933,0.9986575687105405
4165,0.9610059990770651,0.9986692248254955
4166,0.9612367328103368,0.998680867243488
4167,0.9614674665436087,0.9986924868332099
4168,0.9616982002768805,0.9987040950087968
4169,0.9619289340101523,0.9987157031843833
4170,0.9621596677434241,0.9987272942387672
4171,0.9623904014766959,0.998738868171948
4172,0.9626211352099677,0.9987504352566478
4173,0.9628518689432395,0.9987619852201444
4174,0.9630826026765114,0.9987735249109193
4175,0.9633133364097831,0.9987850497633185
4176,0.9635440701430549,0.998796566625823
4177,0.9637748038763267,0.998808072074192
4178,0.9640055376095985,0.9988195432801552
4179,0.9642362713428704,0.9988309003447656
4180,0.9644670050761421,0.998842216318489
4181,0.9646977388094139,0.9988534535346788
4182,0.9649284725426858,0.9988646873266281
4183,0.9651592062759575,0.9988758731792092
4184,0.9653899400092294,0.9988870556075498
4185,0.9656206737425012,0.9988982072177249
4186,0.9658514074757729,0.9989093359996296
4187,0.9660821412090448,0.9989203848825873
4188,0.9663128749423165,0.9989314109372743
4189,0.9665436086755884,0.9989423822041121
4190,0.9667743424088602,0.9989533226527846
4191,0.9670050761421319,0.998964204889367
4192,0.9672358098754038,0.9989749752674236
4193,0.9674665436086756,0.9989857045545932
4194,0.9676972773419474,0.9989964087306651
4195,0.9679280110752192,0.9990071094824965
4196,0.968158744808491,0.9990177999616061
4197,0.9683894785417628,0.9990284550568965
4198,0.9686202122750346,0.9990390382431343
4199,0.9688509460083065,0.9990495917526206
4200,0.9690816797415782,0.9990600699288139
4201,0.96931241347485,0.9990705481050073
4202,0.9695431472081218,0.9990809714933512
4203,0.9697738809413936,0.999091312699921
4204,0.9700046146746655,0.9991016539064909
4205,0.9702353484079372,0.9991119814160985
4206,0.970466082141209,0.9991222883802625
4207,0.9706968158744809,0.9991325747989829
4208,0.9709275496077526,0.9991428520863951
4209,0.9711582833410245,0.9991531248081532
4210,0.9713890170742963,0.9991633906814303
4211,0.971619750807568,0.9991735720901062
4212,0.9718504845408399,0.9991837375189926
4213,0.9720812182741116,0.9991938960993979
4214,0.9723119520073835,0.9992039633667208
4215,0.9725426857406553,0.9992139507350968
4216,0.972773419473927,0.9992239266893375
4217,0.9730041532071989,0.999233733714376
4218,0.9732348869404707,0.9992434505677457
4219,0.9734656206737425,0.9992531525827395
4220,0.9736963544070143,0.9992628545977333
4221,0.9739270881402861,0.9992725166632535
4222,0.9741578218735579,0.9992819618602032
4223,0.9743885556068297,0.9992912723703568
4224,0.9746192893401016,0.9993005680421345
4225,0.9748500230733733,0.9993097929462731
4226,0.9750807568066451,0.999319015567585
4227,0.975311490539917,0.9993282267747614
4228,0.9755422242731887,0.9993374311334567
4229,0.9757729580064606,0.999346516785145
4230,0.9760036917397323,0.9993555567802923
4231,0.9762344254730042,0.9993645967754394
4232,0.976465159206276,0.9993736367705867
4233,0.9766958929395477,0.999382482725434
4234,0.9769266266728196,0.9993913172661458
4235,0.9771573604060914,0.9994001518068578
4236,0.9773880941393632,0.9994089749334346
4237,0.977618827872635,0.9994177466964025
4238,0.9778495616059067,0.9994265127523029
4239,0.9780802953391786,0.9994352502728648
4240,0.9783110290724504,0.9994439820863592
4241,0.9785417628057222,0.9994527138998537
4242,0.978772496538994,0.9994614251679046
4243,0.9790032302722658,0.9994701364359555
4244,0.9792339640055376,0.9994788477040065
4245,0.9794646977388094,0.9994875589720572
4246,0.9796954314720813,0.9994962451290107
4247,0.979926165205353,0.9995048913364905
4248,0.9801568989386248,0.9995135272712484
4249,0.9803876326718967,0.9995220878727136
4250,0.9806183664051684,0.9995306370600433
4251,0.9808491001384403,0.9995391291766967
4252,0.981079833871712,0.9995476212933502
4253,0.9813105676049838,0.9995560426423646
4254,0.9815413013382557,0.9995644525772441
4255,0.9817720350715274,0.9995728419666801
4256,0.9820027688047993,0.9995812313561159
4257,0.9822335025380711,0.9995895865031457
4258,0.9824642362713428,0.9995979074077699
4259,0.9826949700046147,0.9996061255851764
4260,0.9829257037378865,0.9996143049545229
4261,0.9831564374711583,0.9996224546471175
4262,0.9833871712044301,0.9996306043397124
4263,0.9836179049377018,0.9996387243555555
4264,0.9838486386709737,0.9996468283916091
4265,0.9840793724042455,0.9996548205691369
4266,0.9843101061375173,0.9996627305648907
4267,0.9845408398707891,0.9996705880556221
4268,0.9847715736040609,0.9996783439605496
4269,0.9850023073373327,0.9996860176837029
4270,0.9852330410706045,0.9996936879826156
4271,0.9854637748038764,0.9997011528270932
4272,0.9856945085371481,0.9997084578736768
4273,0.9859252422704199,0.9997157343849221
4274,0.9861559760036918,0.999722975512348
4275,0.9863867097369635,0.9997301664175787
4276,0.9866174434702354,0.9997373402016067
4277,0.9868481772035071,0.9997444900159502
4278,0.9870789109367789,0.9997516158606099
4279,0.9873096446700508,0.999758544240729
4280,0.9875403784033225,0.9997653813077658
4281,0.9877711121365944,0.9997722069606672
4282,0.9880018458698662,0.9997789983711628
4283,0.9882325796031379,0.9997856744988921
4284,0.9884633133364098,0.9997923038286667
4285,0.9886940470696816,0.9997987414009686
4286,0.9889247808029534,0.9998051618520674
4287,0.9891555145362252,0.9998115720304445
4288,0.989386248269497,0.9998176785928229
4289,0.9896169820027688,0.999823708680495
4290,0.9898477157360406,0.9998296668591146
4291,0.9900784494693124,0.9998356250377345
4292,0.9903091832025842,0.9998415603880836
4293,0.990539916935856,0.9998474957384328
4294,0.9907706506691278,0.9998533808665865
4295,0.9910013844023996,0.9998592020755828
4296,0.9912321181356715,0.9998649719209703
4297,0.9914628518689432,0.9998706561603433
4298,0.991693585602215,0.9998762262583631
4299,0.9919243193354869,0.9998817598311502
4300,0.9921550530687586,0.999886964676841
4301,0.9923857868020305,0.9998921010377201
4302,0.9926165205353022,0.9998970661865698
4303,0.9928472542685741,0.9999019970930139
4304,0.9930779880018459,0.9999067898884206
4305,0.9933087217351176,0.9999114126132118
4306,0.9935394554683895,0.9999159497319883
4307,0.9937701892016613,0.9999204286386748
4308,0.9940009229349331,0.9999248938483992
4309,0.9942316566682049,0.9999292825834168
4310,0.9944623904014767,0.9999336313689611
4311,0.9946931241347485,0.9999379002555584
4312,0.9949238578680203,0.9999420732634193
4313,0.9951545916012922,0.9999461595238519
4314,0.9953853253345639,0.9999502001277435
4315,0.9956160590678357,0.9999542407316351
4316,0.9958467928011075,0.9999582813355267
4317,0.9960775265343793,0.9999622534546063
4318,0.9963082602676512,0.9999661342606039
4319,0.9965389940009229,0.999969860975775
4320,0.9967697277341947,0.9999733537011728
4321,0.9970004614674666,0.9999767779417589
4322,0.9972311952007383,0.999979688546257
4323,0.9974619289340102,0.9999825991507552
4324,0.997692662667282,0.9999851045534507
4325,0.9979233964005537,0.9999874786935902
4326,0.9981541301338256,0.99998985283373
4327,0.9983848638670973,0.9999917932367287
4328,0.9986155976003692,0.9999935053570218
4329,0.998846331333641,0.9999952174773148
4330,0.9990770650669127,0.9999967355573081
4331,0.9993077988001846,0.9999981908595571
4332,0.9995385325334564,0.9999988985359448
4333,0.9997692662667282,0.9999995719699267
4334,1,1
