stock_code,purchase_sales_gbp,credit_value_gbp,sales_less_credits_gbp,credit_value_ratio,Description
22423,174484.74,9722.55,164762.19,0.0557214917476451,REGENCY CAKESTAND 3 TIER
47566,99504.33,1201.3500000000001,98302.98,0.012073343943926864,PARTY BUNTING
85123A,104518.8,6624.3,97894.5,0.06337902846186523,WHITE HANGING HEART T-LIGHT HOLDER
85099B,94340.05,1984.02,92356.03,0.021030516731759204,JUMBO BAG RED RETROSPOT
23084,66964.99,208.4,66756.59000000001,0.003112073935947724,RABBIT NIGHT LIGHT
22086,64952.29,1160.35,63791.94,0.017864651115457205,PAPER CHAIN KIT 50'S CHRISTMAS
84879,59094.93,135.2,58959.73,0.0022878443209933576,ASSORTED COLOUR BIRD ORNAMENT
79321,54117.76,349.7,53768.060000000005,0.006461834340519636,CHILLI LIGHTS
22502,51426.62,385.25,51041.37,0.0074912564737873106,PICNIC BASKET WICKER SMALL
22197,51354.02,366.55,50987.469999999994,0.007137708011953106,POPCORN HOLDER
23298,43182.83,482.81000000000006,42700.020000000004,0.011180601178755538,SPOTTY BUNTING
22386,42436.24,816.58,41619.659999999996,0.019242515359513473,JUMBO BAG PINK POLKADOT
23203,42067.78,1076.4,40991.38,0.025587278434944752,JUMBO BAG VINTAGE DOILY
21137,40652.13,55.17,40596.96,0.001357124460637118,BLACK RECORD COVER FRAME
22720,38158.39,744.95,37413.44,0.01952257419665767,SET OF 3 CAKE TINS PANTRY DESIGN
23284,38166.64,1601.25,36565.39,0.04195417778457836,DOORMAT KEEP CALM AND COME IN
22960,37128.88,1012.79,36116.09,0.027277687880700955,JAM MAKING SET WITH JARS
82484,36030.22,170.95,35859.270000000004,0.0047446282592779054,WOOD BLACK BOARD ANT WHITE FINISH
20725,36042.01,854.7,35187.310000000005,0.023713993753400546,LUNCH BAG RED RETROSPOT
22114,33002.590000000004,310.1,32692.490000000005,0.009396232235106395,HOT WATER BOTTLE TEA AND SYMPATHY
22178,33187.97,638.4,32549.57,0.019235885774273025,VICTORIAN GLASS HANGING T-LIGHT
22112,32866.18,548.88,32317.3,0.01670045012836904,CHOCOLATE HOT WATER BOTTLE
85099F,32570.47,448.49,32121.98,0.013769835068391705,JUMBO BAG STRAWBERRY
22910,32873.340000000004,931.4499999999999,31941.890000000003,0.02833451057908931,PAPER CHAIN KIT VINTAGE CHRISTMAS
22469,32107.8,207.95,31899.85,0.006476619388435209,HEART OF WICKER SMALL
23245,31177.95,421.5,30756.45,0.013519169797886005,SET OF 3 REGENCY CAKE TINS
22727,30701.12,277.5,30423.62,0.009038758195140764,ALARM CLOCK BAKELIKE RED
21931,30770.12,602.33,30167.789999999997,0.01957515927789687,JUMBO STORAGE BAG SUKI
22470,30139.410000000003,189.5,29949.910000000003,0.006287448891667089,HEART OF WICKER LARGE
23199,30475.65,1309.25,29166.4,0.04296052750310494,JUMBO BAG APPLES
22355,29277.95,113.59,29164.36,0.0038797115235185524,CHARLOTTE BAG SUKI DESIGN
23355,28842.550000000003,417.6,28424.950000000004,0.014478608860867017,HOT WATER BOTTLE KEEP CALM
22411,28634.95,622.47,28012.48,0.021738120723102362,JUMBO SHOPPER VINTAGE RED PAISLEY
22457,28147.960000000003,152.60000000000002,27995.360000000004,0.00542135202693197,NATURAL SLATE HEART CHALKBOARD
22699,29095.27,1150.35,27944.920000000002,0.03953735435347395,ROSES REGENCY TEACUP AND SAUCER
20685,28082.54,461.22,27621.32,0.016423728053089216,DOORMAT RED RETROSPOT
85099C,28092.2,510.88,27581.32,0.01818583094239682,JUMBO  BAG BAROQUE BLACK WHITE
22726,27196.53,157.5,27039.03,0.005791179977739807,ALARM CLOCK BAKELIKE GREEN
23201,27890.170000000002,1076.02,26814.15,0.03858061818913258,JUMBO BAG ALPHABET
21915,26331.58,83.75,26247.83,0.0031805915178656197,RED  HARMONICA IN BOX
84347,26463.829999999998,321.6,26142.23,0.01215243598526744,ROTATING SILVER ANGELS T-LIGHT HLDR
22666,26240.600000000002,421.05,25819.550000000003,0.01604574590520034,RECIPE BOX PANTRY YELLOW DESIGN
22629,25740.469999999998,92.7,25647.769999999997,0.0036013328427958002,SPACEBOY LUNCH BOX
84946,25889.63,372.96000000000004,25516.670000000002,0.014405767869220225,ANTIQUE SILVER T-LIGHT GLASS
48138,25609.6,97.5,25512.1,0.003807166062726478,DOORMAT UNION FLAG
22961,25660.98,425.75,25235.23,0.016591338288716954,JAM MAKING SET PRINTED
21181,25290.58,169.70000000000002,25120.88,0.006710008232314166,PLEASE ONE PERSON METAL SIGN
23173,24918.93,436.40000000000003,24482.53,0.01751279047695868,REGENCY TEAPOT ROSES
22722,24483.66,118,24365.66,0.004819540869298136,SET OF 6 SPICE TINS PANTRY DESIGN
22326,24438.620000000003,120.95000000000002,24317.670000000002,0.0049491337890601025,ROUND SNACK BOXES SET OF4 WOODLAND
21621,24542.829999999998,238,24304.829999999998,0.00969733319262693,VINTAGE UNION JACK BUNTING
48187,24292.84,31.8,24261.04,0.0013090276805840734,DOORMAT NEW ENGLAND
22111,24509.84,544.45,23965.39,0.022213527301687814,SCOTTIE DOG HOT WATER BOTTLE
22138,24239.72,311.1,23928.620000000003,0.012834306666908693,BAKING SET 9 PIECE RETROSPOT
21731,23932.98,281.29999999999995,23651.68,0.011753655416082743,RED TOADSTOOL LED NIGHT LIGHT
22189,23463.47,31.6,23431.870000000003,0.0013467743688380278,CREAM HEART CARD HOLDER
23344,23815.75,486.96000000000004,23328.79,0.02044697311653003,JUMBO BAG 50'S CHRISTMAS
21175,27074.07,3775.33,23298.739999999998,0.13944449430765304,GIN + TONIC DIET METAL SIGN
21733,23228.74,152.95,23075.79,0.0065845155613261834,RED HANGING HEART T-LIGHT HOLDER
21623,23010.09,39.8,22970.29,0.00172967598127604,VINTAGE UNION JACK MEMOBOARD
23243,23514.170000000002,545.5500000000001,22968.620000000003,0.023200903965566295,SET OF TEA COFFEE SUGAR TINS PANTRY
21929,23181.14,387.07,22794.07,0.01669762574230603,JUMBO BAG PINK VINTAGE PAISLEY
22139,22912.81,195.3,22717.510000000002,0.00852361626531185,RETROSPOT TEA SET CERAMIC 11 PC
20713,23030.96,431.43,22599.53,0.018732610364483288,JUMBO BAG OWLS
22090,22790.960000000003,196.4,22594.56,0.008617451831778915,PAPER BUNTING RETROSPOT
82482,23113.260000000002,581.55,22531.710000000003,0.02516088167571342,WOODEN PICTURE FRAME WHITE FINISH
22697,22826.3,393.05,22433.25,0.017219172621055538,GREEN REGENCY TEACUP AND SAUCER
22383,22542.44,223.8,22318.64,0.00992794036492944,LUNCH BAG SUKI DESIGN
85066,22708.95,460.8,22248.15,0.020291559054910067,CREAM SWEETHEART MINI CHEST
20727,22421.21,202.2,22219.01,0.009018246562072252,LUNCH BAG  BLACK SKULL.
48194,22138.57,23.85,22114.72,0.0010773053544108767,DOORMAT HEARTS
84029E,22144.98,256.45,21888.53,0.01158050266922797,RED WOOLLY HOTTIE WHITE HEART.
15056N,22176.49,337.45,21839.04,0.015216564929797274,EDWARDIAN PARASOL NATURAL
20712,22092.420000000002,426.46,21665.960000000003,0.01930345340166446,JUMBO BAG WOODLAND ANIMALS
20724,21776.79,170.31,21606.48,0.007820711868002584,RED RETROSPOT CHARLOTTE BAG
21523,21601.69,40.05,21561.64,0.0018540216066428136,DOORMAT FANCY FONT HOME SWEET HOME
20728,21750.63,327.5,21423.13,0.015057035129557167,LUNCH BAG CARS BLUE
23202,21852.81,442.46000000000004,21410.350000000002,0.020247281699699034,JUMBO BAG VINTAGE LEAF
23209,21450.17,65.8,21384.37,0.0030675747558177864,LUNCH BAG VINTAGE DOILY
22630,21635.14,478.6499999999999,21156.489999999998,0.02212373019079146,DOLLY GIRL LUNCH BOX
21212,21259.100000000002,199.38000000000002,21059.72,0.009378571999755399,PACK OF 72 RETROSPOT CAKE CASES
23206,20911.98,97.15,20814.829999999998,0.004645662438468285,LUNCH BAG APPLE DESIGN
21166,20957.64,161.1,20796.54,0.0076869342158754515,COOK WITH WINE METAL SIGN
21928,21154.55,484.53,20670.02,0.022904292457178243,JUMBO BAG SCANDINAVIAN BLUE PAISLEY
22728,20702.15,153.75,20548.4,0.007426764852925903,ALARM CLOCK BAKELIKE PINK
22659,20818.7,546,20272.7,0.026226421438418343,LUNCH BOX I LOVE LONDON
21479,20594.45,635.9300000000001,19958.52,0.0308787076129734,WHITE SKULL HOT WATER BOTTLE
84997D,19736.5,108.75,19627.75,0.005510095508322144,CHILDRENS CUTLERY POLKADOT PINK
48185,23888.81,4554.9,19333.910000000003,0.19067086221540544,DOORMAT FAIRY CAKE
21843,21365.25,2480.5,18884.75,0.11609974140251109,RED RETROSPOT CAKE STAND
82494L,19640.79,910.9499999999999,18729.84,0.046380517280618545,WOODEN FRAME ANTIQUE WHITE
22969,18788.55,185.79999999999998,18602.75,0.009889001546154439,HOMEMADE JAM SCENTED CANDLES
22467,18890.47,337.5,18552.97,0.01786615155684321,GUMBALL COAT RACK
22501,19322.16,873.2,18448.96,0.04519163488968107,PICNIC BASKET WICKER LARGE
20726,18323.38,134.9,18188.48,0.007362178811987745,LUNCH BAG WOODLAND
20914,18390.2,300.85,18089.350000000002,0.016359256560559428,SET/5 RED RETROSPOT LID GLASS BOWLS
15036,18569.84,505.68,18064.16,0.02723125239635883,ASSORTED COLOURS SILK FAN
82486,18467.22,585.9,17881.32,0.031726486173879985,WOOD S/3 CABINET ANT WHITE FINISH
22382,18092.36,242.35,17850.010000000002,0.013395156850736995,LUNCH BAG SPACEBOY DESIGN
22693,17927.45,90,17837.45,0.0050202343333826055,GROW A FLYTRAP OR SUNFLOWER IN TIN
22865,17910.030000000002,258.05,17651.980000000003,0.014408127736246112,HAND WARMER OWL DESIGN
21485,17708.53,99,17609.53,0.0055905261475684325,RETROSPOT HEART HOT WATER BOTTLE
22328,19130.37,1691.4999999999998,17438.87,0.08841961760279597,ROUND SNACK BOXES SET OF 4 FRUITS
71477,20658.56,3443.62,17214.940000000002,0.16669216053781094,COLOUR GLASS. STAR T-LIGHT HOLDER
22384,17435.19,236.2,17198.989999999998,0.013547314368240323,LUNCH BAG PINK POLKADOT
22698,17551.760000000002,387.5,17164.260000000002,0.022077558034066098,PINK REGENCY TEACUP AND SAUCER
22077,17205.37,56.099999999999994,17149.27,0.0032606099142302664,6 RIBBONS RUSTIC CHARM
21754,17049.920000000002,118.60000000000001,16931.320000000003,0.006956044368536626,HOME BUILDING BLOCK WORD
82583,17047.06,133.46,16913.600000000002,0.007828915953836028,HOT BATHS METAL SIGN
22385,17081.86,215.14,16866.72,0.012594647187133016,JUMBO BAG SPACEBOY DESIGN
23240,17037.52,206.70000000000002,16830.82,0.012132047387178416,SET OF 4 KNICK KNACK TINS DOILY
22492,16937.82,127.4,16810.42,0.007521629111656636,MINI PAINT SET VINTAGE
20719,16759.75,87.39999999999999,16672.35,0.005214874923551962,WOODLAND CHARLOTTE BAG
22993,16507.23,85,16422.23,0.005149258839914389,SET OF 4 PANTRY JELLY MOULDS
22835,18055.11,1679.7,16375.41,0.09303183420095475,HOT WATER BOTTLE I AM SO POORLY
22624,16528.31,168.3,16360.010000000002,0.010182529248301852,IVORY KITCHEN SCALES
84978,16477.53,206.59,16270.939999999999,0.012537680101325867,HANGING HEART JAR T-LIGHT HOLDER
23301,16357.05,168.89999999999998,16188.15,0.01032582281034783,GARDENERS KNEELING PAD KEEP CALM
84029G,16164.04,58,16106.04,0.0035882118579266074,KNITTED UNION FLAG HOT WATER BOTTLE
84997B,16045.970000000001,127.5,15918.470000000001,0.007945920377515351,CHILDRENS CUTLERY RETROSPOT RED
85152,15983.330000000002,135.22,15848.110000000002,0.008460064329523322,HAND OVER THE CHOCOLATE   SIGN
21232,16263.800000000001,443.25,15820.550000000001,0.027253778329787624,STRAWBERRY CERAMIC TRINKET BOX
23313,15833.31,64.35,15768.96,0.004064216515687497,VINTAGE CHRISTMAS BUNTING
22379,15636.99,122.65,15514.34,0.007843581149569068,RECYCLING BAG RETROSPOT
15056BL,15828.84,652.5,15176.34,0.04122222474925516,EDWARDIAN PARASOL BLACK
84078A,16363.300000000001,1248.25,15115.050000000001,0.07628351249442349,SET/4 WHITE RETRO STORAGE CUBES
22084,15122.970000000001,120.95,15002.02,0.007997767634267607,PAPER CHAIN KIT EMPIRE
84997C,14501.18,22.9,14478.28,0.0015791818320991808,CHILDRENS CUTLERY POLKADOT BLUE
22900,14975.93,552.6,14423.33,0.036899210933811794,SET 2 TEA TOWELS I LOVE LONDON
48184,14324,47.7,14276.3,0.003330075397933538,DOORMAT ENGLISH ROSE
22866,14410.62,209.10000000000002,14201.52,0.014510132110901543,HAND WARMER SCOTTY DOG DESIGN
22507,14193.35,33.95,14159.4,0.00239196525133249,MEMO BOARD RETROSPOT  DESIGN
21930,14031.16,6.24,14024.92,4.4472445613905054e-4,JUMBO STORAGE BAG SKULLS
82483,15240.07,1240.7,13999.369999999999,0.08141038722263087,WOOD 2 DRAWER CABINET WHITE FINISH
22083,14159.54,165.20000000000002,13994.34,0.011667045680862515,PAPER CHAIN KIT RETROSPOT
22867,14078.69,111.30000000000001,13967.390000000001,0.007905565077432631,HAND WARMER BIRD DESIGN
23200,14197.28,243.63000000000002,13953.650000000001,0.017160329302514286,JUMBO BAG PEARS
22625,14141.7,198.05,13943.650000000001,0.014004681191087352,RED KITCHEN SCALES
22622,13931.31,151.35,13779.96,0.010864017813113053,BOX OF VINTAGE ALPHABET BLOCKS
22847,14389.34,711.8,13677.54,0.049467175005941895,BREAD BIN DINER STYLE IVORY
23077,13720.77,75,13645.77,0.005466165528611003,DOUGHNUT LIP GLOSS
84077,13841.849999999999,253.92,13587.929999999998,0.018344368707940054,WORLD WAR 2 GLIDERS ASSTD DESIGNS
22551,13615.31,47.849999999999994,13567.46,0.0035144260395099337,PLASTERS IN TIN SPACEBOY
21524,13612.41,48.9,13563.51,0.003592310252188995,DOORMAT SPOTTY HOME SWEET HOME
22752,14453.470000000001,952.0000000000001,13501.470000000001,0.06586653585609546,SET 7 BABUSHKA NESTING BOXES
23343,13978.95,505.68,13473.27,0.03617439078042342,JUMBO BAG VINTAGE CHRISTMAS
23356,13494.970000000001,53.55,13441.420000000002,0.003968145168162656,LOVE HOT WATER BOTTLE
22941,13812.92,429.25,13383.67,0.031075978142203097,CHRISTMAS LIGHTS 10 REINDEER
22554,13344.769999999999,47.849999999999994,13296.919999999998,0.0035856743877938696,PLASTERS IN TIN WOODLAND ANIMALS
22558,13346.039999999999,66.58,13279.46,0.0049887457253237665,CLOTHES PEGS RETROSPOT PACK 24
23328,13284.49,29.64,13254.85,0.002231173345758851,SET 6 SCHOOL MILK BOTTLES IN CRATE
23108,13303.019999999999,317.59999999999997,12985.419999999998,0.02387427817142273,SET OF 10 LED DOLLY LIGHTS
22171,13746.11,876.35,12869.76,0.06375258163946018,3 HOOK PHOTO SHELF ANTIQUE WHITE
22499,12792.25,23.8,12768.45,0.0018605014755027458,WOODEN UNION JACK BUNTING
82600,12835.28,73.30000000000001,12761.980000000001,0.005710822046733691,NO SINGING METAL SIGN
22113,12805.33,104.25,12701.08,0.008141141227910565,GREY HEART HOT WATER BOTTLE
23207,13360.2,659.6,12700.6,0.049370518405413094,LUNCH BAG ALPHABET DESIGN
20750,12642.93,47.7,12595.23,0.003772859614029343,RED RETROSPOT MINI CASES
20749,12614.17,63.6,12550.57,0.005041948855929483,ASSORTED COLOUR MINI CASES
21755,12572.710000000001,23.8,12548.910000000002,0.0018929888623852773,LOVE BUILDING BLOCK WORD
22607,12571.369999999999,36.9,12534.47,0.002935240948281691,WOODEN ROUNDERS GARDEN SET
20723,12552.4,62.71,12489.69,0.004995857365922055,STRAWBERRY CHARLOTTE BAG
22188,12487.17,3.95,12483.22,3.1632467564708417e-4,BLACK HEART CARD HOLDER
21790,12515.96,72.25,12443.71,0.005772629506645915,VINTAGE SNAP CARDS
22427,12671.060000000001,243.9,12427.160000000002,0.019248586937478,ENAMEL FLOWER JUG CREAM
22776,13088.73,863,12225.73,0.06593458647248435,SWEETHEART CAKESTAND 3 TIER
21977,12245.02,55.550000000000004,12189.470000000001,0.004536538119170079,PACK OF 60 PINK PAISLEY CAKE CASES
48188,12114.97,40.05,12074.92,0.003305827418474829,DOORMAT WELCOME PUPPIES
22424,12383.83,342.6,12041.23,0.02766510845190866,ENAMEL BREAD BIN CREAM
23174,12350.73,345.2,12005.529999999999,0.027949764912681276,REGENCY SUGAR BOWL GREEN
47590B,12071.92,124.10000000000001,11947.82,0.010280054871138974,PINK HAPPY BIRTHDAY BUNTING
22158,11944.880000000001,71.75,11873.130000000001,0.006006757707067797,3 HEARTS HANGING DECORATION RUSTIC
21430,11928.45,144.03,11784.42,0.012074494171497554,SET/3 RED GINGHAM ROSE STORAGE BOX
22193,11882.57,192.95000000000002,11689.619999999999,0.016238069710508757,RED DINER WALL CLOCK
22087,11893.230000000001,223.8,11669.430000000002,0.018817428066219184,PAPER BUNTING WHITE LACE
23300,11815.689999999999,231.6,11584.089999999998,0.01960105588416758,GARDENERS KNEELING PAD CUP OF TEA
22692,11555.56,23.85,11531.71,0.0020639415138686487,DOORMAT WELCOME TO OUR HOME
21936,11671.09,157.10000000000002,11513.99,0.013460610791279994,RED RETROSPOT PICNIC BAG
21108,18069.280000000002,6591.420000000001,11477.86,0.36478597929745954,FAIRY CAKE FLANNEL ASSORTED COLOUR
21217,11532.39,89.55,11442.84,0.007765085988247016,RED RETROSPOT ROUND CAKE TINS
22568,12440.14,1028.8200000000002,11411.32,0.08270164162139657,FELTCRAFT CUSHION OWL
23581,11613.03,224.76,11388.27,0.019354122050834276,JUMBO BAG PAISLEY PARK
21216,11407.56,78.5,11329.06,0.006881401456577919,"SET 3 RETROSPOT TEA,COFFEE,SUGAR"
21080,11319.36,14.45,11304.91,0.0012765739405761454,SET/20 RED RETROSPOT PAPER NAPKINS
22730,11479.65,195,11284.65,0.016986580601324953,ALARM CLOCK BAKELIKE IVORY
22041,11354.560000000001,93.75,11260.810000000001,0.008256594707324634,"RECORD FRAME 7"" SINGLE SIZE"
21481,11466.37,239.6,11226.77,0.020895889457605153,FAWN BLUE HOT WATER BOTTLE
22356,11420.289999999999,201.53,11218.759999999998,0.017646662212605812,CHARLOTTE BAG PINK POLKADOT
22149,12373.880000000001,1158.3,11215.580000000002,0.09360847203948962,FELTCRAFT 6 FLOWER FRIENDS
22605,11276.21,97,11179.21,0.00860218105196693,WOODEN CROQUET GARDEN SET
22662,11090.58,28.049999999999997,11062.53,0.0025291734066207536,LUNCH BAG DOLLY GIRL DESIGN
20971,13838.1,2778.77,11059.33,0.20080574645363164,PINK BLUE FELT CRAFT TRINKET BOX
22413,11104.79,53.10000000000001,11051.69,0.004781720320690441,METAL SIGN TAKE IT OR LEAVE IT
21340,11338.27,298.2,11040.07,0.02630030860087121,CLASSIC METAL BIRDCAGE PLANT HOLDER
20711,11014.62,40.31,10974.310000000001,0.0036596814052595548,JUMBO BAG TOYS
85014B,10981.95,11.9,10970.050000000001,0.0010835962647799343,RED RETROSPOT UMBRELLA
22988,10938.310000000001,132.78,10805.53,0.012138986735610893,SOLDIERS EGG CUP
71459,10858.89,105.88,10753.01,0.009750536196609413,HANGING JAM JAR T-LIGHT HOLDER
22617,10745.050000000001,142.15,10602.900000000001,0.013229347466973164,BAKING SET SPACEBOY DESIGN
85048,10910.61,307.95,10602.66,0.02822481969385763,15CM CHRISTMAS GLASS BALL 20 LIGHTS
22734,10621.6,86.7,10534.9,0.008162612035851472,SET OF 6 RIBBONS VINTAGE CHRISTMAS
21791,10535.65,45,10490.65,0.0042712125023135735,VINTAGE HEADS AND TAILS CARD GAME
84755,10518.25,44.85,10473.4,0.004264017303258622,COLOUR GLASS T-LIGHT HOLDER HANGING
21891,10526,59.32,10466.68,0.005635569067072012,TRADITIONAL WOODEN SKIPPING ROPE
22570,11227.47,832.35,10395.119999999999,0.07413513462961825,FELTCRAFT CUSHION RABBIT
23208,10498.01,109.85,10388.16,0.010463887917805373,LUNCH BAG VINTAGE LEAF DESIGN
47590A,10502.650000000001,114.8,10387.850000000002,0.010930574664489436,BLUE HAPPY BIRTHDAY BUNTING
21914,10343.56,45,10298.56,0.004350533085320721,BLUE HARMONICA IN BOX
22846,10676.619999999999,416.7,10259.919999999998,0.03902920587227044,BREAD BIN DINER STYLE RED
84947,10297.27,38.29,10258.98,0.0037184613009079103,ANTIQUE SILVER TEA GLASS ENGRAVED
22970,10224.75,33.6,10191.15,0.0032861439154991566,LONDON BUS COFFEE MUG
22169,10354.26,257.55,10096.710000000001,0.02487382005087761,FAMILY ALBUM WHITE PICTURE FRAME
23170,11117.05,1046.3,10070.75,0.09411669462672202,REGENCY TEA PLATE ROSES
23582,10233.45,222.68,10010.77,0.021760012508000724,VINTAGE DOILY JUMBO BAG RED
22633,10057.320000000002,54.60000000000001,10002.720000000001,0.0054288816503800215,HAND WARMER UNION JACK
22621,10056.949999999999,64.75,9992.199999999999,0.006438333689637515,TRADITIONAL KNITTING NANCY
48173C,10025.11,40.95,9984.16,0.004084743209800192,DOORMAT BLACK FLOCK
20679,10021.42,53.550000000000004,9967.87,0.005343554107102587,EDWARDIAN PARASOL RED
22556,10070.109999999999,108.89999999999999,9961.21,0.010814181771599318,PLASTERS IN TIN CIRCUS PARADE
21218,10116.49,165.25,9951.24,0.01633471688302959,RED SPOTTY BISCUIT TIN
23076,9965.76,35,9930.76,0.0035120251741964487,ICE CREAM SUNDAE LIP GLOSS
22690,9959.6,48.3,9911.300000000001,0.00484959235310655,DOORMAT HOME SWEET HOME BLUE
22619,9921.289999999999,15,9906.289999999999,0.0015119001662082252,SET OF 6 SOLDIER SKITTLES
23171,10051.99,146.25,9905.74,0.014549357888338528,REGENCY TEA PLATE GREEN
84997A,9933.880000000001,49.95,9883.93,0.005028246767627553,CHILDRENS CUTLERY POLKADOT GREEN
22555,9863.279999999999,34.65,9828.63,0.0035130301481859994,PLASTERS IN TIN STRONGMAN
22791,9963.880000000001,192.75000000000003,9771.130000000001,0.01934487368374569,T-LIGHT GLASS FLUTED ANTIQUE
21559,9748.13,35.25,9712.88,0.0036160781606318342,STRAWBERRY LUNCH BOX WITH CUTLERY
22654,9898.95,193.35000000000002,9705.6,0.019532374645795766,DELUXE SEWING KIT
22766,9843.59,156.35000000000002,9687.24,0.015883432771986644,PHOTO FRAME CORNICE
22560,9602.32,1.06,9601.26,1.103899890859709e-4,TRADITIONAL MODELLING CLAY
22144,9681.18,92.4,9588.78,0.009544291088483016,CHRISTMAS CRAFT LITTLE FRIENDS
21314,9811.58,270.15000000000003,9541.43,0.027533791703273074,SMALL GLASS HEART TRINKET POT
22569,10133.33,658.38,9474.95,0.06497173189859602,FELTCRAFT CUSHION BUTTERFLY
22844,9686.82,227.8,9459.02,0.023516489415515103,VINTAGE CREAM DOG FOOD CONTAINER
35970,9546.53,121.17,9425.36,0.012692569970449995,ZINC FOLKART SLEIGH BELLS
21174,9413.82,-0,9413.82,-0,POTTERING IN THE SHED METAL SIGN
22952,9524.720000000001,140.4,9384.320000000002,0.014740590799519565,60 CAKE CASES VINTAGE CHRISTMAS
84375,9404.150000000001,27.300000000000004,9376.850000000002,0.002902973687148759,SET OF 20 KIDS COOKIE CUTTERS
85150,9388.53,12.299999999999999,9376.230000000001,0.0013101092503299237,LADIES & GENTLEMEN METAL SIGN
23175,9600.15,225.5,9374.65,0.02348921631432842,REGENCY MILK JUG PINK
22561,9749.82,405,9344.82,0.04153922841652461,WOODEN SCHOOL COLOURING SET
22191,11971.15,2653.7000000000003,9317.449999999999,0.2216746093733685,IVORY DINER WALL CLOCK
22978,9568.73,272.61,9296.119999999999,0.028489674178286985,PANTRY ROLLING PIN
22749,9264.91,-0,9264.91,-0,FELTCRAFT PRINCESS CHARLOTTE DOLL
22456,9554.470000000001,326.8,9227.670000000002,0.034203885720505686,NATURAL SLATE CHALKBOARD LARGE
22966,9212.15,6.25,9205.9,6.78451827206461e-4,GINGERBREAD MAN COOKIE CUTTER
22992,10379.84,1193.3999999999999,9186.44,0.11497287048740634,REVOLVER WOODEN RULER
20972,9159.31,30,9129.31,0.0032753558947125933,PINK CREAM FELT CRAFT TRINKET BOX
84991,9183.720000000001,95.7,9088.02,0.01042061386888973,60 TEATIME FAIRY CAKE CASES
23080,9158.87,90.75,9068.12,0.00990842756802968,RED METAL BOX TOP SECRET
48116,9088.63,24.15,9064.48,0.002657166151554195,DOORMAT MULTICOLOUR STRIPE
23319,9266.84,244.97,9021.87,0.026435117040976213,BOX OF 6 MINI 50'S CRACKERS
22771,9050.44,37.5,9012.94,0.004143444959582076,CLEAR DRAWER KNOB ACRYLIC EDWARDIAN
22759,9043.939999999999,39.599999999999994,9004.339999999998,0.004378622591481147,SET OF 3 NOTEBOOKS IN PARCEL
22729,9080.2,115.89,8964.310000000001,0.012762934737120327,ALARM CLOCK BAKELIKE ORANGE
23439,8941.61,-0,8941.61,-0,HAND WARMER RED LOVE HEART
22632,8995.43,59.150000000000006,8936.28,0.006575561146048605,HAND WARMER RED RETROSPOT
22989,9012.27,78,8934.27,0.00865486719772044,SET 2 PANTRY DESIGN TEA TOWELS
21889,8862.29,32.5,8829.79,0.0036672237085448567,WOODEN BOX OF DOMINOES
82582,8862.990000000002,39.900000000000006,8823.090000000002,0.004501866751513879,AREA PATROLLED METAL SIGN
23318,9167.390000000001,368.71000000000004,8798.68,0.04021973538815301,BOX OF 6 MINI VINTAGE CRACKERS
21155,9301.4,510.6,8790.8,0.05489496204872385,RED RETROSPOT PEG BAG
23322,8925.410000000002,169.85,8755.560000000001,0.019029938120489698,LARGE WHITE HEART OF WICKER
84945,8754.63,97.46,8657.17,0.011132395086942568,MULTI COLOUR SILVER T-LIGHT HOLDER
22947,8714.24,72.92,8641.32,0.008367912749706228,WOODEN ADVENT CALENDAR RED
22652,8620.32,24.75,8595.57,0.002871123113759118,TRAVEL SEWING KIT
23534,8614.85,41.650000000000006,8573.2,0.004834675008850996,WALL ART STOP FOR TEA
22273,12016.34,3512.6499999999996,8503.69,0.29232278713818016,FELTCRAFT DOLL MOLLY
22795,8578,78.45,8499.55,0.009145488458848217,SWEETHEART RECIPE BOOK STAND
23493,8509.68,11.4,8498.28,0.0013396508446851115,VINTAGE DOILY TRAVEL SEWING KIT
23078,8553.34,60,8493.34,0.0070148035738085935,ICE CREAM PEN LIP GLOSS
23082,8577.51,103.16,8474.35,0.012026800318507351,SET 6 PAPER TABLE LANTERN HEARTS
23535,8469.99,5.95,8464.039999999999,7.02480168217436e-4,WALL ART BICYCLE SAFETY
84378,8540.9,90,8450.9,0.010537531173529723,SET OF 3 HEART COOKIE CUTTERS
23321,8473.269999999999,64.35,8408.919999999998,0.007594470611700088,SMALL WHITE HEART OF WICKER
21213,8418.44,26.400000000000002,8392.04,0.003135972935603271,PACK OF 72 SKULL CAKE CASES
21484,8535.52,147.60000000000002,8387.92,0.017292443811273362,CHICK GREY HOT WATER BOTTLE
23256,8675.37,338,8337.37,0.0389608742912406,CHILDRENS CUTLERY SPACEBOY
71053,8441.82,139.77,8302.05,0.016556856222947187,WHITE METAL LANTERN
21210,8374.189999999999,173.65,8200.539999999999,0.02073633390214457,SET OF 72 RETROSPOT PAPER  DOILIES
72741,8225,36.25,8188.75,0.004407294832826748,GRAND CHOCOLATECANDLE
22838,9765.11,1671.6,8093.51,0.1711808673942229,3 TIER CAKE TIN RED AND CREAM
84380,8161.46,98.75,8062.71,0.012099550815662883,SET OF 3 BUTTERFLY COOKIE CUTTERS
22192,8189.29,168.3,8020.99,0.02055123215809918,BLUE DINER WALL CLOCK
21035,8549.85,550,7999.85,0.06432861395229156,SET/2 RED RETROSPOT TEA TOWELS
22725,8168.6,187.5,7981.1,0.022953749724555002,ALARM CLOCK BAKELIKE CHOCOLATE
22616,7980.92,8.16,7972.76,0.001022438515860327,PACK OF 12 LONDON TISSUES
21121,8033.85,120,7913.85,0.014936798670624918,SET/10 RED POLKADOT PARTY CANDLES
22768,8268.539999999999,355.29999999999995,7913.239999999999,0.04297010113030837,FAMILY PHOTO FRAME CORNICE
21770,7938.780000000001,29.700000000000003,7909.080000000001,0.0037411289895928593,OPEN CLOSED METAL SIGN
22909,8050.53,195.19,7855.34,0.02424560867421151,SET OF 20 VINTAGE CHRISTMAS NAPKINS
22940,7954,99.5,7854.5,0.01250942921800352,FELTCRAFT CHRISTMAS FAIRY
22667,8101.1500000000005,260.75,7840.4000000000005,0.03218678829548891,RECIPE BOX RETROSPOT
22352,7873.719999999999,40.8,7832.919999999999,0.005181794628206235,LUNCH BOX WITH CUTLERY RETROSPOT
21136,7830.32,15.209999999999999,7815.11,0.0019424493507289612,PAINTED METAL PEARS ASSORTED
23238,7825.56,65.60000000000001,7759.96,0.008382786663190877,SET OF 4 KNICK KNACK TINS LONDON
22557,7777.089999999999,44.55,7732.539999999999,0.005728363693875215,PLASTERS IN TIN VINTAGE PAISLEY
48111,7732.93,15.9,7717.030000000001,0.002056141721184596,DOORMAT 3 SMILEY CATS
21908,7756.420000000001,54.60000000000001,7701.820000000001,0.007039330000180496,CHOCOLATE THIS WAY METAL SIGN
22487,7919.23,232.79999999999998,7686.429999999999,0.029396797415910385,WHITE WOOD GARDEN PLANT LADDER
22804,8135.4000000000005,455.2,7680.200000000001,0.05595299555031098,CANDLEHOLDER PINK HANGING HEART
22968,7861.929999999999,188.85,7673.079999999999,0.024020819315358953,ROSE COTTAGE KEEPSAKE BOX
23007,7758.699999999999,101.69999999999999,7656.999999999999,0.013107866008480802,SPACEBOY BABY GIFT SET
84970S,7672.41,20.2,7652.21,0.002632810290378121,HANGING HEART ZINC T-LIGHT HOLDER
23204,7741.94,138.34,7603.5999999999995,0.017868906243138027,CHARLOTTE BAG APPLES DESIGN
47566B,11290.12,3692.9499999999994,7597.170000000002,0.32709572617474386,TEA TIME PARTY BUNTING
21955,7597.02,-0,7597.02,-0,DOORMAT UNION JACK GUNS AND ROSES
22750,7563.08,22.5,7540.58,0.0029749784479339105,FELTCRAFT PRINCESS LOLA DOLL
22147,8626.94,1103.65,7523.290000000001,0.12793064516502956,FELTCRAFT BUTTERFLY HEARTS
22585,7561.64,56.25,7505.39,0.007438862468988209,PACK OF 6 BIRDY GIFT TAGS
84406B,7657.320000000001,162.5,7494.820000000001,0.021221523979669126,CREAM CUPID HEARTS COAT HANGER
22173,7773.7,279.77,7493.93,0.035989297245841746,METAL 4 HOOK HANGER FRENCH CHATEAU
22367,7520.28,70.2,7450.08,0.009334758812171887,CHILDRENS APRON SPACEBOY DESIGN
21231,7628.530000000001,188.08,7440.450000000001,0.02465481554113309,SWEETHEART CERAMIC TRINKET BOX
22627,7547.39,117.21000000000001,7430.18,0.015529871915986851,MINT KITCHEN SCALES
21668,7527.66,102.67,7424.99,0.013639032581173964,RED STRIPE CERAMIC DRAWER KNOB
84836,7426.82,43.75,7383.07,0.005890811949124929,ZINC METAL HEART DECORATION
22381,7437.94,56.45,7381.49,0.007589466976071333,TOY TIDY PINK POLKADOT
22741,7363.86,43.349999999999994,7320.509999999999,0.005886858250971637,FUNKY DIVA PEN
23382,7356.18,63.75,7292.43,0.008666182719835566,BOX OF 6 CHRISTMAS CAKE DECORATIONS
21169,7320.36,29.220000000000002,7291.139999999999,0.00399160697014901,YOU'RE CONFUSING ME METAL SIGN
84949,7642.44,412.34999999999997,7230.089999999999,0.05395528129759605,SILVER HANGING T-LIGHT HOLDER
22631,7207.37,64.35,7143.0199999999995,0.008928360830649736,CIRCUS PARADE LUNCH BOX
22485,7190.3499999999995,76.5,7113.8499999999995,0.01063925956316452,SET OF 2 WOODEN MARKET CRATES
22505,7104.22,24.75,7079.47,0.0034838448133644507,MEMO BOARD COTTAGE DESIGN
21912,7062.7,-0,7062.7,-0,VINTAGE SNAKES & LADDERS
22179,7232.95,178.95,7054,0.024740942492344063,SET 10 NIGHT OWL LIGHTS
23083,7254.6500000000005,214.17000000000002,7040.4800000000005,0.029521755012302454,SET 6 PAPER TABLE LANTERN STARS
22553,7176.669999999999,138.6,7038.069999999999,0.019312578117706404,PLASTERS IN TIN SKULLS
23320,7072.16,37.57,7034.59,0.0053123798104115294,GIANT 50'S CHRISTMAS CRACKER
22663,7053.28,21.45,7031.83,0.003041138307283987,JUMBO BAG DOLLY GIRL DESIGN
21669,7136,115.00999999999999,7020.99,0.016116872197309416,BLUE STRIPE CERAMIC DRAWER KNOB
23543,7019.01,-0,7019.01,-0,WALL ART KEEP CALM
21259,7106.950000000001,92.2,7014.750000000001,0.012973216358634857,VICTORIAN SEWING BOX SMALL
23236,7106.21,95.37,7010.84,0.013420656017764744,STORAGE TIN VINTAGE DOILY
21258,7674.8,679.7499999999999,6995.05,0.08856908323343929,VICTORIAN SEWING BOX LARGE
22637,7121.38,136.2,6985.18,0.019125506573164187,PIGGY BANK RETROSPOT
23293,7001.99,26.56,6975.429999999999,0.0037932073596220503,SET OF 12 FAIRY CAKE BAKING CASES
21922,6952.31,-0,6952.31,-0,UNION STRIPE WITH FRINGE  HAMMOCK
23283,7003.38,57.45,6945.93,0.008203181892172066,DOORMAT VINTAGE LEAF
21094,6933.259999999999,-0,6933.259999999999,-0,SET/6 RED SPOTTY PAPER PLATES
21165,6939.08,20.28,6918.8,0.0029225776327697624,BEWARE OF THE CAT METAL SIGN
22333,7047.24,135.29999999999998,6911.94,0.019199005568137313,RETROSPOT PARTY BAG + STICKER SET
21326,6890.47,13.65,6876.820000000001,0.001980996942153438,AGED GLASS SILVER T-LIGHT HOLDER
22170,6977.6,118.65,6858.950000000001,0.01700441412520064,PICTURE FRAME WOOD TRIPLE PORTRAIT
22294,6901.33,42.5,6858.83,0.006158233268080211,HEART FILIGREE DOVE  SMALL
23254,6932.160000000001,83,6849.160000000001,0.011973180076628351,CHILDRENS CUTLERY DOLLY GIRL
22834,7136.2300000000005,306.05,6830.18,0.042886790364099814,HAND WARMER BABUSHKA DESIGN
23215,7044.64,214.8,6829.84,0.030491267119398577,JINGLE BELL HEART ANTIQUE SILVER
22767,7173.549999999999,348.25,6825.299999999999,0.04854639613580446,TRIPLE PHOTO FRAME CORNICE
21257,6909.37,88.4,6820.97,0.012794220022954337,VICTORIAN SEWING BOX MEDIUM
22109,6928.65,114.39,6814.259999999999,0.016509709683704618,FULL ENGLISH BREAKFAST PLATE
23103,6859.359999999999,46.199999999999996,6813.159999999999,0.00673532224580719,JINGLE BELL HEART DECORATION
22946,7047.17,237.75,6809.42,0.03373694688789968,WOODEN ADVENT CALENDAR CREAM
22634,7191.15,381.84999999999997,6809.299999999999,0.05309999096111192,CHILDS BREAKFAST SET SPACEBOY
23541,6823.91,16.5,6807.41,0.002417968583993634,WALL ART CLASSIC PUDDINGS
22839,7011.57,209.29999999999998,6802.2699999999995,0.029850661121546242,3 TIER CAKE TIN GREEN AND CREAM
22620,6789.46,12.9,6776.56,0.0019000038294650827,4 TRADITIONAL SPINNING TOPS
22840,6927.64,158,6769.64,0.022807189750044747,ROUND CAKE TIN VINTAGE RED
23297,6792.23,42.9,6749.33,0.006316040534551981,SET 40 HEART SHAPE PETIT FOUR CASES
21787,7163.65,420,6743.65,0.05862933002031088,RAIN PONCHO RETROSPOT
21672,6815.9,77.55,6738.3499999999995,0.011377807773001365,WHITE SPOT RED CERAMIC DRAWER KNOB
22950,7133,413.65,6719.35,0.05799102761811299,36 DOILIES VINTAGE CHRISTMAS
23229,6739.71,40.89,6698.82,0.006067026622807213,VINTAGE DONKEY TAIL GAME
23480,6726.64,68.1,6658.54,0.010123925169178073,MINI LIGHTS WOODLAND MUSHROOMS
84988,6672.7,18.849999999999998,6653.8499999999995,0.0028249434261992893,SET OF 72 PINK HEART PAPER DOILIES
85014A,6684.67,35.7,6648.97,0.0053405777697328365,BLACK/BLUE POLKADOT UMBRELLA
23109,6878.37,239.04000000000002,6639.33,0.0347524195412576,PACK OF SIX LED TEA LIGHTS
23008,6753.509999999999,118.64999999999999,6634.86,0.017568642083894154,DOLLY GIRL BABY GIFT SET
75049L,6827.98,204.2,6623.78,0.029906355906139152,LARGE CIRCULAR MIRROR MOBILE
22943,6785.17,165.5,6619.67,0.02439143013365914,CHRISTMAS LIGHTS 10 VINTAGE BAUBLES
21888,6667.04,56.25,6610.79,0.008437027526458519,BINGO SET
23247,6715.93,118.54000000000002,6597.39,0.017650571104820927,BISCUIT TIN 50'S CHRISTMAS
20718,6613.04,42.99,6570.05,0.006500792373855292,RED RETROSPOT SHOPPER BAG
22668,6710.42,157,6553.42,0.023396449104526987,PINK BABY BUNTING
21533,6701.22,147.9,6553.320000000001,0.022070608038536266,RETROSPOT LARGE MILK JUG
22580,6860.09,314.95000000000005,6545.14,0.04591047639316686,ADVENT CALENDAR GINGHAM SACK
84992,6555.33,62.14,6493.19,0.009479309203350557,72 SWEETHEART FAIRY CAKE CASES
22508,6544.63,82.5,6462.13,0.012605754641591655,DOORSTOP RETROSPOT HEART
23553,6457.15,-0,6457.15,-0,LANDMARK FRAME CAMDEN TOWN
23311,6488.2,38.25,6449.95,0.005895317653586511,VINTAGE CHRISTMAS STOCKING
22141,6474.290000000001,33.6,6440.6900000000005,0.0051897582592068,CHRISTMAS CRAFT TREE TOP ANGEL
84030E,6452.94,12.75,6440.19,0.0019758435689778615,ENGLISH ROSE HOT WATER BOTTLE
23571,6436.61,-0,6436.61,-0,TRADITIONAL NAUGHTS & CROSSES
21122,6496.04,61.25,6434.79,0.00942882125110067,SET/10 PINK POLKADOT PARTY CANDLES
23134,6431.11,-0,6431.11,-0,LARGE ZINC HEART WALL ORGANISER
23188,6451.07,23.099999999999998,6427.969999999999,0.0035808013244314507,VINTAGE  2 METER FOLDING RULER
22991,7608.79,1185.9,6422.889999999999,0.15585921020293636,GIRAFFE WOODEN RULER
20676,6441.06,27.5,6413.56,0.004269483594315221,RED RETROSPOT BOWL
84970L,6412.7699999999995,11.399999999999999,6401.37,0.0017777029271282144,SINGLE HEART ZINC T-LIGHT HOLDER
22655,8125,1730.5,6394.5,0.21298461538461538,VINTAGE RED KITCHEN CABINET
22895,6349.95,17.700000000000003,6332.25,0.002787423523019867,SET OF 2 TEA TOWELS APPLE AND PEARS
23307,6379.59,48.400000000000006,6331.1900000000005,0.007586694442746321,SET OF 60 PANTRY DESIGN CAKE CASES
21380,6316.360000000001,2.95,6313.410000000001,4.670411439499965e-4,WOODEN HAPPY BIRTHDAY GARLAND
21935,6298.61,1.65,6296.96,2.619625599933954e-4,SUKI  SHOULDER BAG
23169,6671.14,379.15000000000003,6291.990000000001,0.056834364141660945,CLASSIC GLASS COOKIE JAR
22979,6401.969999999999,117.55,6284.419999999999,0.01836153558982626,PANTRY WASHING UP BRUSH
20969,7236.93,980.07,6256.860000000001,0.13542620973258,RED FLORAL FELTCRAFT SHOULDER BAG
23172,6360.909999999999,154.29999999999998,6206.609999999999,0.024257535478414253,REGENCY TEA PLATE PINK
22784,6405.54,200.85000000000002,6204.69,0.03135567024794163,LANTERN CREAM GAZEBO
22303,6353.55,171.15,6182.4000000000005,0.02693769624855396,COFFEE MUG APPLES DESIGN
23192,6142.289999999999,4.949999999999999,6137.339999999999,8.058883575995272e-4,BUNDLE OF 3 ALPHABET EXERCISE BOOKS
21154,6321.76,227,6094.76,0.03590772190023032,RED RETROSPOT OVEN GLOVE
21975,6117.91,36.06,6081.8499999999995,0.0058941697409736335,PACK OF 60 DINOSAUR CAKE CASES
47591D,6060.25,3.9,6056.35,6.43537807846211e-4,PINK FAIRY CAKE CHILDRENS APRON
21670,6141.29,96.25,6045.04,0.015672602987320254,BLUE SPOT CERAMIC DRAWER KNOB
47556B,6045,-0,6045,-0,TEA TIME TEA TOWELS
21156,6093.05,76.05,6017,0.012481433764699124,RETROSPOT CHILDRENS APRON
22174,6013.429999999999,-0,6013.429999999999,-0,PHOTO CUBE
22151,6332.29,321.96,6010.33,0.05084416538092854,PLACE SETTING WHITE HEART
23312,5968.3,4.15,5964.1500000000005,6.953403816832264e-4,VINTAGE CHRISTMAS GIFT SACK
22783,5961.25,-0,5961.25,-0,SET 3 WICKER OVAL BASKETS W LIDS
23296,5988.05,33.75,5954.3,0.005636225482419151,SET OF 6 TEA TIME BAKING CASES
23052,5949.34,8.25,5941.09,0.001386708441608649,RECYCLED ACAPULCO MAT TURQUOISE
21871,6681.21,740.94,5940.27,0.11089907367078719,SAVE THE PLANET MUG
21535,6011.51,80.69999999999999,5930.81,0.013424247817935924,RED RETROSPOT SMALL MILK JUG
21673,6071.75,143.95,5927.8,0.023708156627002097,WHITE SPOT BLUE CERAMIC DRAWER KNOB
23526,6021.4,95.2,5926.2,0.0158102766798419,WALL ART DOG LICENCE
23118,6102.18,180,5922.18,0.02949765493643255,PARISIENNE JEWELLERY DRAWER
22584,5954.61,38.24999999999999,5916.36,0.0064235944923345095,PACK OF 6 PANNETONE GIFT BOXES
22150,5925.389999999999,21.45,5903.94,0.0036200148850961712,3 STRIPEY MICE FELTCRAFT
21671,6078.54,214.81,5863.73,0.035339078133893996,RED SPOT CERAMIC DRAWER KNOB
17003,6036.39,172.8,5863.59,0.02862638099923961,BROCADE RING PURSE
48129,6009.84,159.15,5850.6900000000005,0.026481570224831278,DOORMAT TOPIARY
22366,6034.9,194.07000000000002,5840.83,0.03215794793617128,DOORMAT AIRMAIL
22971,5849.29,37.65,5811.64,0.006436678639629767,QUEENS GUARD COFFEE MUG
21877,6942.33,1134.3200000000002,5808.01,0.16339182954425965,HOME SWEET HOME MUG
22751,5812.72,7.5,5805.22,0.0012902737444776284,FELTCRAFT PRINCESS OLIVIA DOLL
22740,5793.62,-0,5793.62,-0,POLKADOT PEN
23154,5907.360000000001,126.88000000000001,5780.4800000000005,0.02147829148722949,SET OF 4 JAM JAR MAGNETS
22365,5762.28,15.9,5746.38,0.0027593244340781775,DOORMAT RESPECTABLE HOUSE
82001S,5750.21,25.53,5724.68,0.004439837849400283,VINYL RECORD FRAME SILVER
62018,5716.85,-0,5716.85,-0,SOMBRERO
22779,5802.6,106.25,5696.35,0.018310757246751456,WOODEN OWLS LIGHT GARLAND
22635,6422.28,727.05,5695.23,0.11320745903324053,CHILDS BREAKFAST SET DOLLY GIRL
22826,6210,517.5,5692.5,0.08333333333333333,LOVE SEAT ANTIQUE WHITE METAL
22646,5695.7699999999995,41.9,5653.87,0.007356336368919391,CERAMIC STRAWBERRY CAKE MONEY BANK
21242,5704.78,59.15,5645.63,0.01036849799641704,RED RETROSPOT PLATE
22907,5681.9,44.199999999999996,5637.7,0.007779087981133071,PACK OF 20 NAPKINS PANTRY DESIGN
22595,5731.259999999999,103.67999999999999,5627.579999999999,0.01809026287413239,GINGHAM HEART DECORATION
23205,5728.08,140.25,5587.83,0.02448464406921691,CHARLOTTE BAG VINTAGE ALPHABET
22466,5607.74,35.849999999999994,5571.889999999999,0.006392949744460335,FAIRY TALE COTTAGE NIGHT LIGHT
23531,5559.11,-0,5559.11,-0,WALL ART BIG LOVE
21558,5568.07,10.2,5557.87,0.0018318735217050072,SKULL LUNCH BOX WITH CUTLERY
22207,5837.84,282.25,5555.59,0.04834836172282899,FRYING PAN UNION FLAG
22488,5575.33,57.74999999999999,5517.58,0.010358131267566224,NATURAL SLATE RECTANGLE CHALKBOARD
23133,5525.4,8.25,5517.15,0.0014931045716147248,LARGE IVORY HEART WALL ORGANISER
22088,5661.05,149.2,5511.85,0.026355534750620465,PAPER BUNTING COLOURED LACE
22837,5662.58,157.65,5504.93,0.02784066626873263,HOT WATER BOTTLE BABUSHKA
23583,5513.83,16.5,5497.33,0.002992475284874579,LUNCH BAG PAISLEY PARK
23177,5528.04,45,5483.04,0.008140317363839624,TREASURE ISLAND BOOK BOX
23126,5556.79,79.2,5477.59,0.014252833020502845,FELTCRAFT GIRL AMELIE KIT
22904,5479.06,5.9,5473.160000000001,0.001076827046975211,CALENDAR PAPER CUT DESIGN
22297,5468.66,-0,5468.66,-0,HEART IVORY TRELLIS SMALL
22964,5481.09,29.400000000000002,5451.6900000000005,0.005363896597209679,3 PIECE SPACEBOY COOKIE CUTTER SET
22418,5585.45,146.2,5439.25,0.02617515150972616,10 COLOUR SPACEBOY PEN
23485,5843.92,407.4,5436.52,0.06971347999288148,BOTANICAL GARDENS WALL CLOCK
22798,5564.25,132.75,5431.5,0.023857662757784066,ANTIQUE GLASS DRESSING TABLE POT
23135,5416.18,-0,5416.18,-0,SMALL ZINC HEART WALL ORGANISER
22429,5549.68,140.25,5409.43,0.025271727378875897,ENAMEL MEASURING JUG CREAM
23158,5517.99,124.8,5393.19,0.02261693116515253,SET OF 5 LUCKY CAT MAGNETS
22349,5389.0199999999995,48.75,5340.2699999999995,0.009046171660153424,DOG BOWL CHASING BALL DESIGN
22464,5519.419999999999,186.89999999999998,5332.5199999999995,0.033862253642592884,HANGING METAL HEART LANTERN
21172,5345.88,18.849999999999998,5327.03,0.0035260798970422075,PARTY METAL SIGN
22845,5403.28,88.1,5315.179999999999,0.016304911091040996,VINTAGE CREAM CAT FOOD CONTAINER
22796,5807.3499999999995,524.05,5283.299999999999,0.09023909356246826,PHOTO FRAME 3 CLASSIC HANGING
22296,5274.119999999999,1.65,5272.469999999999,3.128483993538259e-4,HEART IVORY TRELLIS LARGE
22998,5314.9,74.34,5240.5599999999995,0.013987092889800374,TRAVEL CARD WALLET KEEP CALM
22772,5211.7,3.75,5207.95,7.19534892645394e-4,PINK DRAWER KNOB ACRYLIC EDWARDIAN
23132,5219.1,23,5196.1,0.00440689007683317,SMALL IVORY HEART WALL ORGANISER
22898,5174.32,-0,5174.32,-0,CHILDRENS APRON APPLES DESIGN
22623,5248.21,85.2,5163.01,0.01623410648583041,BOX OF VINTAGE JIGSAW BLOCKS
22120,5276.94,119.39999999999999,5157.54,0.022626749593514423,WELCOME  WOODEN BLOCK LETTERS
21164,5161.88,17.700000000000003,5144.18,0.003428983238664983,HOME SWEET HOME METAL SIGN
23162,5143.6900000000005,-0,5143.6900000000005,-0,REGENCY TEA STRAINER
22665,5195.030000000001,62.10000000000001,5132.93,0.011953732702217312,RECIPE BOX BLUE SKETCHBOOK DESIGN
23263,5184.69,58.75,5125.94,0.011331439295309846,SET OF 3 WOODEN HEART DECORATIONS
21844,5170.64,58.60000000000001,5112.04,0.011333219872201507,RED RETROSPOT MUG
22302,5136.84,30.599999999999998,5106.24,0.005956969654495759,COFFEE MUG PEARS  DESIGN
21756,5089.56,11.9,5077.660000000001,0.002338119601694449,BATH BUILDING BLOCK WORD
23295,5078.429999999999,10.79,5067.639999999999,0.0021246723889075956,SET OF 12 MINI LOAF BAKING CASES
21098,5093.76,41.910000000000004,5051.85,0.00822771390878251,CHRISTMAS TOILET ROLL
22848,5225.4,176.45,5048.95,0.03376774983733303,BREAD BIN DINER STYLE PINK
23234,5088.45,46.24,5042.21,0.009087246607513094,BISCUIT TIN VINTAGE CHRISTMAS
23397,5097.65,59.699999999999996,5037.95,0.011711278726472003,FOOT STOOL HOME SWEET HOME
22371,5093.57,57.78,5035.79,0.01134371374104999,AIRLINE BAG VINTAGE TOKYO 78
21428,5167.88,136.25,5031.63,0.026364776271894857,SET3 BOOK BOX GREEN GINGHAM FLOWER
21907,5031.38,27.300000000000004,5004.08,0.005425946758145877,I'M ON HOLIDAY METAL SIGN
22827,5415,415,5000,0.07663896583564174,RUSTIC  SEVENTEEN DRAWER SIDEBOARD
22271,5022.1,23.6,4998.5,0.004699229406025368,FELTCRAFT DOLL ROSIE
23310,4997.28,-0,4997.28,-0,BUBBLEGUM RING ASSORTED
23165,5147.66,154.5,4993.16,0.030013637264310385,LARGE CERAMIC TOP STORAGE JAR
23494,5377.81,386.75,4991.06,0.07191589141304731,VINTAGE DOILY DELUXE SEWING KIT
23198,5068.4,92.8,4975.5999999999995,0.018309525688580224,PANTRY MAGNETIC  SHOPPING LIST
23314,5037.96,62.5,4975.46,0.012405815052124273,VINTAGE CHRISTMAS TABLECLOTH
22301,5031.83,59.4,4972.43,0.01180485032284477,COFFEE MUG CAT + BIRD DESIGN
23556,4974.51,12.5,4962.01,0.0025128103069448045,LANDMARK FRAME COVENT GARDEN
22957,5023.5,71.9,4951.6,0.014312730168209416,SET 3 PAPER VINTAGE CHICK PAPER EGG
21932,5001.98,55.35,4946.629999999999,0.011065618015265956,SCANDINAVIAN PAISLEY PICNIC BAG
23570,4944.37,-0,4944.37,-0,TRADITIONAL PICK UP STICKS GAME
22780,5044.34,106.25,4938.09,0.02106321144094173,LIGHT GARLAND BUTTERFILES PINK
84212,4934.87,-0,4934.87,-0,"ASSORTED FLOWER COLOUR ""LEIS"""
22142,4950.54,15.95,4934.59,0.0032218707454136314,CHRISTMAS CRAFT WHITE FAIRY
21933,4964.03,34.45,4929.58,0.006939925826395087,PINK VINTAGE PAISLEY PICNIC BAG
22110,4914.69,5.1,4909.589999999999,0.0010377053283116533,BIRD HOUSE HOT WATER BOTTLE
22748,4897.63,35.7,4861.93,0.007289239897664789,POPPY'S PLAYHOUSE KITCHEN
21086,4861.9000000000005,-0,4861.9000000000005,-0,SET/6 RED SPOTTY PAPER CUPS
23503,4864.3,2.5,4861.8,5.139485640277121e-4,PLAYING CARDS KEEP CALM & CARRY ON
21937,4901.8,47.2,4854.6,0.009629115834999388,STRAWBERRY   PICNIC BAG
21033,4853.81,1.79,4852.02,3.6878246161263007e-4,JUMBO BAG CHARLIE AND LOLA TOYS
21390,4851.88,3.75,4848.13,7.728962793803639e-4,FILIGRIS HEART WITH BUTTERFLY
22781,5198.66,352.35,4846.3099999999995,0.06777708101703132,GUMBALL MAGAZINE RACK
23010,4896.549999999999,50.849999999999994,4845.699999999999,0.010384862811571412,CIRCUS PARADE BABY GIFT SET
23554,4830.53,-0,4830.53,-0,LANDMARK FRAME OXFORD STREET
22849,5061.63,234.25,4827.38,0.04627955816604532,BREAD BIN DINER STYLE MINT
22689,5176.25,354,4822.25,0.06838927795218547,DOORMAT MERRY CHRISTMAS RED
23555,4818.07,-0,4818.07,-0,LANDMARK FRAME NOTTING HILL
21124,4868.05,61.25,4806.8,0.012582040036564948,SET/10 BLUE POLKADOT PARTY CANDLES
22549,4799.83,-0,4799.83,-0,PICTURE DOMINOES
23351,4880.65,104.88,4775.7699999999995,0.021488941022199913,ROLL WRAP 50'S CHRISTMAS
21876,4834.51,58.9,4775.610000000001,0.012183240907558367,POTTERING MUG
23389,4780.54,8.3,4772.24,0.0017362055332661166,SPACEBOY MINI BACKPACK
22636,5009.56,239.70000000000002,4769.860000000001,0.047848513641916654,CHILDS BREAKFAST SET CIRCUS PARADE
20677,4749.84,6.25,4743.59,0.0013158337965068297,PINK POLKADOT BOWL
23569,4752.31,9.9,4742.410000000001,0.0020831974345107956,TRADTIONAL ALPHABET STAMP SET
23558,4741.37,-0,4741.37,-0,LANDMARK FRAME LONDON BRIDGE
84050,4761.78,22.699999999999996,4739.08,0.004767124898672344,PINK HEART SHAPE EGG FRYING PAN
22243,4753.29,18.15,4735.14,0.003818407881698781,5 HOOK HANGER RED MAGIC TOADSTOOL
23157,5170.1,444,4726.1,0.08587841627821512,SET OF 6 NATIVITY MAGNETS
23159,4771.76,52,4719.76,0.010897446644424698,SET OF 5 PANCAKE DAY MAGNETS
23286,4747.62,41.65,4705.97,0.00877281669552323,BLUE VINTAGE SPOT BEAKER
23184,4764.5,64.35000000000001,4700.15,0.013506139154160985,BULL DOG BOTTLE OPENER
22645,4721.73,24.45,4697.28,0.005178186808648525,CERAMIC HEART FAIRY CAKE MONEY BANK
23241,4709.070000000001,14.56,4694.51,0.0030919056204303606,TREASURE TIN GYMKHANA DESIGN
22082,4716.33,33,4683.33,0.006996965861167476,RIBBON REEL STRIPES DESIGN
82552,4680.63,-0,4680.63,-0,WASHROOM METAL SIGN
37449,5127.24,446.7,4680.54,0.08712289652912679,CERAMIC CAKE STAND + HANGING CAKES
22721,4678.71,-0,4678.71,-0,SET OF 3 CAKE TINS SKETCHBOOK
22745,4678.59,27.300000000000004,4651.29,0.0058350913416221565,POPPY'S PLAYHOUSE BEDROOM
21539,4758.75,108.95,4649.8,0.022894667717362753,RED RETROSPOT BUTTER DISH
22813,4640.78,-0,4640.78,-0,PACK 3 BOXES BIRD PANNETONE
47599A,4649.5,12.600000000000001,4636.9,0.002709968813850952,PINK PARTY BAGS
22295,4643.669999999999,19.799999999999997,4623.869999999999,0.004263868879571546,HEART FILIGREE DOVE LARGE
23176,4697.58,101.25,4596.33,0.02155365102882761,ABC TREASURE BOOK BOX
22775,4621.87,35,4586.87,0.007572692438342057,PURPLE DRAWERKNOB ACRYLIC EDWARDIAN
23285,4572.41,1.7,4570.71,3.7179518022224605e-4,PINK VINTAGE SPOT BEAKER
22606,4670.36,118.25,4552.11,0.025319247338534932,WOODEN SKITTLES GARDEN SET
21833,4594.43,50.7,4543.7300000000005,0.011035101198625292,CAMOUFLAGE LED TORCH
22504,4674.62,132.55,4542.07,0.02835524598790918,CABIN BAG VINTAGE RETROSPOT
22417,4566.54,25.300000000000004,4541.24,0.005540299657946717,PACK OF 60 SPACEBOY CAKE CASES
82551,4542.889999999999,5.2,4537.69,0.0011446458091655314,LAUNDRY 15C METAL SIGN
20979,4729.9800000000005,200,4529.9800000000005,0.04228347688573736,36 PENCILS TUBE RED RETROSPOT
22628,4625.86,103.95,4521.91,0.022471497191873514,PICNIC BOXES SET OF 3 RETROSPOT
23168,4559.92,65.61,4494.31,0.014388410322988121,CLASSIC CAFE SUGAR DISPENSER
23309,4527.2,48.400000000000006,4478.8,0.010690934794133241,SET OF 60 I LOVE LONDON CAKE CASES
23530,4465.97,-0,4465.97,-0,WALL ART ONLY ONE PERSON
21934,4480.28,16.5,4463.78,0.003682805538939531,SKULL SHOULDER BAG
23275,4557.97,95.41,4462.56,0.02093256427751828,SET OF 3 HANGING OWLS OLLIE BEAK
22089,4460.38,-0,4460.38,-0,PAPER BUNTING VINTAGE PAISLEY
84987,4474.07,21.75,4452.32,0.004861345486324532,SET OF 36 TEATIME PAPER DOILIES
23288,4444.23,15.17,4429.0599999999995,0.0034134146972591432,GREEN VINTAGE SPOT BEAKER
23404,4561.76,143.55,4418.21,0.031468117568657715,HOME SWEET HOME BLACKBOARD
23163,4515.22,114.4,4400.820000000001,0.025336528452655684,REGENCY SUGAR TONGS
22938,4488.63,117,4371.63,0.02606585973894039,CUPCAKE LACE PAPER SET 6
21906,4470.8099999999995,114.75,4356.0599999999995,0.02566648996490569,PHARMACIE FIRST AID TIN
22626,4427.360000000001,76.5,4350.860000000001,0.017278920169130133,BLACK KITCHEN SCALES
16014,4335.76,-0,4335.76,-0,SMALL CHINESE STYLE SCISSOR
23349,4355.1,30,4325.1,0.006888475580354067,ROLL WRAP VINTAGE CHRISTMAS
22899,4328.530000000001,10.5,4318.030000000001,0.002425765791157737,CHILDREN'S APRON DOLLY GIRL
84692,4329.48,13.02,4316.459999999999,0.0030072895590232546,BOX OF 24 COCKTAIL PARASOLS
20975,4387.820000000001,78,4309.820000000001,0.017776481259486485,12 PENCILS SMALL TUBE RED RETROSPOT
15056P,4366.820000000001,58.2,4308.620000000001,0.013327776276558227,EDWARDIAN PARASOL PINK
21892,4322.16,16.25,4305.91,0.003759694226960594,TRADITIONAL WOODEN CATCH CUP GAME
21498,4322.42,21,4301.42,0.004858389513281911,RED RETROSPOT WRAP
22327,4336.7,44.25000000000001,4292.45,0.010203611040653033,ROUND SNACK BOXES SET OF 4 SKULLS
23050,4286.55,8.25,4278.3,0.001924624698183854,RECYCLED ACAPULCO MAT GREEN
23112,4514.58,239.85000000000002,4274.73,0.053127865715083135,PARISIENNE CURIO CABINET
22723,4282.570000000001,7.9,4274.670000000001,0.0018446867184891314,SET OF 6 HERB TINS SKETCHBOOK
20970,4235.88,11.25,4224.63,0.002655882602906598,PINK FLORAL FELTCRAFT SHOULDER BAG
23166,81700.92000000001,77479.64,4221.280000000013,0.9483325279568454,MEDIUM CERAMIC TOP STORAGE JAR
22661,4231.95,10.79,4221.16,0.0025496520516546744,CHARLOTTE BAG DOLLY GIRL DESIGN
23237,4278.54,69.35000000000001,4209.19,0.016208800198198453,SET OF 4 KNICK KNACK TINS LEAF
23089,4217.73,25.65,4192.08,0.006081470364390324,GLASS BON BON JAR
23012,4208.96,31.6,4177.36,0.007507792898958413,GLASS APOTHECARY BOTTLE PERFUME
22550,4194.89,30,4164.89,0.007151558205340306,HOLIDAY FUN LUDO
20974,4531.9800000000005,367.9,4164.080000000001,0.08117864597813758,12 PENCILS SMALL TUBE SKULL
23144,4197.83,36.519999999999996,4161.3099999999995,0.008699732957266015,ZINC T-LIGHT HOLDER STARS SMALL
22694,4260.12,109.2,4150.92,0.0256330807582885,WICKER STAR
22801,4215.14,70.89,4144.25,0.01681794673486527,ANTIQUE GLASS PEDESTAL BOWL
72760B,4155.34,14.6,4140.74,0.0035135512376845215,VINTAGE CREAM 3 BASKET CAKE STAND
20682,4190.83,65,4125.83,0.015510054094296356,RED RETROSPOT CHILDRENS UMBRELLA
21874,4149.929999999999,27.71,4122.219999999999,0.006677221061560075,GIN AND TONIC MUG
23306,4123.38,10.149999999999999,4113.2300000000005,0.002461572787373465,SET OF 36 DOILIES PANTRY DESIGN
22596,4142.92,30.72,4112.2,0.007415059909435856,CHRISTMAS STAR WISH LIST CHALKBOARD
23167,4476.009999999999,365.19,4110.82,0.08158828957039865,SMALL CERAMIC TOP STORAGE JAR
23009,4082.5199999999995,-0,4082.5199999999995,-0,I LOVE LONDON BABY GIFT SET
22061,4228.01,149.04999999999998,4078.96,0.035252991360001505,LARGE CAKE STAND  HANGING STRAWBERY
22489,4072.97,0.84,4072.1299999999997,2.0623770860084902e-4,PACK OF 12 TRADITIONAL CRAYONS
23255,4101.37,37.35,4064.02,0.009106713122688273,CHILDRENS CUTLERY CIRCUS PARADE
23340,4053.8799999999997,-0,4053.8799999999997,-0,VINTAGE CHRISTMAS CAKE FRILL
23193,4097.28,45,4052.2799999999997,0.010982895970009373,BUFFALO BILL TREASURE BOOK BOX
21116,4051.79,-0,4051.79,-0,OWL DOORSTOP
21704,4039.2799999999997,3.86,4035.4199999999996,9.556158523301183e-4,BAG 250g SWIRLY MARBLES
22896,4063.7599999999998,45.9,4017.8599999999997,0.011294958363682895,PEG BAG APPLES DESIGN
22219,4037.9799999999996,22.099999999999998,4015.8799999999997,0.0054730335464762084,LOVEBIRD HANGING DECORATION WHITE
22841,4109.72,103.35000000000001,4006.3700000000003,0.02514769862667043,ROUND CAKE TIN VINTAGE GREEN
72351B,4012.05,6.300000000000001,4005.75,0.0015702695629416384,SET/6 PINK  BUTTERFLY T-LIGHTS
23194,4086.37,83.25,4003.12,0.02037260453654466,GYMKHANA TREASURE BOOK BOX
23081,4046.5,49.5,3997,0.012232793772395898,GREEN METAL BOX ARMY SUPPLIES
23129,3999.5000000000005,4.15,3995.3500000000004,0.0010376297037129642,HEART SHAPED HOLLY WREATH
22577,4075.9399999999996,83.05,3992.8899999999994,0.02037566794408161,WOODEN HEART CHRISTMAS SCANDINAVIAN
22431,4002.6099999999997,15.6,3987.0099999999998,0.0038974569093666385,WATERING CAN BLUE ELEPHANT
20675,3984.3700000000003,15,3969.3700000000003,0.003764710606695663,BLUE POLKADOT BOWL
22274,3974.1300000000006,20.650000000000002,3953.4800000000005,0.005196105814354336,FELTCRAFT DOLL EMILY
22649,4147.7300000000005,195.20000000000002,3952.5300000000007,0.047061886863416856,STRAWBERRY FAIRY CAKE TEAPOT
23130,3988.98,37.35,3951.63,0.009363295880149813,MISTLETOE HEART WREATH GREEN
22131,3952.19,1.95,3950.2400000000002,4.93397331606021e-4,FOOD CONTAINER SET 3 LOVE HEART
23486,4145.47,199.65,3945.82,0.04816100466292121,ANTIQUE HEART SHELF UNIT
22951,4010.55,66,3944.55,0.01645659572876538,60 CAKE CASES DOLLY GIRL DESIGN
23557,3930.27,-0,3930.27,-0,LANDMARK FRAME BAKER STREET
21041,3909.63,8.850000000000001,3900.78,0.0022636413164417095,RED RETROSPOT OVEN GLOVE DOUBLE
22148,3929.1499999999996,29.25,3899.8999999999996,0.007444358194520444,EASTER CRAFT 4 CHICKS
22117,3896.4500000000003,-0,3896.4500000000003,-0,METAL SIGN HER DINNER IS SERVED
21716,3913.72,20.4,3893.3199999999997,0.005212432161728483,BOYS VINTAGE TIN SEASIDE BUCKET
23552,3883.9900000000002,-0,3883.9900000000002,-0,BICYCLE PUNCTURE REPAIR KIT
22222,3880.2000000000003,-0,3880.2000000000003,-0,CAKE PLATE LOVEBIRD WHITE
23049,3896.84,24.75,3872.09,0.0063513000277147635,RECYCLED ACAPULCO MAT RED
23110,4158.68,293.25,3865.4300000000003,0.07051516346533034,PARISIENNE KEY CABINET
22942,4469.04,604.35,3864.69,0.13523038504913806,CHRISTMAS LIGHTS 10 SANTAS
84792,3978.9700000000003,114.69,3864.28,0.02882404240293342,ENCHANTED BIRD COATHANGER 5 HOOK
21749,3877.09,16.8,3860.29,0.004333146767291964,LARGE RED RETROSPOT WINDMILL
85049A,3847.36,15,3832.36,0.0038987773434251017,TRADITIONAL CHRISTMAS RIBBONS
22350,3822.12,2.55,3819.5699999999997,6.671690056827101e-4,ILLUSTRATED CAT BOWL
37370,3844.81,27.8,3817.0099999999998,0.0072305263459052594,RETRO COFFEE MUGS ASSORTED
23253,3848.86,31.9,3816.96,0.00828816844468232,16 PIECE CUTLERY SET PANTRY DESIGN
23131,3840.13,24.9,3815.23,0.00648415548431954,MISTLETOE HEART WREATH CREAM
21243,3827.16,13.52,3813.64,0.0035326456171155636,PINK  POLKADOT PLATE
21110,3822.45,13.5,3808.95,0.003531766275556253,LARGE CAKE TOWEL PINK SPOTS
23032,3876.7799999999997,75.89999999999999,3800.8799999999997,0.01957810347762834,DRAWER KNOB CRACKLE GLAZE IVORY
22980,3914.9599999999996,124.04999999999998,3790.9099999999994,0.031686147495759855,PANTRY SCRUBBING BRUSH
85049E,3791.11,18.75,3772.36,0.004945781050932313,SCANDINAVIAN REDS RIBBONS
22578,3877.68,112.49,3765.19,0.029009613995997607,WOODEN STAR CHRISTMAS SCANDINAVIAN
21244,3789.3199999999997,25.349999999999998,3763.97,0.006689854644105011,BLUE POLKADOT PLATE
23299,3784.13,30,3754.13,0.007927846030659623,FOOD COVER WITH BEADS SET 2
23542,3800.16,48.7,3751.46,0.012815249884215403,WALL ART 70'S ALPHABET
21746,3766.93,18.75,3748.18,0.004977528119715524,SMALL RED RETROSPOT WINDMILL
22809,3822.5000000000005,83.7,3738.8000000000006,0.021896664486592544,SET OF 6 T-LIGHTS SANTA
22890,3999.5699999999997,268.25,3731.3199999999997,0.06706970999382435,NOVELTY BISCUITS CAKE STAND 3 TIER
22195,3725.6099999999997,1.65,3723.9599999999996,4.428804947377745e-4,LARGE HEART MEASURING SPOONS
22956,3992.5800000000004,283.20000000000005,3709.38,0.07093157807733345,36 FOIL HEART CAKE CASES
23182,3718.0899999999997,11.62,3706.47,0.003125260550443911,TOILET SIGN OCCUPIED OR VACANT
23127,3763.9500000000003,64.35000000000001,3699.6000000000004,0.017096401386840952,FELTCRAFT GIRL NICOLE KIT
23092,3773.5800000000004,77.75,3695.8300000000004,0.02060377678490982,LARGE ANTIQUE WHITE PHOTO FRAME
22842,3823.21,127.45,3695.76,0.03333586174968155,BISCUIT TIN VINTAGE RED
22854,3708.52,14.850000000000001,3693.67,0.004004292817619968,CREAM SWEETHEART EGG HOLDER
23091,3725.07,43.75,3681.32,0.011744745736321734,ZINC HERB GARDEN CONTAINER
21890,3689.46,18.4,3671.06,0.004987179695673622,S/6 WOODEN SKITTLES IN COTTON BAG
22738,3856.07,190.5,3665.57,0.04940263013897569,RIBBON REEL SNOWY VILLAGE
22212,3713.5400000000004,50.400000000000006,3663.1400000000003,0.013571955600316678,FOUR HOOK  WHITE LOVEBIRDS
21531,3692.37,36.449999999999996,3655.92,0.009871708414920497,RED RETROSPOT SUGAR JAM BOWL
23013,3678.11,23.700000000000003,3654.4100000000003,0.00644352670257279,GLASS APOTHECARY BOTTLE TONIC
23191,3656.9399999999996,4.949999999999999,3651.99,0.001353590706984528,BUNDLE OF 3 RETRO NOTE BOOKS
22378,3649.0699999999997,2.1,3646.97,5.75489097222032e-4,WALL TIDY RETROSPOT
23497,3660.37,17.4,3642.97,0.0047536178036646564,CLASSIC CHROME BICYCLE BELL
23294,3631.0499999999997,10.79,3620.2599999999998,0.0029715922391594716,SET OF 6 SNACK LOAF BAKING CASES
22468,3633.17,19.45,3613.7200000000003,0.005353451668928236,BABUSHKA LIGHTS STRING OF 10
85053,3666.2900000000004,57.160000000000004,3609.1300000000006,0.0155906924984112,FRENCH ENAMEL CANDLEHOLDER
22053,3606.4199999999996,1.25,3605.1699999999996,3.46604111556613e-4,EMPIRE DESIGN ROSETTE
21658,3721.63,124.58,3597.05,0.03347457968685764,GLASS  BEURRE DISH
22493,3989.9399999999996,396.45,3593.49,0.09936239642701394,PAINT YOUR OWN CANVAS SET
22926,3674.7000000000003,89.25,3585.4500000000003,0.024287696954853454,IVORY GIANT GARDEN THERMOMETER
21260,3722.23,139.75,3582.48,0.03754469766779592,FIRST AID TIN
21494,3578.83,2.5,3576.33,6.985523201716762e-4,ROTATING LEAVES T-LIGHT HOLDER
22348,3584.99,10.2,3574.79,0.002845196220909961,TEA BAG PLATE RED RETROSPOT
22908,3573.83,2.55,3571.2799999999997,7.135202289980216e-4,PACK OF 20 NAPKINS RED APPLES
22812,3610.2499999999995,40.949999999999996,3569.2999999999997,0.011342704798836646,PACK 3 BOXES CHRISTMAS PANNETONE
22739,3585.02,16.5,3568.52,0.004602484783906366,RIBBON REEL CHRISTMAS SOCK BAUBLE
23332,3570.7599999999998,3.3,3567.4599999999996,9.241730051865709e-4,IVORY WICKER HEART LARGE
23111,3839.2400000000002,283.2,3556.0400000000004,0.07376459924360029,PARISIENNE SEWING BOX
85132C,3562.3199999999997,9.75,3552.5699999999997,0.0027369803947988954,CHARLIE AND LOLA FIGURES TINS
20717,3564.48,27.5,3536.98,0.007715010324086543,STRAWBERRY SHOPPER BAG
84968C,3585.99,51,3534.99,0.01422201400450085,SET OF 16 VINTAGE PISTACHIO CUTLERY
21992,3529.12,-0,3529.12,-0,VINTAGE PAISLEY STATIONERY SET
22800,3564.4900000000002,37.5,3526.9900000000002,0.010520439109101162,ANTIQUE TALL SWIRLGLASS TRINKET POT
22688,3519.66,-0,3519.66,-0,DOORMAT PEACE ON EARTH BLUE
21715,3507.17,-0,3507.17,-0,GIRLS VINTAGE TIN SEASIDE BUCKET
23085,3635.23,128.75,3506.48,0.035417291340575426,ANTIQUE SILVER BAUBLE LAMP
23189,3507.51,2.89,3504.6200000000003,8.239463322984111e-4,SET OF 12 FORK CANDLES
23353,3517.5199999999995,19.919999999999998,3497.5999999999995,0.005663080806932157,6 GIFT TAGS VINTAGE CHRISTMAS
21527,3756.79,260.3,3496.49,0.06928787608570083,RED RETROSPOT TRADITIONAL TEAPOT
21703,3528.89,36.54,3492.35,0.010354530744795106,BAG 125g SWIRLY MARBLES
21745,3486.98,15,3471.98,0.004301716671733133,GAOLERS KEYS DECORATIVE GARDEN
23232,3478.92,21.42,3457.5,0.006157083232727399,WRAP VINTAGE LEAF DESIGN
21974,3545.6,88.44999999999999,3457.15,0.024946412454873643,SET OF 36 PAISLEY FLOWER DOILIES
22065,3470.83,22.02,3448.81,0.006344303812056482,CHRISTMAS PUDDING TRINKET POT
23388,3448.69,-0,3448.69,-0,WOODLAND MINI BACKPACK
21588,3450.15,2.55,3447.6,7.390983000739097e-4,RETROSPOT GIANT TUBE MATCHES
21385,3447.5499999999997,1.7,3445.85,4.931037983495526e-4,IVORY HANGING DECORATION  HEART
84508A,3448.05,2.55,3445.5,7.395484404228476e-4,CAMOUFLAGE DESIGN TEDDY
21238,3488.44,43.22,3445.2200000000003,0.012389492151219456,RED RETROSPOT CUP
22435,3456.75,15,3441.75,0.004339336081579518,SET OF 9 HEART SHAPED BALLOONS
23426,3450.21,17.34,3432.87,0.005025781039414992,METAL SIGN DROP YOUR PANTS
22669,3559,127.49999999999999,3431.5,0.03582466985108176,RED BABY BUNTING
21497,3430,-0,3430,-0,FANCY FONTS BIRTHDAY WRAP
23065,3439.94,12.5,3427.44,0.003633784310191457,LARGE DECO JEWELLERY STAND
23350,3456.33,30,3426.33,0.008679726762201526,ROLL WRAP VINTAGE SPOT
23536,3442.13,23.8,3418.33,0.006914323398593313,WALL ART VILLAGE SHOW
22760,3491.8599999999997,74.7,3417.16,0.02139261024210593,"TRAY, BREAKFAST IN BED"
22300,3444.91,33.15,3411.7599999999998,0.009622892905765318,COFFEE MUG DOG + BALL DESIGN
47567B,3456.15,46.300000000000004,3409.85,0.0133964092993649,TEA TIME KITCHEN APRON
22782,3399.95,-0,3399.95,-0,SET 3 WICKER STORAGE BASKETS
23210,3617.7799999999997,219.76,3398.0199999999995,0.06074443443216558,WHITE ROCKING HORSE HAND PAINTED
22311,3418.51,20.650000000000002,3397.86,0.0060406434382230855,OFFICE MUG WARMER BLACK+SILVER
22029,3397.65,5.04,3392.61,0.0014833782172972495,SPACEBOY BIRTHDAY CARD
23014,3427.48,35.550000000000004,3391.93,0.010372051769813392,GLASS APOTHECARY BOTTLE ELIXIR
23156,3437.85,49.92,3387.93,0.01452070334656835,SET OF 5 MINI GROCERY MAGNETS
84509A,3417.28,33.75,3383.53,0.009876275868527015,SET OF 4 ENGLISH ROSE PLACEMATS
23354,3431.89,49.8,3382.0899999999997,0.014510954605188394,6 GIFT TAGS 50'S CHRISTMAS
79000,3377.74,6.050000000000001,3371.6899999999996,0.0017911384535221778,MOROCCAN TEA GLASS
22180,3561.3399999999997,194.64999999999998,3366.6899999999996,0.05465639338001988,RETROSPOT LAMP
22563,3358.1800000000003,1.25,3356.9300000000003,3.7222543163261047e-4,HAPPY STENCIL CRAFT
22687,3354.22,-0,3354.22,-0,DOORMAT CHRISTMAS VILLAGE
21993,3363.34,15,3348.34,0.004459852408617624,FLORAL FOLK STATIONERY SET
82580,3474.31,127,3347.31,0.03655402079837435,BATHROOM METAL SIGN
21429,3398.95,74.1,3324.85,0.021800850262581092,RED GINGHAM ROSE JEWELLERY BOX
22432,3350.62,27.299999999999997,3323.3199999999997,0.008147745790331342,WATERING CAN PINK BUNNY
22653,3380.45,58.5,3321.95,0.017305388335872442,BUTTON BOX
22165,3328.2,12.75,3315.45,0.003830899585361457,"DIAMANTE HEART SHAPED WALL MIRROR,"
84032A,3390.88,82.60000000000001,3308.28,0.024359458311706696,CHARLIE+LOLA PINK HOT WATER BOTTLE
22079,3348.39,49.5,3298.89,0.014783224176395224,RIBBON REEL HEARTS DESIGN
22855,3304.23,15,3289.23,0.004539635558057399,FINE WICKER HEART
23239,3399.4900000000002,115.80000000000001,3283.69,0.03406393311937967,SET OF 4 KNICK KNACK TINS POPPIES
23395,3305.83,26.25,3279.58,0.007940517207478908,BELLE JARDINIERE CUSHION COVER
23308,3279.21,-0,3279.21,-0,SET OF 60 VINTAGE LEAF CAKE CASES
22460,3289.75,23.75,3266,0.007219393570940041,EMBOSSED GLASS TEALIGHT HOLDER
23053,3262.57,8.25,3254.32,0.002528681376951299,RECYCLED ACAPULCO MAT PINK
22567,3282.2999999999997,32.7,3249.6,0.00996252627730555,20 DOLLY PEGS RETROSPOT
22244,3280.1099999999997,31.2,3248.91,0.009511876126105528,3 HOOK HANGER MAGIC GARDEN
22187,3245.68,14.7,3230.98,0.004529097138350053,GREEN CHRISTMAS TREE CARD HOLDER
21463,3446.9500000000003,216.9,3230.05,0.06292519473737652,MIRRORED DISCO BALL
22962,3294.91,72.97,3221.94,0.02214628017153731,JAM JAR WITH PINK LID
22746,3244.94,25.200000000000003,3219.7400000000002,0.007765937120563093,POPPY'S PLAYHOUSE LIVINGROOM
20973,3216.1200000000003,2.6,3213.5200000000004,8.08427546235837e-4,12 PENCIL SMALL TUBE WOODLAND
23035,3226.0899999999997,13.049999999999999,3213.0399999999995,0.004045144431804444,DRAWER KNOB CERAMIC IVORY
22967,3277.3100000000004,64.9,3212.4100000000003,0.019802826098233,SET 3 SONG BIRD PAPER EGGS ASSORTED
23051,3223.49,16.5,3206.99,0.005118675721035275,RECYCLED ACAPULCO MAT BLUE
23230,3228.42,31.5,3196.92,0.009757094801791589,WRAP ALPHABET DESIGN
23342,3193.41,8.5,3184.91,0.0026617315033146387,MINT DINER WALL CLOCK
22491,3193.83,10.2,3183.63,0.0031936577713904623,PACK OF 12 COLOURED PENCILS
21115,3174.84,-0,3174.84,-0,ROSE CARAVAN DOORSTOP
22430,3266.09,99,3167.09,0.03031147335192845,ENAMEL WATERING CAN CREAM
21868,3262.25,99.41,3162.84,0.03047283316729251,POTTING SHED TEA MUG
23393,3230.41,78.75,3151.66,0.02437771056924663,HOME SWEET HOME CUSHION COVER
23323,3155.1800000000003,6.300000000000001,3148.88,0.001996716510626969,WHITE WICKER STAR
21561,3127.38,5.1,3122.28,0.0016307580146960074,DINOSAUR LUNCH BOX WITH CUTLERY
22236,3624.5999999999995,508.94999999999993,3115.6499999999996,0.1404154941234895,CAKE STAND 3 TIER MAGIC GARDEN
22465,3153.0899999999997,42.15,3110.9399999999996,0.013367839167293036,HANGING METAL STAR LANTERN
23346,3117.34,7.5,3109.84,0.0024058973355488974,SPACEBOY BEAKER
21381,3138,42.25,3095.75,0.013463989802421925,MINI WOODEN HAPPY BIRTHDAY GARLAND
20754,3090.96,2.1,3088.86,6.794005745787716e-4,RETROSPOT RED WASHING UP GLOVES
21240,3112.81,30.34,3082.47,0.009746820397004636,BLUE POLKADOT CUP
20828,3079.88,-0,3079.88,-0,GLITTER BUTTERFLY CLIPS
21135,3207.69,128.72,3078.9700000000003,0.04012856603973576,VICTORIAN  METAL POSTCARD SPRING
23461,3082.71,16.6,3066.11,0.005384872401231385,SWEETHEART BIRD HOUSE
84997b,3052.9199999999996,-0,3052.9199999999996,-0,CHILDRENS CUTLERY RETROSPOT RED
23329,3056.3399999999997,4.949999999999999,3051.39,0.0016195842085631833,DECORATIVE WICKER HEART LARGE
22604,3044.76,-0,3044.76,-0,SET OF 4 NAPKIN CHARMS CUTLERY
23390,3042.19,4.15,3038.04,0.001364148853293187,DOLLY GIRL MINI BACKPACK
22894,3027.3799999999997,-0,3027.3799999999997,-0,TABLECLOTH RED APPLES DESIGN
22972,3072.5899999999997,56.099999999999994,3016.49,0.01825821212722817,CHILDREN'S SPACEBOY MUG
22592,3021.12,7.5,3013.62,0.002482523037813791,CARDHOLDER HOLLY WREATH METAL
84968A,3139.2999999999997,127.5,3011.7999999999997,0.04061414965119613,SET OF 16 VINTAGE ROSE CUTLERY
23231,3008.34,-0,3008.34,-0,WRAP DOILEY DESIGN
85184C,2997.64,-0,2997.64,-0,S/4 VALENTINE DECOUPAGE HEART BOX
21714,3018.15,25,2993.15,0.008283219853221344,CITRONELLA CANDLE GARDEN POT
22644,3000.02,13.05,2986.97,0.0043499710001933325,CERAMIC CHERRY CAKE MONEY BANK
21201,2987.82,2.55,2985.27,8.534650681767977e-4,TROPICAL  HONEYCOMB PAPER GARLAND
23242,3037.11,56.160000000000004,2980.9500000000003,0.018491263075752936,TREASURE TIN BUFFALO BILL
16161P,2990.92,10.5,2980.42,0.0035106254931592954,WRAP ENGLISH ROSE
22331,2975.14,3.3,2971.8399999999997,0.001109191500231922,WOODLAND PARTY BAG + STICKER SET
21625,2967.31,-0,2967.31,-0,VINTAGE UNION JACK APRON
22906,2959.4199999999996,1.65,2957.7699999999995,5.575416804644153e-4,12 MESSAGE CARDS WITH ENVELOPES
21411,2982.0299999999997,25.5,2956.5299999999997,0.008551221818693978,GINGHAM HEART  DOORSTOP RED
21810,3022.79,73.75,2949.04,0.02439798993644944,CHRISTMAS HANGING STAR WITH BELL
22078,2948.41,-0,2948.41,-0,RIBBON REEL LACE DESIGN
21918,2950.67,6.72,2943.9500000000003,0.002277448850600033,SET 12 KIDS COLOUR  CHALK STICKS
85174,2946.88,14.15,2932.73,0.004801688565533717,S/4 CACTI CANDLES
22360,3210.52,284.95,2925.57,0.08875509263296912,GLASS JAR ENGLISH CONFECTIONERY
22778,3146.82,223.12,2923.7000000000003,0.0709033246261305,GLASS CLOCHE SMALL
84568,2923.13,-0,2923.13,-0,GIRLS ALPHABET IRON ON PATCHES
22892,3029.1,115.19,2913.91,0.03802779703542306,SET OF SALT AND PEPPER TOADSTOOLS
22777,2951.53,41.65,2909.88,0.014111325312634463,GLASS CLOCHE LARGE
22810,3045.6800000000003,140.1,2905.5800000000004,0.045999579732604864,SET OF 6 T-LIGHTS SNOWMEN
23211,2933.07,30,2903.07,0.010228190939868464,RED ROCKING HORSE HAND PAINTED
23290,2899.1,12.5,2886.6,0.004311682936083612,SPACEBOY CHILDRENS BOWL
21112,2885.13,-0,2885.13,-0,"SWISS ROLL TOWEL, PINK  SPOTS"
22656,3685,800,2885,0.21709633649932158,VINTAGE BLUE KITCHEN CABINET
21313,2906.52,23.62,2882.9,0.008126556844611426,GLASS HEART T-LIGHT HOLDER
23345,2891.25,8.75,2882.5,0.0030263726761781237,DOLLY GIRL BEAKER
22774,2901.75,19.81,2881.94,0.006826914792797449,RED DRAWER KNOB ACRYLIC EDWARDIAN
21976,2886.9500000000003,15.950000000000001,2871.0000000000005,0.0055248618784530384,PACK OF 60 MUSHROOM CAKE CASES
21990,2880.45,15,2865.45,0.0052075196583867105,MODERN FLORAL STATIONERY SET
23504,2857.64,-0,2857.64,-0,PLAYING CARDS JUBILEE UNION JACK
22354,2860.98,3.39,2857.59,0.0011849086676593336,RETROSPOT PADDED SEAT CUSHION
23427,2873.08,22.9,2850.18,0.00797054032606123,STOOL HOME SWEET HOME
22843,2911.27,67.5,2843.77,0.02318575741858364,BISCUIT TIN VINTAGE GREEN
22965,2914.8100000000004,79.80000000000001,2835.01,0.027377427688254123,3 TRADITIONAl BISCUIT CUTTERS  SET
23196,2848.04,18.849999999999998,2829.19,0.006618586817600876,VINTAGE LEAF MAGNETIC NOTEPAD
22945,3019.12,200.57999999999998,2818.54,0.06643657754577492,CHRISTMAS METAL TAGS ASSORTED
22426,2858.96,45,2813.96,0.015739989366762738,ENAMEL WASH BOWL CREAM
22476,2844.16,39.6,2804.56,0.013923267326732675,EMPIRE UNION JACK TV DINNER TRAY
21563,2803.13,-0,2803.13,-0,RED HEART SHAPE LOVE BUCKET
35004B,2934.8100000000004,136.8,2798.01,0.04661289827961605,SET OF 3 BLACK FLYING DUCKS
23212,2865.89,75,2790.89,0.026169880909595274,HEART WREATH DECORATION WITH BELL
23396,2780.5299999999997,15,2765.5299999999997,0.005394654975849928,LE JARDIN BOTANIQUE CUSHION COVER
21109,2765.15,-0,2765.15,-0,LARGE CAKE TOWEL CHOCOLATE SPOTS
22072,2831.17,71.25,2759.92,0.025166274013923573,RED RETROSPOT TEA CUP AND SAUCER
23190,2761.8999999999996,3.3,2758.5999999999995,0.001194829646258011,BUNDLE OF 3 SCHOOL EXERCISE BOOKS
22224,2767.01,11.8,2755.21,0.004264531028077239,WHITE LOVEBIRD LANTERN
22773,2754.4,-0,2754.4,-0,GREEN DRAWER KNOB ACRYLIC EDWARDIAN
23341,2749.85,-0,2749.85,-0,PINK DINER WALL CLOCK
22380,2823.86,77.7,2746.1600000000003,0.027515528390217644,TOY TIDY SPACEBOY
22794,2784.9,39.75,2745.15,0.014273402994721534,SWEETHEART WIRE MAGAZINE RACK
22823,2745,-0,2745,-0,CHEST NATURAL WOOD 20 DRAWERS
23266,2757.57,15,2742.57,0.005439571796908147,SET OF 3 WOODEN STOCKING DECORATION
23100,2743.13,1.25,2741.88,4.5568383561843585e-4,SILVER BELLS TABLE DECORATION
21985,2737.6299999999997,-0,2737.6299999999997,-0,PACK OF 12 HEARTS DESIGN TISSUES
21499,2819.84,82.5,2737.34,0.02925697911938266,BLUE POLKADOT WRAP
22196,2759.2599999999998,24.13,2735.1299999999997,0.008745098323463537,SMALL HEART MEASURING SPOONS
23147,2755.1,21.75,2733.35,0.007894450292185402,SINGLE ANTIQUE ROSE HOOK IVORY
22925,2763.42,47.6,2715.82,0.01722503274927445,BLUE GIANT GARDEN THERMOMETER
23164,2718.65,4.95,2713.7000000000003,0.001820756625531054,REGENCY CAKE SLICE
47599B,2822.32,109.2,2713.1200000000003,0.03869157289038805,BLUE PARTY BAGS
22974,2744.5399999999995,33,2711.5399999999995,0.012023872853009978,CHILDRENS DOLLY GIRL MUG
22283,2742.33,31.8,2710.5299999999997,0.011595978602137598,6 EGG HOUSE PAINTED WOOD
23489,2709.23,-0,2709.23,-0,VINTAGE BELLS GARLAND
23333,2721.7,15,2706.7,0.0055112613440129335,IVORY WICKER HEART MEDIUM
84832,2713.5499999999997,10.2,2703.35,0.0037589136002653353,ZINC WILLIE WINKIE  CANDLE STICK
23264,2694.56,1.25,2693.31,4.638976307820201e-4,SET OF 3 WOODEN SLEIGH DECORATIONS
21239,2709.04,17.85,2691.19,0.006589049995570387,PINK  POLKADOT CUP
22963,2778.8399999999997,90.86,2687.9799999999996,0.0326970966302486,JAM JAR WITH GREEN LID
22702,2684.6499999999996,-0,2684.6499999999996,-0,BLACK AND WHITE CAT BOWL
22278,2709.3,29.700000000000003,2679.6000000000004,0.010962241169305725,OVERNIGHT BAG VINTAGE ROSE PAISLEY
22660,2678.96,-0,2678.96,-0,DOORMAT I LOVE LONDON
23292,2704.58,26.25,2678.33,0.009705758380229093,SPACEBOY CHILDRENS CUP
23407,2729.33,59.699999999999996,2669.63,0.02187350008976562,SET OF 2 TRAYS HOME SWEET HOME
21811,2687.4,18.72,2668.6800000000003,0.00696584058941728,HANGING HEART WITH BELL
22691,2686.72,24.15,2662.5699999999997,0.008988655312053359,DOORMAT WELCOME SUNRISE
22433,2667.5,5.85,2661.65,0.0021930646672914714,WATERING CAN GREEN DINOSAUR
84997d,2657.79,-0,2657.79,-0,CHILDRENS CUTLERY POLKADOT PINK
22045,2683.84,31.5,2652.34,0.011736914272087754,SPACEBOY GIFT WRAP
22930,2849.35,201.60000000000002,2647.75,0.07075297874953938,BAKING MOULD HEART MILK CHOCOLATE
35961,2640.8599999999997,0.85,2640.0099999999998,3.21864847057398e-4,FOLKART ZINC HEART CHRISTMAS DEC
22241,2641.93,4.8100000000000005,2637.12,0.0018206386997384491,GARLAND WOODEN HAPPY EASTER
22329,2663.5399999999995,28.049999999999997,2635.4899999999993,0.0105310977120674,ROUND CONTAINER SET OF 5 RETROSPOT
22792,2643.33,10.2,2633.13,0.0038587690526721975,FLUTED ANTIQUE CANDLE HOLDER
22737,2695.8,66,2629.8,0.02448252837747607,RIBBON REEL CHRISTMAS PRESENT
72807C,3145.05,516.7,2628.3500000000004,0.16428991589958825,SET/3 VANILLA SCENTED CANDLE IN BOX
22927,2704.71,83.3,2621.41,0.030798126231647755,GREEN GIANT GARDEN THERMOMETER
22582,2649.35,30.599999999999998,2618.75,0.011550002830883047,PACK OF 6 SWEETIE GIFT BOXES
22797,2851.3599999999997,237.29999999999998,2614.0599999999995,0.08322344425116436,CHEST OF DRAWERS GINGHAM HEART
23054,2621.43,8.25,2613.18,0.0031471372495164855,RECYCLED ACAPULCO MAT LAVENDER
21012,2618.25,6.300000000000001,2611.95,0.002406187338871384,ANTIQUE ALL GLASS CANDLESTICK
22830,2610.2900000000004,-0,2610.2900000000004,-0,UTILTY CABINET WITH HOOKS
22833,2603.5299999999997,-0,2603.5299999999997,-0,HALL CABINET WITH 3 DRAWERS
22902,2650.08,50.400000000000006,2599.68,0.019018293787357365,TOTE BAG I LOVE LONDON
22564,3063.52,464.17,2599.35,0.1515152504308769,ALPHABET STENCIL CRAFT
22175,2600.13,5.9,2594.23,0.002269117313365101,PINK OWL SOFT TOY
21500,2593,-0,2593,-0,PINK POLKADOT WRAP
22610,2578.24,-0,2578.24,-0,PENS ASSORTED FUNNY FACE
22805,2593.53,16.25,2577.28,0.006265591683921142,BLUE DRAWER KNOB ACRYLIC EDWARDIAN
22822,2588.7000000000003,11.9,2576.8,0.004596901919882566,CREAM WALL PLANTER HEART SHAPED
22700,2608.08,31.300000000000004,2576.7799999999997,0.012001165608416922,BLACK AND WHITE DOG BOWL
84596B,2570.52,6.72,2563.8,0.0026142570374865786,SMALL DOLLY MIX DESIGN ORANGE BOWL
22361,2598.23,35,2563.23,0.013470708905678096,GLASS JAR DAISY FRESH COTTON WOOL
22130,2664.6299999999997,104.52999999999999,2560.0999999999995,0.03922871092797124,PARTY CONE CHRISTMAS DECORATION
47559B,2588.65,37.5,2551.15,0.014486315260850249,TEA TIME OVEN GLOVE
22762,2786.0299999999997,244.9,2541.1299999999997,0.08790285818889244,CUPBOARD 3 DRAWER MA CAMPAGNE
21078,2540.39,-0,2540.39,-0,SET/20 STRAWBERRY PAPER NAPKINS
22937,2568.3399999999997,33.15,2535.1899999999996,0.012907169611500036,BAKING MOULD CHOCOLATE CUPCAKES
22358,2557.1200000000003,23.6,2533.5200000000004,0.009229132774371167,KINGS CHOICE TEA CADDY
72351A,2528.15,-0,2528.15,-0,SET/6 TURQUOISE BUTTERFLY T-LIGHTS
23681,2526.69,-0,2526.69,-0,LUNCH BAG RED VINTAGE DOILY
23424,2529.42,4.95,2524.4700000000003,0.0019569703726546005,GINGHAM RECIPE BOOK BOX
20829,2725.05,205.26,2519.79,0.07532338856167776,GLITTER HANGING BUTTERFLY STRING
21556,2515.52,2.55,2512.97,0.0010137069075181273,CERAMIC STRAWBERRY MONEY BOX
22670,2518,6.25,2511.75,0.002482128673550437,FRENCH WC SIGN BLUE METAL
23316,2511.59,9.95,2501.6400000000003,0.003961633865400005,RED REFECTORY CLOCK
21107,2501.56,-0,2501.56,-0,CREAM SLICE FLANNEL PINK SPOT
85178,2823.83,322.85,2500.98,0.11433053689492641,VICTORIAN SEWING KIT
22064,2556.2,57.599999999999994,2498.6,0.022533448087004145,PINK DOUGHNUT TRINKET POT
23146,2655.13,164.1,2491.03,0.06180488337670848,TRIPLE HOOK ANTIQUE IVORY ROSE
23367,2495.75,10.4,2485.35,0.004167084042872884,SET 12 COLOUR PENCILS SPACEBOY
22672,2511.22,26.4,2484.8199999999997,0.010512818470703483,FRENCH BATHROOM SIGN BLUE METAL
22075,2503.3399999999997,19.799999999999997,2483.5399999999995,0.00790943299751532,6 RIBBONS ELEGANT CHRISTMAS
21903,2494.3300000000004,27.300000000000004,2467.03,0.010944822858242494,MAN FLU METAL SIGN
21452,2549.11,83.15,2465.96,0.0326192278873803,TOADSTOOL MONEY BOX
22215,2471.39,17,2454.39,0.0068787200725098025,CAKE STAND WHITE TWO TIER LACE
21730,2519.38,68.60000000000001,2450.78,0.027228921401297148,GLASS STAR FROSTED T-LIGHT HOLDER
23352,2462.95,15,2447.95,0.006090257617897238,ROLL WRAP 50'S RED CHRISTMAS
85062,2449.2999999999997,6.6,2442.7,0.00269464745029192,PEARL CRYSTAL PUMPKIN T-LIGHT HLDR
22807,2428.1800000000003,-0,2428.1800000000003,-0,SET OF 6 T-LIGHTS TOADSTOOLS
22573,2427.25,-0,2427.25,-0,STAR WOODEN CHRISTMAS DECORATION
22374,2440.27,17,2423.27,0.0069664422379490795,AIRLINE BAG VINTAGE JET SET RED
21328,2418.68,-0,2418.68,-0,BALLOONS  WRITING SET
22811,2419.29,2.95,2416.34,0.0012193660123424642,SET OF 6 T-LIGHTS CACTI
22437,2418.94,8.5,2410.44,0.0035139358562014766,SET OF 9 BLACK SKULL BALLOONS
23406,2428.9100000000003,18.75,2410.1600000000003,0.007719512044497325,HOME SWEET HOME KEY HOLDER
23265,2423.54,18.75,2404.79,0.007736616684684387,SET OF 3 WOODEN TREE DECORATIONS
22743,2420.34,17.700000000000003,2402.6400000000003,0.007313022137385657,MAKE YOUR OWN FLOWERPOWER CARD KIT
23400,2409.34,12.5,2396.84,0.00518814281089427,SHELF WITH 4 HOOKS HOME SWEET HOME
21875,2429.38,35,2394.38,0.014406968032996072,KINGS CHOICE MUG
21781,2676.75,283.15,2393.6,0.10578126459325674,MA CAMPAGNE CUTLERY BOX
84796B,2393.5899999999997,-0,2393.5899999999997,-0,BLUE SAVANNAH PICNIC HAMPER FOR 2
22990,2942.1800000000003,553.7,2388.4800000000005,0.18819378827943906,COTTON APRON PANTRY DESIGN
84969,2389.52,8.5,2381.02,0.0035571997723392148,BOX OF 6 ASSORTED COLOUR TEASPOONS
22440,2385.12,4.2,2380.92,0.0017609176896759913,BALLOON WATER BOMB PACK OF 35
20978,2400.05,20,2380.05,0.008333159725839045,36 PENCILS TUBE SKULLS
23498,2378.48,-0,2378.48,-0,CLASSIC BICYCLE CLIPS
20983,2382.46,5.95,2376.51,0.0024974186345206218,12 PENCILS TALL TUBE RED RETROSPOT
23028,2387.0299999999997,11.55,2375.4799999999996,0.004838648864907438,DRAWER KNOB CRACKLE GLAZE BLUE
84997c,2374.4399999999996,-0,2374.4399999999996,-0,CHILDRENS CUTLERY POLKADOT BLUE
23437,2373.63,2.5,2371.13,0.0010532391316254008,50'S CHRISTMAS GIFT BAG LARGE
22282,2378.52,12.75,2365.77,0.005360476262549821,12 EGG HOUSE PAINTED WOOD
22851,2375.44,11.049999999999999,2364.39,0.004651769777388609,SET 20 NAPKINS FAIRY CAKES DESIGN
22548,2351.44,-0,2351.44,-0,HEADS AND TAILS SPORTING FUN
22167,2401.0699999999997,49.75,2351.3199999999997,0.020719929031640064,OVAL WALL MIRROR DIAMANTE
23436,2367.39,18.75,2348.64,0.007920114556536946,VINTAGE CHRISTMAS GIFT BAG LARGE
21495,2356,10.5,2345.5,0.004456706281833617,SKULLS AND CROSSBONES WRAP
23412,2354.8,15,2339.8,0.006369967725496857,HEART MIRROR ANTIQUE WHITE
22939,2407.52,69.30000000000001,2338.22,0.028784807602844426,APRON APPLE DELIGHT
23401,2354.8700000000003,18.75,2336.1200000000003,0.00796222296772221,RUSTIC MIRROR WITH LACE HEART
37500,2360.68,24.849999999999998,2335.83,0.010526627920768592,TEA TIME TEAPOT IN GIFT BOX
16156S,2331,-0,2331,-0,WRAP PINK FAIRY CAKES
22425,2346.1200000000003,29.700000000000003,2316.4200000000005,0.012659199017953045,ENAMEL COLANDER CREAM
23371,2313.53,-0,2313.53,-0,SET 36 COLOUR PENCILS SPACEBOY
22483,2314.7400000000002,2.95,2311.7900000000004,0.0012744411899392588,RED GINGHAM TEDDY BEAR
21700,2334.94,30.599999999999998,2304.34,0.013105261805442537,BIG DOUGHNUT FRIDGE MAGNETS
21982,2304.14,0.39,2303.75,1.6926054840417685e-4,PACK OF 12 SUKI TISSUES
84950,2304.83,6.1000000000000005,2298.73,0.002646616019402733,ASSORTED COLOUR T-LIGHT HOLDER
84032B,2430.44,133.5,2296.94,0.05492832573525781,CHARLIE + LOLA RED HOT WATER BOTTLE
23360,2296.15,-0,2296.15,-0,SET 8 CANDLES VINTAGE DOILY
22441,2301.31,6.300000000000001,2295.0099999999998,0.0027375712094415794,GROW YOUR OWN BASIL IN ENAMEL MUG
22736,2315.25,21.45,2293.8,0.00926465824425008,RIBBON REEL MAKING SNOWMEN
23330,2299.47,7.5,2291.97,0.003261621156179468,DECORATIVE WICKER HEART MEDIUM
22185,2291.4399999999996,-0,2291.4399999999996,-0,SLATE TILE NATURAL HANGING
23197,2323.7999999999997,36.25,2287.5499999999997,0.015599449178070404,SKETCHBOOK MAGNETIC SHOPPING LIST
21896,2279.09,9.75,2269.34,0.004278023246120161,POTTING SHED TWINE
23029,2303.9199999999996,46.199999999999996,2257.72,0.02005277961040314,DRAWER KNOB CRACKLE GLAZE GREEN
85175,2292.34,41.160000000000004,2251.1800000000003,0.01795545163457428,CACTI T-LIGHT CANDLES
23128,2283.41,34.650000000000006,2248.7599999999998,0.015174672967185047,FELTCRAFT BOY JEAN-PAUL KIT
22933,2585.92,337.80000000000007,2248.12,0.13063049127583223,BAKING MOULD EASTER EGG MILK CHOC
23048,2384.9700000000003,136.95000000000002,2248.0200000000004,0.05742210593843948,SET OF 10 LANTERNS FAIRY LIGHT STAR
22030,2247.97,-0,2247.97,-0,SWALLOWS GREETING CARD
21813,2280.4700000000003,34.650000000000006,2245.82,0.015194236275855416,GARLAND WITH STARS AND BELLS
22914,2266.1600000000003,24.75,2241.4100000000003,0.010921558936703497,BLUE COAT RACK PARIS FASHION
23326,2237.71,-0,2237.71,-0,HANGING MINI COLOURED BOTTLES
20977,2331.14,93.75,2237.39,0.04021637482090308,36 PENCILS TUBE WOODLAND
23093,2244.2200000000003,7.470000000000001,2236.7500000000005,0.003328550676849863,SMALL PARISIENNE HEART PHOTO FRAME
21989,2235.65,-0,2235.65,-0,PACK OF 20 SKULL PAPER NAPKINS
22829,2315.33,87.9,2227.43,0.03796435065411842,SWEETHEART WIRE WALL TIDY
23438,2227.42,-0,2227.42,-0,RED SPOT GIFT BAG LARGE
23501,2220.37,-0,2220.37,-0,KEY RING BASEBALL BOOT UNION JACK
22601,2222.3799999999997,3.4,2218.9799999999996,0.0015298913777121827,CHRISTMAS RETROSPOT ANGEL WOOD
22478,2218.12,-0,2218.12,-0,BIRDHOUSE GARDEN MARKER
21471,2228.09,15,2213.09,0.0067322235636801024,STRAWBERRY RAFFIA FOOD COVER
82494l,2211.6,-0,2211.6,-0,WOODEN FRAME ANTIQUE WHITE
10135,2207.39,1.25,2206.14,5.662796334132166e-4,COLOURING PENCILS BROWN TUBE
23064,3717.56,1514.05,2203.51,0.40726982214140456,CINDERELLA CHANDELIER
21794,2213.42,11.850000000000001,2201.57,0.005353706029583179,CLASSIC FRENCH STYLE BASKET NATURAL
21900,2201.07,3.25,2197.82,0.0014765545848155668,"KEY FOB , SHED"
23403,2207.86,11.25,2196.61,0.005095431775565479,LETTER HOLDER HOME SWEET HOME
21735,2577.45,382.95,2194.5,0.14857708199965083,TWO DOOR CURIO CABINET
22983,2261.6,68.75999999999999,2192.84,0.03040325433321542,CARD BILLBOARD FONT
46000S,2256.2,63.8,2192.3999999999996,0.02827763496143959,POLYESTER FILLER PAD 40x40cm
85038,2179.6600000000003,-0,2179.6600000000003,-0,6 CHOCOLATE LOVE HEART T-LIGHTS
21042,2205.4700000000003,34.4,2171.07,0.015597582374731914,RED RETROSPOT APRON
21592,2164.46,-0,2164.46,-0,RETROSPOT CIGAR BOX MATCHES
22732,2162.75,-0,2162.75,-0,3D VINTAGE CHRISTMAS STICKERS
21878,2173.0499999999997,11.049999999999999,2161.9999999999995,0.00508501875244472,PACK OF 6 SANDCASTLE FLAGS ASSORTED
23445,2177.8399999999997,16.599999999999998,2161.24,0.007622231201557507,ICE CREAM BUBBLES
21249,2160,-0,2160,-0,WOODLAND  HEIGHT CHART STICKERS
22121,2165.65,5.95,2159.7000000000003,0.0027474430309606815,NOEL WOODEN BLOCK LETTERS
23370,2157.85,1.25,2156.6,5.792803021526056e-4,SET 36 COLOURING PENCILS DOILY
22377,2171.53,18.45,2153.0800000000004,0.008496313659033031,BOTTLE BAG RETROSPOT
23252,2276.61,123.75,2152.86,0.05435713626839907,VINTAGE RED ENAMEL TRIM JUG
11001,2389.44,237.04999999999998,2152.39,0.09920734565421185,ASSTD DESIGN RACING CAR PEN
23031,2181.9999999999995,33,2148.9999999999995,0.015123739688359306,DRAWER KNOB CRACKLE GLAZE PINK
22704,2168.76,21,2147.76,0.009682952470536159,WRAP RED APPLES
23005,2147.55,0.42,2147.13,1.9557169798142067e-4,TRAVEL CARD WALLET I LOVE LONDON
37448,2214.08,67.05,2147.0299999999997,0.030283458592282122,CERAMIC CAKE DESIGN SPOTTED MUG
82581,2155.8900000000003,11.16,2144.7300000000005,0.005176516427090435,TOILET METAL SIGN
23302,2194.62,54.239999999999995,2140.38,0.024714984826530333,KNEELING MAT HOUSEWORK  DESIGN
22763,2186.27,49.75,2136.52,0.022755652321076538,KEY CABINET MA CAMPAGNE
40016,2136.34,-0,2136.34,-0,CHINESE DRAGON PAPER LANTERNS
23161,2145.3,15,2130.3,0.006992029086841001,REGENCY CAKE FORK
23066,2137.81,8.25,2129.56,0.0038590894419990554,SMALL DECO JEWELLERY STAND
23213,2139.67,15,2124.67,0.00701042684152229,STAR WREATH DECORATION WITH BELL
84356,2124.15,-0,2124.15,-0,POMPOM CURTAIN
22498,2121.9900000000002,-0,2121.9900000000002,-0,WOODEN REGATTA BUNTING
23020,2191.84,73.65,2118.19,0.033601905248558286,GLASS  SONGBIRD STORAGE JAR
23079,2243.35,125.29999999999998,2118.0499999999997,0.05585396839547997,TOADSTOOL BEDSIDE LIGHT
21718,2114.64,1.25,2113.39,5.911171641508721e-4,RED METAL BEACH SPADE
72802C,2692.44,579.81,2112.63,0.2153474172126398,VANILLA SCENT CANDLE JEWELLED BOX
23046,2111.4900000000002,-0,2111.4900000000002,-0,PAPER LANTERN 9 POINT DELUXE STAR
22571,2191.43,80.17,2111.2599999999998,0.03658341813336498,ROCKING HORSE RED CHRISTMAS
22973,2145.91,36.3,2109.6099999999997,0.016915900480448855,CHILDREN'S CIRCUS PARADE MUG
20751,2108.7200000000003,2.1,2106.6200000000003,9.958647900147957e-4,FUNKY WASHING UP GLOVES ASSORTED
22357,2175.04,76.5,2098.54,0.03517176695601001,KINGS CHOICE BISCUIT TIN
21506,2101.0099999999998,5.04,2095.97,0.002398846269175302,"FANCY FONT BIRTHDAY CARD,"
22733,2095.08,-0,2095.08,-0,3D TRADITIONAL CHRISTMAS STICKERS
23233,2105.5,10.5,2095,0.004986938969365947,WRAP POPPIES  DESIGN
21609,2089.64,-0,2089.64,-0,SET 12 LAVENDER  BOTANICAL T-LIGHTS
22996,2099.97,10.92,2089.0499999999997,0.005200074286775526,TRAVEL CARD WALLET VINTAGE TICKET
21980,2121.7599999999998,38.28,2083.4799999999996,0.018041625820073903,PACK OF 12 RED RETROSPOT TISSUES
22107,2158.06,76.25,2081.81,0.035332659888974355,PIZZA PLATE IN BOX
22747,2087.15,12.600000000000001,2074.55,0.006036940325324007,POPPY'S PLAYHOUSE BATHROOM
22831,2070.9,-0,2070.9,-0,WHITE BROCANTE SOAP DISH
22955,2070.15,-0,2070.15,-0,36 FOIL STAR CAKE CASES
23152,2095.65,26.25,2069.4,0.012525946603679049,IVORY SWEETHEART WIRE LETTER RACK
22744,2091.5400000000004,23.6,2067.9400000000005,0.011283551832620939,MAKE YOUR OWN MONSOON CARD KIT
22574,2202.14,138.24,2063.8999999999996,0.06277530038962101,HEART WOODEN CHRISTMAS DECORATION
23227,2070.06,7.5,2062.56,0.0036230833888872787,FILIGREE HEART BUTTERFLY WHITE
22059,2094.24,35.76,2058.4799999999996,0.01707540683016273,CERAMIC STRAWBERRY DESIGN MUG
22128,2127.53,70,2057.53,0.03290200373202728,PARTY CONES CANDY ASSORTED
22055,2086.49,37.75,2048.74,0.018092586113520794,MINI CAKE STAND  HANGING STRAWBERY
23291,2060.28,12.5,2047.7800000000002,0.006067136505717669,DOLLY GIRL CHILDRENS CUP
23500,2044.58,-0,2044.58,-0,KEY RING BASEBALL BOOT ASSORTED
23490,2055.27,11.25,2044.02,0.005473733378096308,T-LIGHT HOLDER HANGING LOVE BIRD
47504K,2049.45,9.48,2039.9699999999998,0.004625631266925273,ENGLISH ROSE GARDEN SECATEURS
22863,2076.63,38.35000000000001,2038.2800000000002,0.018467420773079463,SOAP DISH BROCANTE
22803,2038.0900000000001,-0,2038.0900000000001,-0,IVORY EMBROIDERED QUILT
23251,2107,72.5,2034.5,0.03440911248220219,VINTAGE RED ENAMEL TRIM MUG
37450,2126.3900000000003,96.2,2030.1900000000003,0.04524099530189664,CERAMIC CAKE BOWL + HANGING CAKES
22156,2114.83,88.21,2026.62,0.04171020838554399,HEART DECORATION WITH PEARLS
20674,2032.48,7.5,2024.98,0.0036900732110525074,GREEN POLKADOT BOWL
22414,2038.39,16.2,2022.19,0.00794744872178533,DOORMAT NEIGHBOURHOOD WITCH
22070,2358.15,336.54,2021.6100000000001,0.14271356783919598,SMALL RED RETROSPOT MUG IN BOX
22115,2020.91,-0,2020.91,-0,METAL SIGN EMPIRE TEA
23529,2011.99,-0,2011.99,-0,WALL ART DOLLY GIRL
22080,2028.23,16.5,2011.73,0.008135172046562767,RIBBON REEL POLKADOTS
23274,2009.9499999999998,4.949999999999999,2004.9999999999998,0.0024627478295479984,STAR T-LIGHT HOLDER WILLIE WINKIE
23268,2019.59,17.4,2002.1899999999998,0.008615610099079516,SET OF 2 CERAMIC CHRISTMAS REINDEER
21864,2043.79,42,2001.79,0.020550056512655412,UNION JACK FLAG PASSPORT COVER
23289,2013.7,15,1998.7,0.007448974524507126,DOLLY GIRL CHILDRENS BOWL
22891,2125.18,127.5,1997.6799999999998,0.059994918077527555,TEA FOR ONE POLKADOT
23315,2094.24,97.80000000000001,1996.4399999999998,0.046699518679807484,IVORY REFECTORY CLOCK
23357,1993.6000000000001,-0,1993.6000000000001,-0,HOT WATER BOTTLE SEX BOMB
22602,2025.57,34,1991.57,0.01678539867790301,RETROSPOT WOODEN HEART DECORATION
85049G,2007.94,17.5,1990.44,0.008715399862545693,CHOCOLATE BOX RIBBONS
22593,2087.3399999999997,103.67999999999999,1983.6599999999996,0.04967087297709046,CHRISTMAS GINGHAM STAR
22477,1980.3999999999999,1.25,1979.1499999999999,6.311856190668552e-4,WATERING CAN GARDEN MARKER
23068,1976.89,-0,1976.89,-0,ALUMINIUM STAMPED HEART
84880,2027.74,55.1,1972.64,0.02717310897846864,WHITE WIRE EGG HOLDER
22788,2025.96,56.8,1969.16,0.028036091531915733,BROCANTE COAT RACK
23145,1979.4799999999998,10.45,1969.0299999999997,0.005279164224947967,ZINC T-LIGHT HOLDER STAR LARGE
22931,1968.4,-0,1968.4,-0,BAKING MOULD HEART WHITE CHOCOLATE
20992,1965.81,-0,1965.81,-0,JAZZ HEARTS PURSE NOTEBOOK
21916,1973.91,10.08,1963.8300000000002,0.00510661580315212,SET 12 RETRO WHITE CHALK STICKS
22859,2012.9699999999998,52.79999999999999,1960.1699999999998,0.026229899104308556,EASTER TIN BUNNY BOUQUET
22928,1993.75,35.7,1958.05,0.017905956112852665,YELLOW GIANT GARDEN THERMOMETER
51014A,2018.78,61.199999999999996,1957.58,0.03031533896709894,"FEATHER PEN,HOT PINK"
15039,1979.49,22.1,1957.39,0.011164491864065998,SANDALWOOD FAN
22897,2016,60.9,1955.1,0.030208333333333334,OVEN MITT APPLES DESIGN
85123a,1952.4799999999998,-0,1952.4799999999998,-0,WHITE HANGING HEART T-LIGHT HOLDER
23374,1962.83,13.12,1949.71,0.006684226346652537,RED SPOT PAPER GIFT BAG
84596F,1952,6.72,1945.28,0.003442622950819672,SMALL MARSHMALLOWS PINK BOWL
22639,1937.71,-0,1937.71,-0,SET OF 4 NAPKIN CHARMS HEARTS
22412,1938.15,4.2,1933.95,0.0021670149369243867,METAL SIGN NEIGHBOURHOOD WITCH
21591,2001.14,67.5,1933.64,0.033730773459128296,COSY HOUR CIGAR BOX MATCHES
22101,2053.17,126.36,1926.8100000000002,0.061543856573006615,MIRROR MOSAIC VOTIVE HOLDER
21192,1924.9399999999998,-0,1924.9399999999998,-0,WHITE BELL HONEYCOMB PAPER
21622,2012.3400000000001,89.10000000000001,1923.2400000000002,0.044276812069531,VINTAGE UNION JACK CUSHION COVER
84031A,1961.16,39,1922.16,0.019886189806033162,CHARLIE+LOLA RED HOT WATER BOTTLE
23235,1957.69,40.46,1917.23,0.020667214931884007,STORAGE TIN VINTAGE LEAF
20963,1913.67,-0,1913.67,-0,APPLE BATH SPONGE
22291,1946.62,34.8,1911.82,0.01787714089036381,HANGING CHICK CREAM DECORATION
22579,1988.8899999999999,81.6,1907.29,0.04102791004027372,WOODEN TREE CHRISTMAS SCANDINAVIAN
22183,1916.01,8.95,1907.06,0.0046711655993444704,CAKE STAND VICTORIAN FILIGREE MED
84968F,1905.6799999999998,-0,1905.6799999999998,-0,SET OF 16 VINTAGE SKY BLUE CUTLERY
22594,1905.7699999999998,0.85,1904.9199999999998,4.460139471184876e-4,CHRISTMAS GINGHAM TREE
22824,1938.2500000000002,35.95,1902.3000000000002,0.018547658970721012,3 TIER SWEETHEART GARDEN SHELF
23094,1924.92,25,1899.92,0.01298755272946408,LE GRAND TRAY CHIC SET
37446,1986.24,88.85,1897.39,0.04473276139842113,MINI CAKE STAND WITH HANGING CAKES
22199,1927.84,34,1893.84,0.017636318366669432,FRYING PAN RED RETROSPOT
22509,2132.44,239.2,1893.24,0.11217197201328055,SEWING BOX RETROSPOT DESIGN
85061W,1897.4499999999998,5.95,1891.4999999999998,0.0031357875042820633,WHITE JEWELLED HEART DECORATION
23491,1897.76,8.25,1889.51,0.004347230419020319,VINTAGE JINGLE BELLS HEART
23394,1888.8999999999999,-0,1888.8999999999999,-0,POSTE FRANCE CUSHION COVER
22959,2014.42,126,1888.42,0.0625490215545914,WRAP CHRISTMAS VILLAGE
23358,2012.13,125.94,1886.19,0.06259038928896243,HOT STUFF HOT WATER BOTTLE
22312,1962.2900000000002,76.70000000000002,1885.5900000000001,0.039086985104138536,OFFICE MUG WARMER POLKADOT
23434,1892.07,7.9,1884.1699999999998,0.004175321209046177,3 RAFFIA RIBBONS 50'S CHRISTMAS
20982,1884.9199999999998,3.4,1881.5199999999998,0.001803790081276659,12 PENCILS TALL TUBE SKULLS
23359,1872.31,-0,1872.31,-0,SET OF 12 T-LIGHTS VINTAGE DOILY
22534,1871.12,0.84,1870.28,4.489289837102912e-4,MAGIC DRAWING SLATE SPACEBOY
22935,2066.82,198,1868.8200000000002,0.09579934391964466,BAKING MOULD ROSE MILK CHOCOLATE
70006,1865.6299999999999,-0,1865.6299999999999,-0,LOVE HEART POCKET WARMER
22186,1997.48,132.14999999999998,1865.33,0.06615835953301158,RED STAR CARD HOLDER
23090,1870.86,7.47,1863.3899999999999,0.003992816138032777,VINTAGE GLASS T-LIGHT HOLDER
21988,1862.75,-0,1862.75,-0,PACK OF 6 SKULL PAPER PLATES
22858,1865.7299999999998,16.499999999999996,1849.2299999999998,0.008843723368333037,EASTER TIN KEEPSAKE
15058B,1885.27,37.35,1847.92,0.019811485887963,PINK POLKADOT GARDEN PARASOL
23525,1867.5700000000002,22.5,1845.0700000000002,0.012047741182392092,WALL ART BUFFALO BILL
21068,1890.3300000000002,45.660000000000004,1844.67,0.024154512704131024,VINTAGE BILLBOARD LOVE/HATE MUG
21534,1908.88,64.35000000000001,1844.5300000000002,0.0337108671053183,DAIRY MAID LARGE MILK JUG
21557,1843.6100000000001,-0,1843.6100000000001,-0,SET OF 6 FUNKY BEAKERS
23378,1842.42,-0,1842.42,-0,PACK OF 12 50'S CHRISTMAS TISSUES
16169E,1892.46,52.5,1839.96,0.027741669572936813,WRAP 50'S  CHRISTMAS
23075,1981.0500000000002,141.10000000000002,1839.9500000000003,0.07122485550591859,PARLOUR CERAMIC WALL HOOK
22944,1843.64,5.93,1837.71,0.0032164630838992423,CHRISTMAS METAL POSTCARD WITH BELLS
22651,1837.4699999999998,-0,1837.4699999999998,-0,GENTLEMAN SHIRT REPAIR KIT
22428,1854.76,20.85,1833.91,0.011241346589316139,ENAMEL FIRE BUCKET CREAM
22712,1842.36,10.5,1831.86,0.005699211880414252,CARD DOLLY GIRL
21870,1861.46,32.5,1828.96,0.01745941357858885,I CAN ONLY PLEASE ONE PERSON MUG
22452,1831.1100000000001,2.95,1828.16,0.0016110446668960356,MEASURING TAPE BABUSHKA PINK
22364,2010.17,182.45000000000002,1827.72,0.09076346776640783,GLASS JAR DIGESTIVE BISCUITS
21564,1831.6200000000001,8.05,1823.5700000000002,0.004395016433539708,PINK  HEART SHAPE LOVE BUCKET
21034,1842.05,19.95,1822.1,0.010830324909747292,REX CASH+CARRY JUMBO SHOPPER
22027,1883.79,61.919999999999995,1821.87,0.032869905881228796,TEA PARTY BIRTHDAY CARD
22223,1821.6100000000001,-0,1821.6100000000001,-0,CAKE PLATE LOVEBIRD PINK
72807B,1830.71,12.75,1817.96,0.0069645110367016075,SET/3 OCEAN SCENT CANDLE JEWEL BOX
15044D,1822.71,5.5,1817.21,0.0030174849537227535,RED PAPER PARASOL
72807A,1849.82,38.25,1811.57,0.020677687558789504,SET/3 ROSE CANDLE IN JEWELLED BOX
23228,1960,149.76,1810.24,0.07640816326530611,FILIGREE HEART BIRD WHITE
23148,1820.4599999999998,10.79,1809.6699999999998,0.0059270733770585456,MINIATURE ANTIQUE ROSE HOOK IVORY
21713,1836.64,32.35,1804.2900000000002,0.01761368586113773,CITRONELLA CANDLE FLOWERPOT
15060B,1807.55,3.75,1803.8,0.0020746314071533292,FAIRY CAKE DESIGN UMBRELLA
23160,1809.48,7.5,1801.98,0.0041448371907951455,REGENCY TEA SPOON
22198,1870.9099999999999,69.35,1801.56,0.03706752329080501,LARGE POPCORN HOLDER
21114,1809.33,12.5,1796.83,0.006908634687978423,LAVENDER SCENTED FABRIC HEART
22200,1809.48,15,1794.48,0.008289674381590291,FRYING PAN PINK POLKADOT
21245,1792.27,-0,1792.27,-0,GREEN POLKADOT PLATE
23317,1787.4099999999999,-0,1787.4099999999999,-0,BLUE REFECTORY CLOCK
23155,1914.7299999999998,129.71,1785.0199999999998,0.06774323272732971,KNICKERBOCKERGLORY MAGNET ASSORTED
85035C,1779.41,-0,1779.41,-0,ROSE 3 WICK MORRIS BOX CANDLE
22562,1773.3700000000001,-0,1773.3700000000001,-0,MONSTERS STENCIL CRAFT
23096,1759.7899999999997,-0,1759.7899999999997,-0,PETIT TRAY CHIC
22119,1766.57,6.95,1759.62,0.003934177530468649,PEACE WOODEN BLOCK LETTERS
21832,1799.9999999999998,41.25,1758.7499999999998,0.02291666666666667,CHOCOLATE CALCULATOR
22536,1805.21,47.81999999999999,1757.39,0.02648999285401698,MAGIC DRAWING SLATE PURDEY
22314,1762.0700000000002,5.9,1756.17,0.003348334629157752,OFFICE MUG WARMER CHOC+BLUE
22710,1774.42,21,1753.42,0.011834853078752493,WRAP I LOVE LONDON
21584,1754.8999999999999,1.65,1753.2499999999998,9.402245142173343e-4,RETROSPOT SMALL TUBE MATCHES
23399,1752.35,-0,1752.35,-0,HOME SWEET HOME HANGING HEART
21056,1765.3999999999999,17.9,1747.4999999999998,0.010139345190891583,DOCTOR'S BAG SOFT TOY
23101,1744.61,-0,1744.61,-0,SILVER STARS TABLE DECORATION
22932,2000.88,262.8,1738.0800000000002,0.13134220942785174,BAKING MOULD TOFFEE CUP CHOCOLATE
21873,1838.05,100.07000000000001,1737.98,0.0544435679116455,IF YOU CAN'T STAND THE HEAT MUG
22588,2149.31,411.87000000000006,1737.4399999999998,0.1916289413811875,CARD HOLDER GINGHAM HEART
22852,1757.8799999999999,21.25,1736.6299999999999,0.012088424693380664,DOG BOWL VINTAGE CREAM
21899,1761.22,27.950000000000003,1733.27,0.01586968124368336,GARAGE KEY FOB
23372,1752.79,20,1732.79,0.011410380022706657,SET 36 COLOUR PENCILS DOLLY GIRL
85034C,1805,73,1732,0.04044321329639889,3 ROSE MORRIS BOXED CANDLES
21055,1782.54,53.699999999999996,1728.84,0.03012555117977717,TOOL BOX SOFT TOY
21329,1728.6399999999999,-0,1728.6399999999999,-0,DINOSAURS  WRITING SET
47570B,1727.23,-0,1727.23,-0,TEA TIME TABLE CLOTH
20981,1742.27,16.15,1726.12,0.009269516205869353,12 PENCILS TALL TUBE WOODLAND
23122,1727.75,2.4899999999999998,1725.26,0.0014411807263782375,PARTY CHARMS 50 PIECES
85015,1719.8400000000001,-0,1719.8400000000001,-0,SET OF 12  VINTAGE POSTCARD SET
35004C,1888.1000000000001,170.6,1717.5000000000002,0.09035538371908267,SET OF 3 COLOURED  FLYING DUCKS
23244,1733.9799999999998,16.95,1717.0299999999997,0.009775199252586535,ROUND STORAGE TIN VINTAGE LEAF
22037,1715.48,-0,1715.48,-0,ROBOT BIRTHDAY CARD
22816,1706.8799999999999,-0,1706.8799999999999,-0,CARD MOTORBIKE SANTA
22227,1708.0700000000002,1.3,1706.7700000000002,7.610929294466854e-4,HANGING HEART MIRROR DECORATION
22832,1781.82,75.25,1706.57,0.04223209976316351,BROCANTE SHELF WITH HOOKS
23073,1719,12.5,1706.5,0.007271669575334497,GEORGIAN TRINKET BOX
23214,1705.44,-0,1705.44,-0,JINGLE BELL HEART ANTIQUE GOLD
22986,1712.1,10.5,1701.6,0.0061328193446644474,WRAP GINGHAM ROSE
23181,1733.57,33,1700.57,0.01903586241109387,BULL DOG BOTTLE TOP WALL CLOCK
22934,1707.47,8.850000000000001,1698.6200000000001,0.005183107170257751,BAKING MOULD EASTER EGG WHITE CHOC
21917,1704.03,5.46,1698.57,0.003204168940687664,SET 12 KIDS  WHITE CHALK STICKS
22544,1716.1799999999998,18.06,1698.12,0.010523371674299899,MINI JIGSAW SPACEBOY
37340,1695.86,1.17,1694.6899999999998,6.899154411331124e-4,MULTICOLOUR SPRING FLOWER MUG
21544,1690.23,-0,1690.23,-0,SKULLS  WATER TRANSFER TATTOOS
21586,1721.8500000000001,33.15,1688.7,0.019252548131370326,KINGS CHOICE GIANT TUBE MATCHES
20961,1749.18,62.5,1686.68,0.03573102825323866,STRAWBERRY BATH SPONGE
21207,1686.4999999999998,-0,1686.4999999999998,-0,SKULL AND CROSSBONES  GARLAND
22789,1688.22,1.95,1686.27,0.0011550627287912711,T-LIGHT HOLDER SWEETHEART HANGING
51008,1690.55,6.9,1683.6499999999999,0.004081511933985981,AFGHAN SLIPPER SOCK PAIR
21812,1751.22,69.30000000000001,1681.92,0.0395724123753726,GARLAND WITH HEARTS AND BELLS
22674,1697.72,16.25,1681.47,0.009571660815682208,FRENCH TOILET SIGN BLUE METAL
23368,1681.5,3.9000000000000004,1677.6,0.0023193577163247102,SET 12 COLOUR PENCILS DOLLY GIRL
16161U,1687.5,10.5,1677,0.006222222222222222,WRAP SUKI AND FRIENDS
22419,1676.8799999999999,2.52,1674.36,0.0015027908973808503,LIPSTICK PEN RED
22335,1672.7900000000002,-0,1672.7900000000002,-0,HEART DECORATION PAINTED ZINC
23366,1670.5500000000002,-0,1670.5500000000002,-0,SET 12 COLOURING PENCILS DOILY
22076,1669.5299999999997,-0,1669.5299999999997,-0,6 RIBBONS EMPIRE
23505,1660.04,-0,1660.04,-0,PLAYING CARDS I LOVE LONDON
21578,1664.51,4.5,1660.01,0.0027034983268349245,WOODLAND DESIGN  COTTON TOTE BAG
22479,1658.57,-0,1658.57,-0,DAISY GARDEN MARKER
22220,1859.2,201.5,1657.7,0.10837994836488812,CAKE STAND LOVEBIRD 2 TIER WHITE
22913,1673.15,19.8,1653.3500000000001,0.011833965872754983,RED COAT RACK PARIS FASHION
21981,1655.36,2.73,1652.6299999999999,0.0016491880920162382,PACK OF 12 WOODLAND TISSUES
21111,1652.27,-0,1652.27,-0,"SWISS ROLL TOWEL, CHOCOLATE  SPOTS"
47566b,1651.1499999999999,-0,1651.1499999999999,-0,TEA TIME PARTY BUNTING
23270,1659.37,8.7,1650.6699999999998,0.0052429536510844475,SET OF 2 CERAMIC PAINTED HEARTS
21577,1664.8999999999999,15.75,1649.1499999999999,0.009460027629287045,SAVE THE PLANET COTTON TOTE BAG
84968D,1661.47,12.75,1648.72,0.007673927305338044,SET OF 16 VINTAGE RED CUTLERY
21845,1721.0900000000001,75.64,1645.45,0.04394889285278515,DAIRY MAID STRIPE MUG
22526,1720.26,76.5,1643.76,0.044470021973422626,WHEELBARROW FOR CHILDREN
22161,1647.16,4.5600000000000005,1642.6000000000001,0.0027684013696301513,HEART DECORATION RUSTIC HANGING
23273,1649.0499999999997,6.6,1642.4499999999998,0.004002304357054062,HEART T-LIGHT HOLDER WILLIE WINKIE
22332,1679.6499999999999,39.599999999999994,1640.05,0.023576340308992944,SKULLS PARTY BAG + STICKER SET
22375,1639.29,-0,1639.29,-0,AIRLINE BAG VINTAGE JET SET BROWN
22853,1655.96,19.5,1636.46,0.01177564675475253,CAT BOWL VINTAGE CREAM
22154,1638.35,2.94,1635.4099999999999,0.001794488357188635,ANGEL DECORATION 3 BUTTONS
84510A,1636.57,1.25,1635.32,7.637925661597121e-4,SET OF 4 ENGLISH ROSE COASTERS
85034B,1633.78,-0,1633.78,-0,3 WHITE CHOC MORRIS BOXED CANDLES
23391,1632.3200000000002,-0,1632.3200000000002,-0,I LOVE LONDON MINI BACKPACK
22799,1631.58,-0,1631.58,-0,SWEETHEART WIRE FRUIT BOWL
15058A,1668.49,37.35,1631.14,0.02238551025178455,BLUE POLKADOT GARDEN PARASOL
23483,1651.36,26.240000000000002,1625.12,0.015889933146012985,HANGING  BUTTERFLY T-LIGHT HOLDER
22445,1624.7600000000002,-0,1624.7600000000002,-0,PENCIL CASE LIFE IS BEAUTIFUL
22975,1624.63,1.25,1623.38,7.694059570486818e-4,SPACEBOY CHILDRENS EGG CUP
22473,1623.04,-0,1623.04,-0,TV DINNER TRAY VINTAGE PAISLEY
21706,1621.76,-0,1621.76,-0,FOLDING UMBRELLA RED/WHITE POLKADOT
22284,1641.62,21.449999999999996,1620.1699999999998,0.013066361277274886,HEN HOUSE DECORATION
23217,1613.82,-0,1613.82,-0,LAUREL HEART ANTIQUE SILVER
23280,1614.99,1.66,1613.33,0.0010278701416107838,FOLDING BUTTERFLY MIRROR HOT PINK
22671,1610.35,1.45,1608.8999999999999,9.004253733660384e-4,FRENCH LAUNDRY SIGN BLUE METAL
22292,1608.86,-0,1608.86,-0,HANGING CHICK  YELLOW DECORATION
21206,1610.9199999999998,3.3,1607.62,0.0020485188587887667,STRAWBERRY HONEYCOMB  GARLAND
22475,1605.67,-0,1605.67,-0,SKULL DESIGN TV DINNER TRAY
35953,1634.9199999999998,30,1604.9199999999998,0.01834952168913464,FOLKART STAR CHRISTMAS DECORATIONS
22305,1604.58,2.55,1602.03,0.0015892009123882884,COFFEE MUG PINK PAISLEY DESIGN
22095,1610.41,11.06,1599.3500000000001,0.00686781627039077,LADS ONLY TISSUE BOX
21394,1603.77,8.58,1595.19,0.005349894311528461,RED POLKADOT BEAKER
23348,1642.13,47.260000000000005,1594.8700000000001,0.028779694664856012,CHILDRENS TOY COOKING UTENSIL SET
22948,1604.99,10.2,1594.79,0.006355179783051607,METAL DECORATION NAUGHTY CHILDREN
22166,1614.4,23.85,1590.5500000000002,0.014773290386521308,WALL MIRROR RECTANGLE DIAMANTE PINK
15056n,1585.2800000000002,-0,1585.2800000000002,-0,EDWARDIAN PARASOL NATURAL
21967,1583.4099999999999,-0,1583.4099999999999,-0,PACK OF 12 SKULL TISSUES
85040A,1610.62,28.049999999999997,1582.57,0.017415653599235078,S/4 PINK FLOWER CANDLES IN BOWL
23369,1581.06,-0,1581.06,-0,SET 36 COLOUR PENCILS LOVE LONDON
46000M,1582.55,1.55,1581,9.794319294809011e-4,POLYESTER FILLER PAD 45x45cm
21509,1572.28,-0,1572.28,-0,COWBOYS AND INDIANS BIRTHDAY CARD
85206A,1572.2299999999998,-0,1572.2299999999998,-0,CREAM FELT EASTER EGG BASKET
23287,1613.59,43.349999999999994,1570.24,0.026865560644277666,RED VINTAGE SPOT BEAKER
22583,1572.9499999999998,5.1,1567.85,0.0032423153946406435,PACK OF 6 HANDBAG GIFT BOXES
22449,1587.3000000000002,20.1,1567.2000000000003,0.012663012663012662,SILK PURSE BABUSHKA PINK
22676,1580.89,13.75,1567.14,0.008697632346336557,FRENCH BLUE METAL DOOR SIGN 1
22085,1566.99,-0,1566.99,-0,PAPER CHAIN KIT SKULLS
22208,1576.4699999999998,11.61,1564.86,0.00736455498677425,WOOD STAMP SET THANK YOU
21744,1563.5500000000002,-0,1563.5500000000002,-0,SNOWFLAKE PORTABLE TABLE LIGHT
85132A,1565.6699999999998,3.9,1561.7699999999998,0.0024909463680085845,CHARLIE + LOLA BISCUITS TINS
84971S,1561.6999999999998,0.85,1560.85,5.442786706793879e-4,SMALL HEART FLOWERS HOOK
21913,1565.83,11.25,1554.58,0.007184687992949426,VINTAGE SEASIDE JIGSAW PUZZLES
22503,2010.12,461.84999999999997,1548.27,0.22976240224464212,CABIN BAG VINTAGE PAISLEY
20665,1546.2700000000002,-0,1546.2700000000002,-0,RED RETROSPOT PURSE
22434,1580.16,35.1,1545.0600000000002,0.022212940461725394,BALLOON PUMP WITH 10 BALLOONS
21626,1586.75,42.9,1543.85,0.02703639514731369,VINTAGE UNION JACK PENNANT
21898,1541.11,-0,1541.11,-0,POTTING SHED ROSE CANDLE
10133,1544.22,4.2,1540.02,0.002719819714807476,COLOURING PENCILS BROWN TUBE
23226,1596.67,60,1536.67,0.03757820964883163,FILIGREE HEART DAISY WHITE
23524,1557.63,22.5,1535.13,0.014445022245334256,WALL ART HORSE & PONY
22176,1539.8300000000002,5.9,1533.93,0.003831591799094705,BLUE OWL SOFT TOY
21200,1531.1399999999999,-0,1531.1399999999999,-0,MULTICOLOUR HONEYCOMB PAPER GARLAND
22828,1530,-0,1530,-0,REGENCY MIRROR WITH SHUTTERS
22472,1536.91,9.9,1527.01,0.006441496248967084,TV DINNER TRAY DOLLY GIRL
20985,1545.59,19.43,1526.1599999999999,0.012571251107991123,HEART CALCULATOR
22675,1558.91,33.75,1525.16,0.021649742448249097,FRENCH KITCHEN SIGN BLUE METAL
22494,1573.52,50,1523.52,0.031775890995983526,EMERGENCY FIRST AID TIN
84968E,1522.53,-0,1522.53,-0,SET OF 16 VINTAGE BLACK CUTLERY
22600,1544.9299999999998,23.799999999999997,1521.1299999999999,0.01540522871586415,CHRISTMAS RETROSPOT STAR WOOD
22318,1541.6200000000001,20.650000000000002,1520.97,0.01339500006486683,FIVE HEART HANGING DECORATION
22818,1560.48,40.32,1520.16,0.025838203629652414,CARD CHRISTMAS VILLAGE
22731,1536.24,17.5,1518.74,0.011391449252720929,3D CHRISTMAS STAMPS STICKERS
85049C,1518.19,-0,1518.19,-0,ROMANTIC PINKS RIBBONS
84279P,1576.96,60,1516.96,0.03804788961038961,CHERRY BLOSSOM  DECORATIVE FLASK
22982,1545.02,30,1515.02,0.01941722437250003,PANTRY PASTRY BRUSH
20668,1512.92,-0,1512.92,-0,DISCO BALL CHRISTMAS DECORATION
84828,1541.36,30,1511.36,0.019463331084237298,JUNGLE POPSICLES ICE LOLLY MOULDS
21069,2251.77,743.0600000000001,1508.71,0.3299892973083397,VINTAGE BILLBOARD TEA MUG
22530,1517.72,10.08,1507.64,0.0066415412592573065,MAGIC DRAWING SLATE DOLLY GIRL
22905,1505.24,-0,1505.24,-0,CALENDAR IN SEASON DESIGN
22471,1506.97,1.95,1505.02,0.0012939872724739045,TV DINNER TRAY AIR HOSTESS
23528,1504.49,-0,1504.49,-0,WALL ART SPACEBOY
22985,1500.44,-0,1500.44,-0,WRAP BILLBOARD FONTS DESIGN
22474,1636.27,136,1500.27,0.08311586718573341,SPACEBOY TV DINNER TRAY
23271,1499.3799999999999,-0,1499.3799999999999,-0,CHRISTMAS TABLE SILVER CANDLE SPIKE
22285,1494.8999999999999,-0,1494.8999999999999,-0,HANGING HEN ON NEST DECORATION
22802,1494.69,-0,1494.69,-0,FAUX FUR CHOCOLATE THROW
23334,1491.75,-0,1491.75,-0,IVORY WICKER HEART SMALL
72349B,1490.89,-0,1490.89,-0,SET/6 PURPLE BUTTERFLY T-LIGHTS
23559,1488.65,-0,1488.65,-0,WOODLAND BUNNIES LOLLY MAKERS
84580,1486.18,-0,1486.18,-0,MOUSE TOY WITH PINK T-SHIRT
21528,1578.42,93.3,1485.1200000000001,0.05910974265404645,DAIRY MAID TRADITIONAL TEAPOT
22398,1589.51,105,1484.51,0.06605809337468779,MAGNETS PACK OF 4 SWALLOWS
21327,1484.1299999999999,-0,1484.1299999999999,-0,SKULLS WRITING SET
21619,1481.4,-0,1481.4,-0,4 VANILLA BOTANICAL CANDLES
21447,1478.1,1.25,1476.85,8.456802652053312e-4,12 IVORY ROSE PEG PLACE SETTINGS
22203,1483.13,7.5,1475.63,0.005056872964608631,MILK PAN RED RETROSPOT
23267,1531.95,60,1471.95,0.03916576911779105,SET OF 4 SANTA PLACE SETTINGS
23365,1464.38,-0,1464.38,-0,SET 12 COLOUR PENCILS LOVE LONDON
21829,1483.4199999999998,22.68,1460.7399999999998,0.01528899435089186,DINOSAUR KEYRINGS ASSORTED
22713,1462.56,3.36,1459.2,0.002297341647522153,CARD I LOVE LONDON
21470,1477.82,18.75,1459.07,0.012687607421742839,FLOWER VINE RAFFIA FOOD COVER
23034,1466.07,8.7,1457.37,0.005934232335427367,DRAWER KNOB CERAMIC BLACK
22696,1456.4499999999998,-0,1456.4499999999998,-0,WICKER WREATH LARGE
22770,1515.68,59.8,1455.88,0.03945423836165945,MIRROR CORNICE
21361,1505.96,51,1454.96,0.03386544131318229,LOVE LARGE WOOD LETTERS
15044A,1456.72,2.95,1453.77,0.002025097479268494,PINK PAPER PARASOL
21620,1451.99,-0,1451.99,-0,SET OF 4 ROSE BOTANICAL CANDLES
21191,1451.82,-0,1451.82,-0,LARGE WHITE HONEYCOMB PAPER BELL
21352,1511.2600000000002,60.75,1450.5100000000002,0.040198245172902075,EUCALYPTUS & PINECONE  WREATH
22664,1472.85,25.2,1447.6499999999999,0.017109685304002444,TOY TIDY DOLLY GIRL DESIGN
37342,1489.01,45.68,1443.33,0.030678101557410627,POLKADOT COFFEE CUP & SAUCER PINK
21872,1459.98,17.72,1442.26,0.012137152563733749,GLAMOROUS  MUG
21792,1497.72,57.95,1439.77,0.03869214539433272,CLASSIC FRENCH STYLE BASKET GREEN
37495,1622.24,183.75,1438.49,0.11326930663773548,FAIRY CAKE BIRTHDAY CANDLE SET
23392,1485.43,49.92,1435.51,0.03360643046121325,SPACEBOY ROCKET LOLLY MAKERS
23086,1455.18,20,1435.18,0.013744004178177269,ZINC  STAR T-LIGHT HOLDER
21705,1462.1699999999998,31.599999999999998,1430.57,0.02161171409617213,BAG 500g SWIRLY MARBLES
15058C,1429.82,-0,1429.82,-0,ICE CREAM DESIGN GARDEN PARASOL
85054,1436.5300000000002,8.4,1428.13,0.005847424000891036,FRENCH ENAMEL POT W LID
22458,1421.83,-0,1421.83,-0,CAST IRON HOOK GARDEN FORK
21407,1421.11,4.25,1416.86,0.0029906200083033687,BROWN CHECK CAT DOORSTOP
22182,1430.48,14.850000000000001,1415.63,0.010381130809238857,CAKE STAND VICTORIAN FILIGREE SMALL
21507,1425.28,10.08,1415.2,0.007072294566681635,"ELEPHANT, BIRTHDAY CARD,"
22949,1434.9499999999998,20.299999999999997,1414.6499999999999,0.014146834384473327,36 DOILIES DOLLY GIRL
22531,1413.25,-0,1413.25,-0,MAGIC DRAWING SLATE CIRCUS PARADE
82567,1412.27,-0,1412.27,-0,"AIRLINE LOUNGE,METAL SIGN"
22714,1415.73,5.04,1410.69,0.0035600008476192493,CARD BIRTHDAY COWBOY
22576,1415.31,5.1,1410.21,0.003603450834092884,SWALLOW WOODEN CHRISTMAS DECORATION
23527,1432.31,26.25,1406.06,0.01832703814118452,WALL ART ANIMALS AND NATURE
23104,1405.42,-0,1405.42,-0,IVORY CAFE HANGING LAMP
22306,1428.57,28.7,1399.87,0.02009002009002009,SILVER MUG BONE CHINA TREE OF LIFE
84031B,1440.3700000000001,40.949999999999996,1399.42,0.028430195019335306,CHARLIE LOLA BLUE HOT WATER BOTTLE
22436,1412.16,13,1399.16,0.009205755721731249,12 COLOURED PARTY BALLOONS
84536A,1409.8999999999999,13.44,1396.4599999999998,0.00953259096389815,ENGLISH ROSE NOTEBOOK A7 SIZE
23040,1394.03,-0,1394.03,-0,PAPER LANTERN 9 POINT SNOW STAR
84795B,1390.64,-0,1390.64,-0,SUNSET CHECK HAMMOCK
84813,1393.79,3.95,1389.84,0.0028339993829773497,SET OF 4 DIAMOND NAPKIN RINGS
23470,1460.5,70.7,1389.8,0.048408079424854505,CARD HOLDER LOVE BIRD LARGE
23250,1531.03,141.8,1389.23,0.09261738829415492,VINTAGE RED TRIM ENAMEL BOWL
22735,1387.46,-0,1387.46,-0,RIBBON REEL SOCKS AND MITTENS
21424,1401.02,14.75,1386.27,0.010528043853763687,WOODLAND STORAGE BOX LARGE
22047,1394.5,10.5,1384,0.007529580494801004,EMPIRE GIFT WRAP
22443,1399.69,15.9,1383.79,0.01135965821003222,GROW YOUR OWN HERBS SET OF 3
21382,1389.0800000000002,6,1383.0800000000002,0.00431940564978259,SET/4 SPRING FLOWER DECORATION
23376,1389.59,9.36,1380.23,0.006735799768276974,PACK OF 12 VINTAGE CHRISTMAS TISSUE
23119,1402.32,22.32,1380,0.015916481259626906,PACK OF 6 LARGE FRUIT STRAWS
21071,1385.28,6.36,1378.92,0.004591129591129592,VINTAGE BILLBOARD DRINK ME MUG
23546,1375.5,-0,1375.5,-0,WRAP PAISLEY PARK
22677,1389.07,13.75,1375.32,0.009898709208319235,FRENCH BLUE METAL DOOR SIGN 2
22609,1381.78,6.84,1374.94,0.004950136780095239,PENS ASSORTED SPACEBALL
21519,1389.22,15.120000000000001,1374.1000000000001,0.010883805300816287,GIN & TONIC DIET GREETING CARD
22976,1420.26,46.25,1374.01,0.0325644600284455,CIRCUS PARADE CHILDRENS EGG CUP
22063,1388.1000000000001,17.700000000000003,1370.4,0.012751242705856928,CERAMIC BOWL WITH STRAWBERRY DESIGN
85227,1368.75,-0,1368.75,-0,SET OF 6 3D KIT CARDS FOR KIDS
22915,1406.42,37.8,1368.6200000000001,0.02687675089944682,ASSORTED BOTTLE TOP  MAGNETS
22304,1368.18,-0,1368.18,-0,COFFEE MUG BLUE PAISLEY DESIGN
22716,1365.95,-0,1365.95,-0,CARD CIRCUS PARADE
84818,1461.6,101.45,1360.1499999999999,0.06941023535851122,DANISH ROSE PHOTO FRAME
23249,1445.8999999999999,87.71,1358.1899999999998,0.060661179887959056,VINTAGE RED ENAMEL TRIM PLATE
22591,1509.41,156.04999999999998,1353.3600000000001,0.10338476623316394,CARDHOLDER GINGHAM CHRISTMAS TREE
21123,1383.34,30,1353.34,0.021686642474012176,SET/10 IVORY POLKADOT PARTY CANDLES
23000,1369.12,16.38,1352.7399999999998,0.011963889213509408,TRAVEL CARD WALLET TRANSPORT
22754,1352.1699999999998,-0,1352.1699999999998,-0,SMALL RED BABUSHKA NOTEBOOK
23061,1355.18,3.75,1351.43,0.00276716008205552,VINTAGE EMBOSSED HEART
21615,1349.17,-0,1349.17,-0,4 LAVENDER BOTANICAL DINNER CANDLES
22421,1347.52,0.84,1346.68,6.233673711707432e-4,LIPSTICK PEN FUSCHIA
21363,1413.8400000000001,69.30000000000001,1344.5400000000002,0.04901544729248006,HOME SMALL WOOD LETTERS
22911,1361.0400000000002,17.700000000000003,1343.3400000000001,0.013004761065067889,PAPER CHAIN KIT LONDON
22293,1341.6699999999998,-0,1341.6699999999998,-0,HANGING CHICK GREEN DECORATION
23414,1378.75,39.8,1338.95,0.028866727107887576,ZINC BOX SIGN HOME
23469,1355.24,16.6,1338.64,0.01224875298840058,CARD HOLDER LOVE BIRD SMALL
21987,1346.65,8.450000000000001,1338.2,0.006274830134036313,PACK OF 6 SKULL PAPER CUPS
22917,1344.77,7.800000000000001,1336.97,0.005800248369609674,HERB MARKER ROSEMARY
51014C,1415.09,80.33999999999999,1334.75,0.056773774106240585,"FEATHER PEN,COAL BLACK"
21439,1767.15,432.48,1334.67,0.24473304473304472,BASKET OF TOADSTOOLS
23538,1334.49,-0,1334.49,-0,WALL ART VINTAGE HEART
72802B,1993.48,662.24,1331.24,0.3322029817204085,OCEAN SCENT CANDLE IN JEWELLED BOX
22650,1333.75,4.35,1329.4,0.0032614807872539827,CERAMIC PIRATE CHEST MONEY BANK
22742,1333.21,5.9,1327.31,0.004425409350364909,MAKE YOUR OWN PLAYTIME CARD KIT
21246,1336.78,9.9,1326.8799999999999,0.007405855862595192,RED RETROSPOT BIG BOWL
85183B,1323.37,-0,1323.37,-0,CHARLIE & LOLA WASTEPAPER BIN FLORA
21039,1353.6899999999998,30.599999999999998,1323.09,0.022604879994681207,RED RETROSPOT SHOPPING BAG
21818,1322.5,-0,1322.5,-0,GLITTER HEART DECORATION
22299,1386.97,65,1321.97,0.046864748336301436,PIG KEYRING WITH LIGHT & SOUND
72802A,1334.16,16.12,1318.0400000000002,0.0120825088445164,ROSE SCENT CANDLE IN JEWELLED BOX
22399,1347.08,30,1317.08,0.022270392255842267,MAGNETS PACK OF 4 CHILDHOOD MEMORY
23405,1321.38,4.95,1316.43,0.0037460836398310856,HOME SWEET HOME 2 DRAWER CABINET
23221,1363.87,48.13999999999999,1315.7299999999998,0.035296619179247285,REINDEER HEART DECORATION SILVER
22920,2155.94,841.0500000000001,1314.8899999999999,0.39010825904245944,HERB MARKER BASIL
23373,1313.3899999999999,-0,1313.3899999999999,-0,VINTAGE CHRISTMAS PAPER GIFT BAG
22912,1342.39,29.700000000000003,1312.69,0.022124717853976864,YELLOW COAT RACK PARIS FASHION
21686,1351.64,39.95,1311.69,0.029556686691722647,MEDINA STAMPED METAL STOOL
90057,1311.36,-0,1311.36,-0,DIAMANTE RING ASSORTED IN BOX.
21179,1315.43,4.68,1310.75,0.0035577719833058386,NO JUNK MAIL METAL SIGN
21195,1308.56,-0,1308.56,-0,PINK  HONEYCOMB PAPER BALL
22916,1316.16,7.800000000000001,1308.3600000000001,0.005926331145149526,HERB MARKER THYME
21624,1337.51,29.75,1307.76,0.02224282435271512,VINTAGE UNION JACK DOORSTOP
22028,1309.18,5.04,1304.14,0.003849738003941398,PENNY FARTHING BIRTHDAY CARD
21064,1301.55,-0,1301.55,-0,BOOM BOX SPEAKER BOYS
21627,1299.83,-0,1299.83,-0,ELEPHANT CARNIVAL POUFFE
22073,1343.64,45,1298.64,0.03349111369116727,RED RETROSPOT STORAGE JAR
21793,1296.6100000000001,-0,1296.6100000000001,-0,CLASSIC FRENCH STYLE BASKET BROWN
22310,1296.23,-0,1296.23,-0,IVORY KNITTED MUG COSY
21866,1296.13,-0,1296.13,-0,UNION JACK FLAG LUGGAGE TAG
85199S,1305.25,10.08,1295.17,0.007722658494541275,SMALL HANGING IVORY/RED WOOD BIRD
21422,1295,3.4,1291.6,0.0026254826254826255,PORCELAIN ROSE SMALL
37447,1313.28,23.89,1289.3899999999999,0.018191094054580897,CERAMIC CAKE DESIGN SPOTTED PLATE
21616,1288.34,-0,1288.34,-0,4 PEAR BOTANICAL DINNER CANDLES
21408,1295.21,8.5,1286.71,0.006562642351433358,SPOTTY PINK DUCK DOORSTOP
22372,1289.49,4.25,1285.24,0.0032958766644177154,AIRLINE BAG VINTAGE WORLD CHAMPION
22461,1453.5800000000002,173.45,1280.13,0.11932607768406278,SAVOY ART DECO CLOCK
22999,1280.31,1.26,1279.05,9.841366544040115e-4,TRAVEL CARD WALLET VINTAGE LEAF
22686,1308.38,30,1278.38,0.02292911845182592,FRENCH BLUE METAL DOOR SIGN No
47480,1277.47,-0,1277.47,-0,HANGING PHOTO CLIP ROPE LADDER
21901,1280.49,5.8500000000000005,1274.64,0.00456856359674812,"KEY FOB , BACK DOOR"
21211,1271.52,-0,1271.52,-0,SET OF 72 SKULL PAPER  DOILIES
22918,1278.6000000000001,7.800000000000001,1270.8000000000002,0.006100422336931018,HERB MARKER PARSLEY
21897,1268.1899999999998,-0,1268.1899999999998,-0,POTTING SHED CANDLE CITRONELLA
21820,1379.72,112.5,1267.22,0.08153828312991042,GLITTER HEART GARLAND WITH BELLS
21902,1270.8200000000002,5.8500000000000005,1264.9700000000003,0.0046033269857257515,"KEY FOB , FRONT  DOOR"
21090,1278.23,14.04,1264.19,0.010983938727771996,SET/6 COLLAGE PAPER PLATES
23462,1607.04,350.09999999999997,1256.94,0.21785394265232974,ROCOCO WALL MIRROR WHITE
22572,1255.72,-0,1255.72,-0,ROCKING HORSE GREEN CHRISTMAS
22439,1297.1200000000001,44.2,1252.92,0.03407549031700999,6 ROCKET BALLOONS
22977,1253.86,1.25,1252.61,9.969215063882731e-4,DOLLY GIRL CHILDRENS EGG CUP
85059,1273.11,22.5,1250.61,0.017673256827768224,FRENCH ENAMEL WATER BASIN
23067,1249.1100000000001,-0,1249.1100000000001,-0,HANGING ENGRAVED METAL HEART
23511,1256.17,10.4,1245.77,0.00827913419362029,EMBROIDERED RIBBON REEL EMILY
22922,1422.8999999999999,183.29999999999998,1239.6,0.1288214210415349,FRIDGE MAGNETS US DINER ASSORTED
47503A,1264.2,25.08,1239.1200000000001,0.01983863312766967,ASS FLORAL PRINT MULTI SCREWDRIVER
22362,1329.44,97.35000000000001,1232.0900000000001,0.07322632085690216,GLASS JAR PEACOCK BATH SALTS
22129,1231.52,-0,1231.52,-0,PARTY CONES CANDY DECORATION
23539,1227.95,-0,1227.95,-0,WALL ART LOVES' SECRET
22603,1237.08,11.049999999999999,1226.03,0.008932324506094998,CHRISTMAS RETROSPOT TREE WOOD
22338,1234.67,12.270000000000001,1222.4,0.009937878137478031,STAR DECORATION PAINTED ZINC
22074,1241.32,19.799999999999997,1221.52,0.015950762091966615,6 RIBBONS SHIMMERING PINKS
22315,1221.43,-0,1221.43,-0,200 RED + WHITE BENDY STRAWS
23138,1238.76,17.4,1221.36,0.014046304368885014,SINGLE WIRE HOOK IVORY HEART
22597,1247.78,28.9,1218.8799999999999,0.023161134174293545,MUSICAL ZINC HEART DECORATION
23598,1218.48,-0,1218.48,-0,PAPER BUNTING VINTAGE PARTY
82599,1217.73,-0,1217.73,-0,FANNY'S REST STOPMETAL SIGN
71038,1244.95,27.25,1217.7,0.021888429254186915,WHITE HANGING BEADS CANDLE HOLDER
22919,1224.46,7.800000000000001,1216.66,0.006370155007105173,HERB MARKER MINT
22613,1222.61,8.5,1214.11,0.00695233966677845,PACK OF 20 SPACEBOY NAPKINS
72800E,1213.29,-0,1213.29,-0,4 IVORY DINNER CANDLES SILVER FLOCK
22589,1212.82,-0,1212.82,-0,CARDHOLDER GINGHAM STAR
82578,1218.95,6.6000000000000005,1212.3500000000001,0.005414496082694122,KITCHEN METAL SIGN
22575,1222.07,11.7,1210.37,0.009573919660903221,METAL MERRY CHRISTMAS WREATH
22071,1388.05,180.5,1207.55,0.13003854328014122,SMALL WHITE RETROSPOT MUG IN BOX
72817,1232.27,30,1202.27,0.024345313932823163,SET OF 2 CHRISTMAS DECOUPAGE CANDLE
22416,1210.82,8.7,1202.12,0.007185213326506004,SET OF 36 DOILIES SPACEBOY DESIGN
23142,1220.8200000000002,19.55,1201.2700000000002,0.016013826772169525,IVORY WIRE KITCHEN ORGANISER
84884A,1201.91,3.95,1197.96,0.00328643575642103,ANT WHITE WIRE HEART SPIRAL
21986,1197.73,-0,1197.73,-0,PACK OF 12 PINK POLKADOT TISSUES
22711,1213.34,21,1192.34,0.017307597211004336,WRAP CIRCUS PARADE
22755,1190.51,-0,1190.51,-0,SMALL PURPLE BABUSHKA NOTEBOOK
22453,1191.69,2.95,1188.74,0.0024754760046656428,MEASURING TAPE BABUSHKA BLUE
21070,1186.23,-0,1186.23,-0,VINTAGE BILLBOARD MUG
21262,1242.0600000000002,56.75,1185.3100000000002,0.045690224304783984,WHITE GOOSE FEATHER CHRISTMAS TREE
23444,1200,15,1185,0.0125,Next Day Carriage
21537,1392.21,208.75,1183.46,0.14994145998089367,RED RETROSPOT PUDDING BOWL
84012,1283.99,102,1181.99,0.07943987102703293,MAGIC SHEEP WOOL GROWING FROM PAPER
35924,1484.3,302.51,1181.79,0.20380650811830492,HANGING FAIRY CAKE DECORATION
22081,1193,16.5,1176.5,0.013830678960603521,RIBBON REEL FLORA + FAUNA
22921,1184.1200000000001,7.800000000000001,1176.3200000000002,0.006587170219234537,HERB MARKER CHIVES
85039B,1174.6299999999999,-0,1174.6299999999999,-0,S/4 IVORY MINI ROSE CANDLE IN BOWL
21742,1173.53,-0,1173.53,-0,LARGE ROUND WICKER PLATTER
21065,1172.48,-0,1172.48,-0,BOOM BOX SPEAKER GIRLS
23026,1201.04,29.12,1171.92,0.024245653766735497,DRAWER KNOB VINTAGE GLASS STAR
23418,1168.08,-0,1168.08,-0,LAVENDER TOILETTE BOTTLE
22757,1168.99,1.25,1167.74,0.001069299138572614,LARGE RED BABUSHKA NOTEBOOK
20984,1173.8999999999999,6.959999999999999,1166.9399999999998,0.005928954766164068,12 PENCILS TALL TUBE POSY
84313C,1165.9099999999999,-0,1165.9099999999999,-0,ORANGE TV TRAY TABLE
23515,1164.98,-0,1164.98,-0,EMBROIDERED RIBBON REEL DAISY
23508,1165.13,0.84,1164.2900000000002,7.209495936075802e-4,MINI PLAYING CARDS DOLLY GIRL
23269,1163.1299999999999,-0,1163.1299999999999,-0,SET OF 2 CERAMIC CHRISTMAS TREES
23431,1175.3799999999999,13.28,1162.1,0.011298473685106093,NATURAL HANGING QUILTED HEARTS
22334,1160.71,-0,1160.71,-0,DINOSAUR PARTY BAG + STICKER SET
23507,1156.51,-0,1156.51,-0,MINI PLAYING CARDS BUFFALO BILL
85132B,1156.1699999999998,-0,1156.1699999999998,-0,CHARLIE AND LOLA TABLE TINS
23566,1159.43,5,1154.43,0.004312463883114979,EGG CUP MILKMAID HEIDI
21773,1154.17,-0,1154.17,-0,DECORATIVE ROSE BATHROOM BOTTLE
22442,1241.3,87.45,1153.85,0.07045033432691533,GROW YOUR OWN FLOWERS SET OF 3
23523,1173.8100000000002,22.5,1151.3100000000002,0.019168349221765017,WALL ART TREASURE AHOY
21774,1152.4,1.25,1151.15,0.0010846928149947934,DECORATIVE CATS BATHROOM BOTTLE
23402,1151.03,-0,1151.03,-0,HOME SWEET HOME 3 PEG HANGER
22708,1160,10.5,1149.5,0.009051724137931035,WRAP DOLLY GIRL
21846,1206.97,59.400000000000006,1147.57,0.0492141478247181,PINK DIAMANTE PEN IN GIFT BOX
85106,1147.41,-0,1147.41,-0,CUT GLASS HEXAGON T-LIGHT HOLDER
23057,1783.52,636.15,1147.37,0.35668229119942585,BEADED CHANDELIER T-LIGHT HOLDER
21628,1176.6,29.9,1146.6999999999998,0.025412204657487676,TRIANGULAR POUFFE VINTAGE
22497,1145.15,-0,1145.15,-0,SET OF 2 TINS VINTAGE BATHROOM
21043,1143.76,-0,1143.76,-0,APRON MODERN VINTAGE COTTON
21693,1143.3100000000002,-0,1143.3100000000002,-0,SMALL HAMMERED SILVER CANDLEPOT
20956,1149.02,6.25,1142.77,0.005439417938765209,PORCELAIN T-LIGHT HOLDERS ASSORTED
21947,1142.15,-0,1142.15,-0,SET OF 6 HEART CHOPSTICKS
22376,1141.7,-0,1141.7,-0,AIRLINE BAG VINTAGE JET SET WHITE
23506,1139.2,-0,1139.2,-0,MINI PLAYING CARDS SPACEBOY
22678,1152.81,13.75,1139.06,0.01192737745161822,FRENCH BLUE METAL DOOR SIGN 3
21395,1141.3999999999999,3.9,1137.4999999999998,0.0034168564920273353,BLUE POLKADOT BEAKER
22581,1138.98,1.7,1137.28,0.0014925635217475283,WOOD STOCKING CHRISTMAS SCANDISPOT
84912B,1136.6,-0,1136.6,-0,GREEN ROSE WASHBAG
22446,1135.18,-0,1135.18,-0,PIN CUSHION BABUSHKA PINK
20801,1157.8,24,1133.8,0.020728968733805492,LARGE PINK GLASS SUNDAE DISH
22539,1130.58,-0,1130.58,-0,MINI JIGSAW DOLLY GIRL
47585A,1129.44,-0,1129.44,-0,PINK FAIRY CAKE CUSHION COVER
85087,1129.99,2.95,1127.04,0.0026106425720581598,CANDY SPOT CUSHION COVER
22815,1123.8799999999999,-0,1123.8799999999999,-0,CARD PSYCHEDELIC APPLES
22680,1160.29,37.5,1122.79,0.032319506330313975,FRENCH BLUE METAL DOOR SIGN 5
22608,1121.48,1.33,1120.15,0.0011859328744159505,PENS ASSORTED FUNKY JEWELED
21809,1119.56,-0,1119.56,-0,CHRISTMAS HANGING TREE WITH BELL
23510,1119.22,-0,1119.22,-0,MINI PLAYING CARDS GYMKHANA
21466,1116.89,-0,1116.89,-0,RED FLOWER CROCHET FOOD COVER
22817,1114.81,-0,1114.81,-0,CARD SUKI BIRTHDAY
22155,1134.45,20.16,1114.29,0.017770725902419675,STAR DECORATION RUSTIC
23411,1118.6100000000001,4.95,1113.66,0.004425134765467857,TRELLIS COAT RACK
22758,1112.75,-0,1112.75,-0,LARGE PURPLE BABUSHKA NOTEBOOK
23375,1108.8899999999999,0.82,1108.07,7.394782169556945e-4,50'S CHRISTMAS PAPER GIFT BAG
23225,1177,69.72,1107.28,0.059235344095157176,CHERUB HEART DECORATION SILVER
21830,1127.23,20.16,1107.07,0.017884548849835438,ASSORTED CREEPY CRAWLIES
22984,1106.17,-0,1106.17,-0,CARD GINGHAM ROSE
85114A,1105.21,-0,1105.21,-0,BLACK ENCHANTED FOREST PLACEMAT
22153,1134.25,29.400000000000002,1104.85,0.02592021159356403,ANGEL DECORATION STARS ON DRESS
22819,1104.81,-0,1104.81,-0,"BIRTHDAY CARD, RETRO SPOT"
23513,1114.26,12.48,1101.78,0.011200258467503096,EMBROIDERED RIBBON REEL SUSIE
21688,1101.2800000000002,-0,1101.2800000000002,-0,SILVER PLATE CANDLE BOWL SMALL
21984,1116.9499999999998,17.4,1099.5499999999997,0.01557813689063969,PACK OF 12 PINK PAISLEY TISSUES
22094,1138.2,39.97,1098.23,0.03511685116851168,RED RETROSPOT TISSUE BOX
22168,1205.3,110.5,1094.8,0.0916784203102962,ORGANISER WOOD ANTIQUE WHITE
22320,1147.27,53.550000000000004,1093.72,0.04667602220924456,BIRDS MOBILE VINTAGE DESIGN
22309,1093.6,-0,1093.6,-0,TEA COSY RED  STRIPE
47580,1121.82,30.599999999999998,1091.22,0.027277103278600844,TEA TIME DES TEA COSY
23432,1090.02,-0,1090.02,-0,PRETTY HANGING QUILTED HEARTS
22785,1087.57,-0,1087.57,-0,SQUARECUSHION COVER PINK UNION JACK
22325,1151.3,64.35000000000001,1086.95,0.05589333796577783,MOBILE VINTAGE HEARTS
15056bl,1086.88,-0,1086.88,-0,EDWARDIAN PARASOL BLACK
23102,1086.6499999999999,-0,1086.6499999999999,-0,SILVER HEARTS TABLE DECORATION
22221,1104.54,19.9,1084.6399999999999,0.018016549875966466,CAKE STAND LOVEBIRD 2 TIER PINK
22997,1115.93,32.76,1083.17,0.029356680078499543,TRAVEL CARD WALLET UNION JACK
85127,1106.54,24.75,1081.79,0.02236701791168869,SMALL SQUARE CUT GLASS CANDLESTICK
84459B,1079.67,-0,1079.67,-0,YELLOW METAL CHICKEN HEART
23041,1178.48,99.60000000000001,1078.88,0.08451564727445524,PAPER LANTERN 9 POINT SNOW STAR
21469,1085.32,7.5,1077.82,0.006910404304721189,POLKA DOT RAFFIA FOOD COVER
22611,1077.03,-0,1077.03,-0,VINTAGE UNION JACK SHOPPING BAG
23087,1090.66,18.75,1071.91,0.017191425375460728,ZINC  HEART T-LIGHT HOLDER
22342,1111.58,40.199999999999996,1071.3799999999999,0.03616473848036129,HOME GARLAND PAINTED ZINC
23433,1108.58,39.01,1069.57,0.03518916090854968,HANGING QUILTED PATCHWORK APPLES
22123,1069.17,-0,1069.17,-0,PING MICROWAVE APRON
21824,1102.81,34.8,1068.01,0.03155575303089381,PAINTED METAL STAR WITH HOLLY BELLS
22444,1107.87,40,1067.87,0.03610531921615352,GROW YOUR OWN PLANT IN A CAN
21819,1067.82,-0,1067.82,-0,GLITTER CHRISTMAS STAR
23033,1067.6,-0,1067.6,-0,DRAWER KNOB CERAMIC RED
22245,1070.85,4.25,1066.6,0.003968809823971612,"HOOK, 1 HANGER ,MAGIC GARDEN"
21991,1080.82,15,1065.82,0.013878351621916694,BOHEMIAN COLLAGE STATIONERY SET
23113,5868.5,4803.0599999999995,1065.4400000000005,0.8184476442020958,PANTRY CHOPPING BOARD
22286,1065.3899999999999,-0,1065.3899999999999,-0,DECORATION WOBBLY RABBIT METAL
21224,1080,15,1065,0.013888888888888888,SET/4 SKULL BADGES
23516,1062.35,-0,1062.35,-0,EMBROIDERED RIBBON REEL SOPHIE
23331,1062.28,-0,1062.28,-0,DECORATIVE WICKER HEART SMALL
22438,1058.69,-0,1058.69,-0,BALLOON ART MAKE YOUR OWN FLOWERS
85035B,1058.35,-0,1058.35,-0,CHOCOLATE 3 WICK MORRIS BOX CANDLE
21391,1064.44,6.300000000000001,1058.14,0.005918605088121454,FRENCH LAVENDER SCENT HEART
23056,2916.87,1859.07,1057.8,0.6373509961019861,FLOWERS CHANDELIER T-LIGHT HOLDER
22190,1057.71,-0,1057.71,-0,LOCAL CAFE MUG
21949,1054.44,-0,1054.44,-0,SET OF 6 STRAWBERRY CHOPSTICKS
22211,1124.04,69.6,1054.44,0.06191950464396285,WOOD STAMP SET FLOWERS
16016,1053.45,-0,1053.45,-0,LARGE CHINESE STYLE SCISSOR
22152,1053.5,1.68,1051.82,0.0015946843853820597,PLACE SETTING WHITE STAR
22066,1051.05,1.9500000000000002,1049.1,0.001855287569573284,LOVE HEART TRINKET POT
22363,1383.75,335.5,1048.25,0.24245709123757905,GLASS JAR MARMALADE
85159B,1134.5,86.54,1047.96,0.07628029969149405,"WHITE TEA,COFFEE,SUGAR JARS"
35648,1068.32,20.749999999999996,1047.57,0.019423019320053914,VINTAGE BEAD PINK PURSE
23327,1051.14,4.720000000000001,1046.42,0.004490362844150161,HANGING CLEAR MINI BOTTLE
85116,1106.88,63.00000000000001,1043.88,0.05691673894189072,BLACK CANDELABRA T-LIGHT HOLDER
23419,1045.8,2.08,1043.72,0.0019889080130043985,HOME SWEET HOME BOTTLE
21508,1046.98,5.04,1041.94,0.004813845536686469,VINTAGE KID DOLLY CARD
22995,1062,20.580000000000002,1041.42,0.01937853107344633,TRAVEL CARD WALLET SUKI
79302M,1037.54,-0,1037.54,-0,"ART LIGHTS,FUNK MONKEY"
16237,1048.56,12.6,1035.96,0.012016479743648433,SLEEPING CAT ERASERS
23347,1077.3,42.5,1034.8,0.03945047804696928,I LOVE LONDON BEAKER
23088,1033.28,-0,1033.28,-0,ZINC HEART FLOWER T-LIGHT HOLDER
22060,1118.95,87.2,1031.75,0.0779302024219134,LARGE CAKE STAND HANGING HEARTS
20967,1031.69,-0,1031.69,-0,GREY FLORAL FELTCRAFT SHOULDER BAG
21803,1031.56,-0,1031.56,-0,CHRISTMAS TREE STAR DECORATION
18097C,1601.21,571.8000000000001,1029.4099999999999,0.35710493938958665,WHITE TALL PORCELAIN T-LIGHT HOLDER
22024,1033.81,5.04,1028.77,0.004875170485872646,RAINY LADIES BIRTHDAY CARD
21679,1028.58,-0,1028.58,-0,SKULLS  STICKERS
84944,1121.9099999999999,95.69999999999999,1026.2099999999998,0.08530095997005108,SET OF 6 KASHMIR FOLKART BAUBLES
23545,1025.6,-0,1025.6,-0,WRAP RED VINTAGE DOILY
22091,1033.22,8.75,1024.47,0.008468670757437912,EMPIRE TISSUE BOX
22163,1042.78,19.75,1023.03,0.018939757187517982,HEART STRING MEMO HOLDER HANGING
20966,1022.8,-0,1022.8,-0,SANDWICH BATH SPONGE
21188,1021.9000000000001,-0,1021.9000000000001,-0,3D HEARTS  HONEYCOMB PAPER GARLAND
22402,1035.58,15,1020.5799999999999,0.014484636628749107,MAGNETS PACK OF 4 VINTAGE COLLAGE
23452,1021.76,1.95,1019.81,0.0019084716567491387,HEART MINI PORTRAIT FRAME
22459,1018.1899999999999,-0,1018.1899999999999,-0,CAST IRON HOOK GARDEN TROWEL
15044C,1025.94,8.05,1017.8900000000001,0.007846462756106596,PURPLE PAPER PARASOL
21464,1055.25,38.25,1017,0.03624733475479744,DISCO BALL ROTATOR BATTERY OPERATED
20931,1060.9,45.050000000000004,1015.8500000000001,0.04246394570647563,BLUE POT PLANT CANDLE
85180A,1042.66,27.900000000000002,1014.7600000000001,0.026758483110505823,RED HEARTS LIGHT CHAIN
21788,1032.6399999999999,18.5,1014.1399999999999,0.01791524635884723,KIDS RAIN MAC BLUE
51014L,1079.34,65.88,1013.4599999999999,0.06103730057257213,"FEATHER PEN,LIGHT PINK"
21617,1013.01,-0,1013.01,-0,4 LILY  BOTANICAL DINNER CANDLES
85039A,1013.92,1.65,1012.27,0.00162734732523276,SET/4 RED MINI ROSE CANDLE IN BOWL
22679,1024.28,12.5,1011.78,0.012203694302339205,FRENCH BLUE METAL DOOR SIGN 4
22614,1024.8999999999999,14.43,1010.4699999999999,0.014079422382671482,PACK OF 12 SPACEBOY TISSUES
21354,1010.21,-0,1010.21,-0,TOAST ITS - BEST MUM
23107,1009.51,-0,1009.51,-0,WHITE HEARTS WIRE PLANT POT HOLDER
21288,1070.26,61.199999999999996,1009.06,0.05718236690150057,STRIPEY CHOCOLATE NESTING BOXES
22860,1032.62,24.75,1007.8699999999999,0.023968158664368307,EASTER TIN CHICKS PINK DAISY
23544,1015.78,8.25,1007.53,0.008121837405737463,WALL ART MID CENTURY MODERN
22923,1140.97,134,1006.97,0.1174439292882372,FRIDGE MAGNETS LES ENFANTS ASSORTED
22279,1007.15,1.25,1005.9,0.0012411259494613514,POCKET BAG BLUE PAISLEY RED SPOT
23153,1020.69,15,1005.69,0.01469594098110102,ZINC SWEETHEART WIRE LETTER RACK
22673,1019.83,15,1004.83,0.01470833374189816,FRENCH GARDEN SIGN BLUE METAL
22929,1199.75,195,1004.75,0.16253386122108773,SCHOOL DESK AND CHAIR
23121,1002.54,-0,1002.54,-0,PACK OF 6 COCKTAIL PARASOL STRAWS
22695,1001.49,-0,1001.49,-0,WICKER WREATH SMALL
23281,1000.8199999999999,-0,1000.8199999999999,-0,FOLDING BUTTERFLY MIRROR RED
21355,998.83,-0,998.83,-0,TOAST ITS - I LOVE YOU
23533,998.64,-0,998.64,-0,WALL ART GARDEN HAVEN
21467,1004.39,7.5,996.89,0.007467218908989536,CHERRY CROCHET FOOD COVER
22069,996.8,-0,996.8,-0,BROWN  PIRATE TREASURE CHEST
23517,996.38,-0,996.38,-0,EMBROIDERED RIBBON REEL REBECCA
84558A,996.2600000000001,-0,996.2600000000001,-0,3D DOG PICTURE PLAYING CARDS
10125,994.84,-0,994.84,-0,MINI FUNKY DESIGN TAPES
21821,1037.05,45,992.05,0.04339231473892291,GLITTER STAR GARLAND WITH BELLS
21648,992.79,1.25,991.54,0.0012590779520341663,ASSORTED TUTTI FRUTTI SMALL PURSE
22808,1038.8700000000001,53.1,985.7700000000001,0.05111322879667331,SET OF 6 T-LIGHTS EASTER CHICKS
85232D,997.47,14.850000000000001,982.62,0.014887665794459985,SET/3 DECOUPAGE STACKING TINS
35471D,984.5699999999999,2.5,982.0699999999999,0.0025391795403069363,SET OF 3 BIRD LIGHT PINK FEATHER
22500,980.7,-0,980.7,-0,SET OF 2 TINS JARDIN DE PROVENCE
21948,979.48,-0,979.48,-0,SET OF 6 CAKE CHOPSTICKS
22857,977.76,-0,977.76,-0,ASSORTED EASTER GIFT TAGS
23512,977.32,-0,977.32,-0,EMBROIDERED RIBBON REEL ROSIE
20886,988.18,11.7,976.4799999999999,0.011839948187577162,BOX OF 9 PEBBLE CANDLES
72816,1006.27,30,976.27,0.029813072038319736,SET/3 CHRISTMAS DECOUPAGE CANDLES
22098,1003.19,30.11,973.08,0.0300142545280555,BOUDOIR SQUARE TISSUE BOX
84459A,1059.67,89.39999999999999,970.2700000000001,0.0843658874932762,PINK METAL CHICKEN HEART
23380,983.5,14.04,969.46,0.014275546517539399,PACK OF 12 VINTAGE DOILY TISSUES
85064,976.25,9.3,966.95,0.009526248399487836,CREAM SWEETHEART LETTER RACK
35651,985.8399999999999,19.799999999999997,966.04,0.020084395033676865,VINTAGE BEAD PINK SCARF
23518,983.3000000000001,17.34,965.96,0.017634496084613035,EMBROIDERED RIBBON REEL RACHEL
21389,966.78,0.85,965.93,8.792072653550963e-4,IVORY HANGING DECORATION  BIRD
23514,977.39,12.48,964.91,0.012768700314101843,EMBROIDERED RIBBON REEL SALLY
20802,984.4699999999999,20.07,964.3999999999999,0.020386603959490896,SMALL GLASS SUNDAE DISH CLEAR
84843,969.8000000000001,5.95,963.85,0.0061352856259022474,WHITE SOAP RACK WITH 2 BOTTLES
22540,960.86,0.42,960.44,4.3710842370376534e-4,MINI JIGSAW CIRCUS PARADE
22210,959.6999999999999,-0,959.6999999999999,-0,WOOD STAMP SET BEST WISHES
47504H,964.38,5,959.38,0.005184678238868496,ENGLISH ROSE SPIRIT LEVEL
20846,958.57,-0,958.57,-0,ZINC HEART LATTICE T-LIGHT HOLDER
22209,968.3699999999999,9.959999999999999,958.4099999999999,0.0102853248241891,WOOD STAMP SET HAPPY BIRTHDAY
22681,973.15,14.81,958.34,0.015218619945537687,FRENCH BLUE METAL DOOR SIGN 6
21058,968.2099999999999,10.2,958.0099999999999,0.010534904617799858,PARTY INVITES WOODLAND
23460,1007.0799999999999,49.75,957.3299999999999,0.04940024625650396,SWEETHEART WALL TIDY
84913A,952.83,-0,952.83,-0,SOFT PINK ROSE TOWEL
84509G,950.49,-0,950.49,-0,SET OF 4 FAIRY CAKE PLACEMATS
84596G,949.92,-0,949.92,-0,SMALL CHOCOLATES PINK BOWL
22262,953.8599999999999,4.25,949.6099999999999,0.004455580483509111,FELT EGG COSY CHICKEN
21198,1008.4699999999999,59.75999999999999,948.7099999999999,0.059258084028280464,WHITE HEART CONFETTI IN TUBE
21683,948.7000000000002,-0,948.7000000000002,-0,MEDIUM MEDINA STAMPED METAL BOWL
22599,967.7599999999999,20.4,947.3599999999999,0.02107960651401174,CHRISTMAS MUSICAL ZINC STAR
23540,947.0600000000001,-0,947.0600000000001,-0,WALL ART THE MAGIC FOREST
21717,946.93,-0,946.93,-0,EASTER TIN BUCKET
47593B,946.13,-0,946.13,-0,SCOTTIE DOGS BABY BIB
22994,958.2,12.6,945.6,0.013149655604257982,TRAVEL CARD WALLET RETROSPOT
15044B,946.83,2.95,943.88,0.0031156596221074534,BLUE PAPER PARASOL
70007,962.9599999999999,19.799999999999997,943.16,0.020561601728005315,HI TEC ALPINE HAND WARMER
22246,962.77,23.4,939.37,0.024304870322091464,MAGIC GARDEN FELT GARLAND
22242,994.3799999999999,56.099999999999994,938.2799999999999,0.05641706389911302,5 HOOK HANGER MAGIC TOADSTOOL
35646,937.25,-0,937.25,-0,VINTAGE BEAD PINK EVENING BAG
23183,967.17,30,937.17,0.03101833183411396,MOTHER'S KITCHEN SPOON REST
22281,935.39,-0,935.39,-0,EASTER TREE YELLOW BIRDS
84819,951.79,17,934.79,0.017861082801878567,DANISH ROSE ROUND SEWING BOX
22231,1029.76,95.05,934.71,0.0923030609073959,JIGSAW TREE WITH BIRDHOUSE
20686,932.42,-0,932.42,-0,DOLLY MIXTURE CHILDREN'S UMBRELLA
21462,932.4,-0,932.4,-0,"NURSERY A,B,C PAINTED LETTERS"
20752,935.1500000000001,4.2,930.95,0.0044912580869379244,BLUE POLKADOT WASHING UP GLOVES
23179,930.48,-0,930.48,-0,CLOCK MAGNET MUM'S KITCHEN
22924,1169.8999999999999,240.24999999999997,929.6499999999999,0.20535943243012222,FRIDGE MAGNETS LA VIE EN ROSE
23178,943.9200000000001,14.45,929.47,0.015308500720400032,JAM CLOCK MAGNET
22132,939.03,10.2,928.8299999999999,0.010862272770837992,RED LOVE HEART SHAPE CUP
22313,1564.8300000000002,637.5,927.3300000000002,0.40739249630950325,OFFICE MUG WARMER PINK
85185B,926.94,2.95,923.99,0.003182514510108529,PINK HORSE SOCK PUPPET
22307,969.64,45.9,923.74,0.047337156057918404,GOLD MUG BONE CHINA TREE OF LIFE
22893,931.02,8.82,922.1999999999999,0.009473480698588645,MINI CAKE STAND T-LIGHT HOLDER
17091J,920.67,-0,920.67,-0,VANILLA INCENSE IN TIN
85114C,920.2199999999999,-0,920.2199999999999,-0,RED ENCHANTED FOREST PLACEMAT
22270,945.95,25.89,920.0600000000001,0.02736931127438025,HAPPY EASTER HANGING DECORATION
21802,920.4,0.42,919.98,4.5632333767926987e-4,CHRISTMAS TREE HEART DECORATION
21682,930.96,14.850000000000001,916.11,0.015951276102088168,LARGE MEDINA STAMPED METAL BOWL
22046,929,14.28,914.72,0.015371367061356297,TEA PARTY  WRAPPING PAPER
82001s,910.12,-0,910.12,-0,SILVER RECORD COVER FRAME
23472,909.37,-0,909.37,-0,NINE DRAWER OFFICE TIDY
21786,918.25,9.24,909.01,0.010062619112442146,POLKADOT RAIN HAT
21894,908.33,-0,908.33,-0,POTTING SHED SEED ENVELOPES
22519,906.7500000000001,-0,906.7500000000001,-0,CHILDS GARDEN BRUSH PINK
84519A,905.55,-0,905.55,-0,TOMATO CHARLIE+LOLA COASTER SET
23338,915.4000000000001,12.48,902.9200000000001,0.013633384312868691,EGG FRYING PAN RED
72799E,919.94,17.700000000000003,902.24,0.01924038524251582,IVORY PILLAR CANDLE SILVER FLOCK
23532,901.58,-0,901.58,-0,WALL ART WORK REST AND PLAY
22118,901.46,-0,901.46,-0,JOY WOODEN BLOCK LETTERS
85114B,904.14,3.3,900.84,0.003649877231402216,IVORY ENCHANTED FOREST PLACEMAT
21465,897.8,-0,897.8,-0,PINK FLOWER CROCHET FOOD COVER
22277,897.74,-0,897.74,-0,COSMETIC BAG VINTAGE ROSE PAISLEY
23502,896.41,-0,896.41,-0,PLAYING CARDS VINTAGE DOILY
21631,896.01,-0,896.01,-0,HIPPY CHIC DECORATIVE PARASOL
85034A,915.15,20.75,894.4,0.022673878599136756,3 GARDENIA MORRIS BOXED CANDLES
22814,893.51,-0,893.51,-0,CARD PARTY GAMES
37501,906.83,13.9,892.9300000000001,0.015328121037019067,TEA TIME TEA SET IN GIFT BOX
84823,890.4,-0,890.4,-0,DANISH ROSE FOLDING CHAIR
85131A,901.48,11.27,890.21,0.012501663930425521,BEADED PEARL HEART WHITE ON STICK
23072,1273.76,384,889.76,0.30146966461499813,MARIE ANTOINETTE TRINKET BOX SILVER
21189,888.67,-0,888.67,-0,WHITE HONEYCOMB PAPER GARLAND
22719,895.72,11.17,884.5500000000001,0.012470414861787165,GUMBALL MONOCHROME COAT RACK
22524,883.2,-0,883.2,-0,CHILDRENS GARDEN GLOVES BLUE
46776F,883.12,-0,883.12,-0,WOVEN ROSE GARDEN CUSHION COVER
22682,896.75,13.75,883,0.01533314747700028,FRENCH BLUE METAL DOOR SIGN 7
21633,895.46,12.75,882.71,0.014238491948272395,SUNFLOWER DECORATIVE PARASOL
22317,882.62,-0,882.62,-0,FIVE CATS HANGING DECORATION
22321,881.3299999999999,0.85,880.4799999999999,9.644514540523982e-4,BIRD DECORATION RED RETROSPOT
23479,880.23,-0,880.23,-0,WIRE EGG BASKET
22701,922.89,43.00000000000001,879.89,0.04659276836892805,PINK DOG BOWL
85176,880.4699999999999,0.85,879.6199999999999,9.653934830261111e-4,SEWING SUSAN 21 NEEDLE SET
23413,929.11,49.800000000000004,879.3100000000001,0.05359968141554822,VINTAGE COFFEE GRINDER BOX
84997a,878.7399999999999,-0,878.7399999999999,-0,CHILDRENS CUTLERY POLKADOT GREEN
21209,886.24,8.33,877.91,0.009399259794186677,MULTICOLOUR HONEYCOMB FAN
84030e,877.76,-0,877.76,-0,ENGLISH ROSE HOT WATER BOTTLE
22308,877.38,-0,877.38,-0,TEA COSY BLUE STRIPE
21695,875.3800000000001,-0,875.3800000000001,-0,SMALL SILVER FLOWER CANDLE POT
22565,873.52,-0,873.52,-0,FELTCRAFT HAIRBANDS PINK AND WHITE
85036C,1104.8600000000001,232.25,872.6100000000001,0.21020762811577934,ROSE 1 WICK MORRIS BOXED CANDLE
23099,925.35,53.2,872.15,0.05749175987464203,FRENCH CARRIAGE LANTERN
22251,891.99,20,871.99,0.022421776028879247,BIRDHOUSE DECORATION MAGIC GARDEN
23002,925.29,53.76,871.53,0.058100703563207214,TRAVEL CARD WALLET SKULLS
85049H,870.35,-0,870.35,-0,URBAN BLACK RIBBONS
21204,868.4399999999999,-0,868.4399999999999,-0,DAISIES  HONEYCOMB GARLAND
21199,888.3299999999999,20.16,868.17,0.022694269021647364,PINK  HEART CONFETTI IN TUBE
84536B,888.14,20.16,867.98,0.022699124011980095,FAIRY CAKES NOTEBOOK A7 SIZE
21743,890.6,26.55,864.0500000000001,0.029811363125982485,STAR PORTABLE TABLE LIGHT
21708,868.0600000000001,4.95,863.11,0.005702370803861484,FOLDING UMBRELLA CREAM POLKADOT
23220,869.9799999999999,9.959999999999999,860.0199999999999,0.01144853904687464,REINDEER HEART DECORATION GOLD
22343,873.9,15.299999999999999,858.6,0.017507723995880534,PARTY PIZZA DISH RED RETROSPOT
23423,876.9,18.75,858.15,0.021382141635306193,PANTRY 3 HOOK ROLLING PIN HANGER
22683,871.49,15,856.49,0.017211901456126864,FRENCH BLUE METAL DOOR SIGN 8
21823,854.7399999999999,-0,854.7399999999999,-0,PAINTED METAL HEART WITH HOLLY BELL
21359,860.23,7.9,852.33,0.00918359043511619,RELAX LARGE WOOD LETTERS
22761,895.38,43.9,851.48,0.049029462351180504,CHEST 7 DRAWER MA CAMPAGNE
21880,858.7800000000001,7.800000000000001,850.9800000000001,0.009082652134423252,RED RETROSPOT TAPE
85183A,852.04,2.5,849.54,0.0029341345476738183,CHARLIE & LOLA WASTEPAPER BIN BLUE
84006,849.55,0.85,848.6999999999999,0.001000529692189983,MAGIC TREE -PAPER FLOWERS
85135C,856.38,7.95,848.43,0.009283262103271912,RED DRAGONFLY HELICOPTER
22862,843.95,-0,843.95,-0,LOVE HEART NAPKIN BOX
22068,863.38,21.449999999999996,841.93,0.02484421691491579,BLACK PIRATE TREASURE CHEST
23564,841.31,-0,841.31,-0,EGG CUP MILKMAID INGRID
23551,841.01,-0,841.01,-0,PACK OF 12 PAISLEY PARK TISSUES
20839,840.4399999999999,-0,840.4399999999999,-0,FRENCH PAISLEY CUSHION COVER
21694,840.33,-0,840.33,-0,SMALL REGAL  SILVER CANDLEPOT
37327,840.47,1.56,838.9100000000001,0.0018561043225814129,ASSTD MULTICOLOUR CIRCLES MUG
22706,847.94,10.5,837.44,0.012382951623935655,WRAP COWBOYS
22254,836.8,-0,836.8,-0,FELT TOADSTOOL LARGE
20986,833.49,-0,833.49,-0,BLUE CALCULATOR RULER
22587,833.0699999999999,-0,833.0699999999999,-0,FELTCRAFT HAIRBAND RED AND BLUE
21125,834.73,2.5,832.23,0.0029949804128281,SET 6 FOOTBALL CELEBRATION CANDLES
21399,874.29,43.29,831,0.049514463164396255,BLUE POLKADOT COFFEE MUG
21804,830.03,-0,830.03,-0,WHITE CHRISTMAS GARLAND STARS TREES
23004,906.94,77.28,829.6600000000001,0.08520960592762476,TRAVEL CARD WALLET PANTRY
22341,827.6299999999999,-0,827.6299999999999,-0,LOVE GARLAND PAINTED ZINC
21294,825.49,-0,825.49,-0,ETCHED GLASS COASTER
22537,844.84,20.16,824.6800000000001,0.023862506510108423,MAGIC DRAWING SLATE DINOSAUR
21905,823.71,-0,823.71,-0,MORE BUTTER METAL SIGN
22249,826.46,3.4,823.0600000000001,0.004113931708733635,DECORATION WHITE CHICK MAGIC GARDEN
84849D,859,37.18,821.82,0.04328288707799767,HOT BATHS SOAP HOLDER
23071,1255.1,434,821.0999999999999,0.34578918014500837,MARIE ANTOINETTE TRINKET BOX GOLD
22276,838.86,17.849999999999998,821.01,0.021278878477934336,WASH BAG VINTAGE ROSE PAISLEY
21291,819.64,-0,819.64,-0,SMALL POLKADOT CHOCOLATE GIFT BAG
23017,826.28,12.5,813.78,0.015128043762404996,APOTHECARY MEASURING JAR
85049a,812.84,-0,812.84,-0,TRADITIONAL CHRISTMAS RIBBONS
23186,819.4599999999999,9.24,810.2199999999999,0.011275718155858738,FRENCH STYLE STORAGE JAR CAFE
22093,824.08,15,809.08,0.018202116299388407,MOTORING TISSUE BOX
22162,841.24,32.45,808.79,0.03857400979506443,HEART GARLAND RUSTIC PADDED
84509B,806.04,-0,806.04,-0,SET OF 4 FAIRY CAKE PLACEMATS
22454,827.82,23.6,804.22,0.028508612983498827,MEASURING TAPE BABUSHKA RED
22546,800.4,0.42,799.98,5.247376311844077e-4,MINI JIGSAW PURDEY
85194L,823.7399999999999,23.799999999999997,799.9399999999999,0.028892611746424844,HANGING SPRING FLOWER EGG LARGE
85169A,813.02,15,798.02,0.018449730633932744,IVORY LOVE BIRD CANDLE
72818,821.98,25.919999999999998,796.0600000000001,0.03153361395654395,CHRISTMAS DECOUPAGE CANDLE
22268,804.04,8.26,795.78,0.010273120740261679,DECORATION SITTING BUNNY
22566,794.88,-0,794.88,-0,FELTCRAFT HAIRBAND PINK AND PURPLE
21162,794.15,-0,794.15,-0,TOXIC AREA  DOOR HANGER
22099,804.65,11.25,793.4,0.013981234076927857,CARAVAN SQUARE TISSUE BOX
23521,793.37,-0,793.37,-0,WALL ART CAT AND BIRD
23519,792.31,-0,792.31,-0,EMBROIDERED RIBBON REEL CLAIRE
22705,801.36,10.5,790.86,0.01310272536687631,WRAP GREEN PEARS
21789,806.1999999999999,17,789.1999999999999,0.02108657901265195,KIDS RAIN MAC PINK
85170D,796.99,8,788.99,0.010037767098708891,SET/6 PINK BIRD T-LIGHT CANDLES
21504,788.97,-0,788.97,-0,SKULLS GREETING CARD
84535B,850.2,61.75,788.45,0.07262996941896024,FAIRY CAKES NOTEBOOK A6 SIZE
21680,786.31,-0,786.31,-0,WOODLAND  STICKERS
23568,787.52,1.25,786.27,0.001587261275904104,EGG CUP HENRIETTA HEN CREAM
79160,802.13,16.8,785.33,0.020944235971725282,HEART SHAPE WIRELESS DOORBELL
23115,785.1700000000001,-0,785.1700000000001,-0,RED APPLES CHOPPING BOARD
21642,831.0199999999999,46.54,784.4799999999999,0.05600346562056269,ASSORTED TUTTI FRUTTI PEN
22518,783.5400000000001,-0,783.5400000000001,-0,CHILDS GARDEN BRUSH BLUE
22217,832.51,50,782.51,0.06005933862656305,T-LIGHT HOLDER HANGING LACE
85173,795.02,12.75,782.27,0.016037332394153607,SET/6 FROG PRINCE T-LIGHT CANDLES
21272,783.82,2.5,781.32,0.003189507795157051,SALLE DE BAIN HOOK
23106,815.59,34.68,780.9100000000001,0.04252136490148236,ZINC HEARTS PLANT POT HOLDER
22451,779.1500000000001,-0,779.1500000000001,-0,SILK PURSE BABUSHKA RED
84660A,783.45,4.54,778.9100000000001,0.0057948816133767305,WHITE STITCHED WALL CLOCK
85032A,777.1400000000001,-0,777.1400000000001,-0,ROMANTIC IMAGES GIFT WRAP SET
22228,778.63,1.7,776.93,0.0021833219886210394,BUNNY WOODEN PAINTED WITH BIRD
22422,776.75,-0,776.75,-0,TOOTHPASTE TUBE PEN
84509a,775.84,-0,775.84,-0,SET OF 4 ENGLISH ROSE PLACEMATS
23409,801.68,26.25,775.43,0.032743738149885245,PHOTO FRAME LINEN AND LACE LARGE
22340,792.28,17.4,774.88,0.021961932650073207,NOEL GARLAND PAINTED ZINC
84519B,774.55,-0,774.55,-0,CARROT CHARLIE+LOLA COASTER SET
21158,783.8199999999999,9.36,774.4599999999999,0.011941517185068001,MOODY GIRL DOOR HANGER
85163B,783.68,12.75,770.93,0.016269395671702738,BLACK BAROQUE WALL CLOCK
21618,770.87,-0,770.87,-0,4 WILDFLOWER BOTANICAL CANDLES
22133,770.7299999999999,-0,770.7299999999999,-0,PINK LOVE HEART SHAPE CUP
21983,777.67,6.959999999999999,770.7099999999999,0.008949811616752606,PACK OF 12 BLUE PAISLEY TISSUES
85125,770.2900000000001,-0,770.2900000000001,-0,SMALL ROUND CUT GLASS CANDLESTICK
85035A,795.05,25.5,769.55,0.032073454499717,GARDENIA 3 WICK MORRIS BOXED CANDLE
21084,773.14,4.5600000000000005,768.58,0.005898026230695606,SET/6 COLLAGE PAPER CUPS
22685,780.8,12.5,768.3,0.016009221311475412,FRENCH BLUE METAL DOOR SIGN 0
85231B,777.5799999999999,9.35,768.2299999999999,0.012024486226497596,CINAMMON SET OF 9 T-LIGHTS
23335,792.86,24.96,767.9,0.031480967636152664,EGG FRYING PAN IVORY
22786,764.63,-0,764.63,-0,CUSHION COVER PINK UNION JACK
22522,774.29,10.2,764.0899999999999,0.013173358819047127,CHILDS GARDEN FORK BLUE
21707,763.6600000000001,-0,763.6600000000001,-0,FOLDING UMBRELLA BLACKBLUE POLKADOT
23550,763.1,-0,763.1,-0,WRAP ALPHABET POSTER
22252,770.32,7.5,762.82,0.009736213521653339,BIRDCAGE DECORATION TEALIGHT HOLDER
85212,761.4,-0,761.4,-0,MINI PAINTED GARDEN DECORATION
22025,766.09,5.04,761.0500000000001,0.006578861491469671,RING OF ROSES BIRTHDAY CARD
85130B,760.4300000000001,-0,760.4300000000001,-0,BEADED CRYSTAL HEART GREEN LARGE
17084R,760.3199999999999,-0,760.3199999999999,-0,ASSORTED INCENSE PACK
21287,760.15,-0,760.15,-0,SCENTED VELVET LOUNGE CANDLE
10002,759.89,-0,759.89,-0,INFLATABLE POLITICAL GLOBE
84279B,785.95,26.25,759.7,0.03339907118773459,CHERRY BLOSSOM DECORATIVE FLASK
22753,758.9799999999999,-0,758.9799999999999,-0,SMALL YELLOW BABUSHKA NOTEBOOK
85036A,759.35,1.25,758.1,0.0016461447290445775,GARDENIA 1 WICK MORRIS BOXED CANDLE
23282,757.86,-0,757.86,-0,FOLDING BUTTERFLY MIRROR IVORY
22480,757.21,-0,757.21,-0,RED TEA TOWEL CLASSIC DESIGN
23123,760.4,4.9799999999999995,755.42,0.006549184639663335,COCKTAIL SWORDS 50 PIECES
21822,759.44,4.6899999999999995,754.75,0.0061756030759507,GLITTER CHRISTMAS TREE WITH BELLS
21383,755.83,1.3,754.5300000000001,0.001719963483852189,PACK OF 12 STICKY BUNNIES
84913B,754.07,-0,754.07,-0,MINT GREEN ROSE TOWEL
84609,770.59,17,753.59,0.022061018180874394,TALL ROCOCO CANDLE HOLDER
23124,751.38,-0,751.38,-0,18PC WOODEN CUTLERY SET DISPOSABLE
20748,751.17,-0,751.17,-0,KENSINGTON COFFEE SET
21126,750.2,-0,750.2,-0,SET OF 6 GIRLS CELEBRATION CANDLES
23324,816.0400000000001,67.51,748.5300000000001,0.08272878780451938,RUSTIC STRAWBERRY JAM POT LARGE
84763,748.34,-0,748.34,-0,ZINC FINISH 15CM PLANTER POTS
23025,760.8000000000001,12.48,748.32,0.01640378548895899,DRAWER KNOB VINTAGE GLASS BALL
22481,748.08,-0,748.08,-0,BLACK TEA TOWEL CLASSIC DESIGN
85032B,747.7900000000001,-0,747.7900000000001,-0,BLOSSOM IMAGES GIFT WRAP SET
23022,808.16,62.400000000000006,745.76,0.07721243318154822,SMALL BONNE JAM JAR  T-LIGHT HOLDER
23454,753.95,8.3,745.6500000000001,0.011008687578751907,THREE MINI HANGING FRAMES
21215,745.45,-0,745.45,-0,IVORY PAPER CUP CAKE CASES
22316,743.62,1.25,742.37,0.0016809660848282725,200 BENDY SKULL STRAWS
20733,958.06,216,742.06,0.2254556082082542,GOLD MINI TAPE MEASURE
23223,751.8499999999999,9.959999999999999,741.8899999999999,0.013247323269269137,CHRISTMAS TREE HANGING SILVER
22106,898.38,156.75,741.63,0.1744807319842383,MIRROR MOSAIC HURRICANE LAMP
22523,751.66,10.2,741.4599999999999,0.013569965143815022,CHILDS GARDEN FORK PINK
22336,754.4100000000001,14.950000000000001,739.46,0.019816810487665856,DOVE DECORATION PAINTED ZINC
22264,738.68,-0,738.68,-0,FELT FARM ANIMAL WHITE BUNNY
22322,747.81,10.2,737.6099999999999,0.013639828298632006,BIRD DECORATION GREEN POLKADOT
79030G,735.8299999999999,-0,735.8299999999999,-0,TUMBLER NEW ENGLAND
22097,739.57,3.9000000000000004,735.6700000000001,0.005273334505185446,SWALLOW SQUARE TISSUE BOX
22258,743.89,8.75,735.14,0.011762491766255764,FELT FARM ANIMAL RABBIT
84660B,734.86,-0,734.86,-0,BLACK STITCHED WALL CLOCK
23435,734.79,-0,734.79,-0,3 RAFFIA RIBBONS VINTAGE CHRISTMAS
22495,751.7700000000001,17.700000000000003,734.07,0.02354443513308592,SET OF 2 ROUND TINS CAMEMBERT
22586,774.55,40.8,733.75,0.05267574720805629,FELTCRAFT HAIRBAND PINK AND BLUE
23006,765.27,32.76,732.51,0.04280842055745031,TRAVEL CARD WALLET FLOWER MEADOW
22393,741.9799999999999,10.2,731.7799999999999,0.013747001266880509,PAPERWEIGHT VINTAGE COLLAGE
15034,840.0200000000001,108.29000000000002,731.73,0.1289135972953025,PAPER POCKET TRAVELING FAN
22400,731.8199999999999,0.39,731.43,5.329179306386817e-4,MAGNETS PACK OF 4 HOME SWEET HOME
23562,730.37,-0,730.37,-0,SET OF 6 RIBBONS PERFECTLY PRETTY
21398,729.6,-0,729.6,-0,RED POLKADOT COFFEE  MUG
90200D,729.57,-0,729.57,-0,PINK SWEETHEART BRACELET
22250,732.65,3.4,729.25,0.004640687913737801,DECORATION  BUTTERFLY  MAGIC GARDEN
21643,743.31,15,728.31,0.020180005650401584,ASSORTED TUTTI FRUTTI MIRROR
21677,737.8399999999999,10.2,727.6399999999999,0.01382413531388919,HEARTS  STICKERS
20996,727.46,-0,727.46,-0,JAZZ HEARTS ADDRESS BOOK
23522,727.4399999999999,-0,727.4399999999999,-0,WALL ART DOG AND BALL
22103,928.04,201.66,726.38,0.21729666824705832,MIRROR MOSAIC T-LIGHT HOLDER ROUND
85131D,725.26,-0,725.26,-0,BEADED CRYSTAL HEART PINK ON STICK
21883,725.4200000000001,0.19,725.23,2.619172341540073e-4,STARS GIFT TAPE
23114,737.95,14.850000000000001,723.1,0.020123314587709194,VINTAGE LEAF CHOPPING BOARD
22821,730.47,7.800000000000001,722.6700000000001,0.010678056593699947,GIFT BAG PSYCHEDELIC APPLES
72803A,730.97,8.5,722.47,0.011628384201814028,ROSE SCENT CANDLE JEWELLED DRAWER
21927,771.15,48.75,722.4,0.06321727290410427,BLUE/CREAM STRIPE CUSHION COVER
21530,769.57,48.190000000000005,721.38,0.06261938485128059,DAIRY MAID TOASTRACK
46775D,720.93,-0,720.93,-0,SUNSET COLOUR CHUNKY KNITTED THROW
79067,719.69,-0,719.69,-0,CORONA MEXICAN TRAY
22718,727.31,10.08,717.2299999999999,0.013859289711402292,CARD CAT AND TREE
84581,717.21,-0,717.21,-0,DOG TOY WITH PINK CROCHET SKIRT
23140,766.1,49.800000000000004,716.3000000000001,0.0650045685941783,TRIPLE WIRE HOOK IVORY HEART
22287,720.16,4.68,715.48,0.006498555876471895,DECORATION WOBBLY CHICKEN
21775,716.86,3.75,713.11,0.0052311469464051555,DECORATIVE FLORE BATHROOM BOTTLE
22684,728.57,16.25,712.32,0.02230396530189275,FRENCH BLUE METAL DOOR SIGN 9
22026,717.12,5.04,712.08,0.007028112449799197,BANQUET BIRTHDAY  CARD
85032C,719.84,7.800000000000001,712.0400000000001,0.010835741275839077,CURIOUS IMAGES GIFT WRAP SET
23325,740.9399999999999,29.699999999999996,711.2399999999999,0.04008421734553405,RUSTIC STRAWBERRY JAM POT SMALL
23055,1401.43,690.72,710.71,0.49286799911518947,IVORY CHANDELIER T-LIGHT HOLDER
21636,709.66,-0,709.66,-0,MADRAS NOTEBOOK MEDIUM
23070,709.5400000000001,-0,709.5400000000001,-0,EDWARDIAN HEART PHOTO FRAME
21630,718.14,8.95,709.1899999999999,0.012462750995627592,FLOOR CUSHION ELEPHANT CARNIVAL
21739,708.98,-0,708.98,-0,COSY SLIPPER SHOES SMALL GREEN
22201,716.8,8.5,708.3,0.01185825892857143,FRYING PAN BLUE POLKADOT
22514,706.5500000000001,-0,706.5500000000001,-0,CHILDS GARDEN SPADE BLUE
23487,795.5799999999999,89.55,706.03,0.11255939063324871,SWEET HEART CAKE CARRIER
21143,709.18,3.9,705.28,0.005499309061169238,ANTIQUE GLASS HEART DECORATION
21356,704.55,-0,704.55,-0,TOAST ITS - FAIRY FLOWER
85103,924.29,220.15,704.14,0.2381828214088652,SILVER T-LIGHT SETTING
22856,729.57,26.25,703.32,0.035980097865866194,ASSORTED EASTER DECORATIONS  BELLS
16235,702.96,0.21,702.75,2.9873677022874696e-4,RECYCLED PENCIL WITH RABBIT ERASER
21106,702.51,-0,702.51,-0,CREAM SLICE FLANNEL CHOCOLATE SPOT
85159A,783.35,82.39999999999999,700.95,0.10518925129252568,"BLACK TEA,COFFEE,SUGAR JARS"
21476,699.63,-0,699.63,-0,STEEL SWEETHEART ROUND TABLE CREAM
23222,718.53,19.919999999999998,698.61,0.02772326833952653,CHRISTMAS TREE HANGING GOLD
22936,895.97,198,697.97,0.22098954206056007,BAKING MOULD ROSE WHITE CHOCOLATE
85049D,697.49,-0,697.49,-0,BRIGHT BLUES RIBBONS
22981,705.5799999999999,8.7,696.8799999999999,0.012330281470563224,PANTRY APPLE CORER
85078,696.8,-0,696.8,-0,SCANDINAVIAN 3 HEARTS NAPKIN RING
84707A,695.23,-0,695.23,-0,SILVER JEWELLED MIRROR TRINKET TRAY
79164,699.96,4.949999999999999,695.01,0.007071832676152922,BLACK WINE GLASS
84660C,693.32,-0,693.32,-0,PINK STITCHED WALL CLOCK
16225,691.85,-0,691.85,-0,RATTLE SNAKE EGGS
35923,690.52,0.39,690.13,5.647917511440654e-4,CANDY HEART HANGING DECORATION
22324,688.3,-0,688.3,-0,BLUE POLKADOT KIDS BAG
21650,692.85,4.5600000000000005,688.2900000000001,0.006581511149599481,ASSORTED TUTTI FRUTTI BRACELET
21629,687.95,-0,687.95,-0,SQUARE FLOOR CUSHION VINTAGE RED
23458,762.4499999999999,74.75,687.6999999999999,0.09803921568627452,DOLLY CABINET 3 DRAWERS
20902,686.86,-0,686.86,-0,VINTAGE KEEPSAKE BOX PARIS DAYS
21317,689.53,4.95,684.5799999999999,0.007178802952735922,GLASS SPHERE CANDLE STAND MEDIUM
21289,708.75,25,683.75,0.03527336860670194,LARGE STRIPES CHOCOLATE GIFT BAG
21163,684.62,1.25,683.37,0.0018258303876603078,DO NOT TOUCH MY STUFF DOOR HANGER
85071B,688.91,5.9,683.01,0.008564253676097023,RED CHARLIE+LOLA PERSONAL DOORSIGN
85019B,682.97,-0,682.97,-0,BLOSSOM  IMAGES NOTEBOOK SET
21208,697.77,15.989999999999998,681.78,0.022915860527107784,PASTEL COLOUR HONEYCOMB FAN
35001G,681.59,-0,681.59,-0,HAND OPEN SHAPE GOLD
21066,694.72,15,679.72,0.02159143251957623,VINTAGE RED MUG
46776B,679.67,-0,679.67,-0,WOVEN BERRIES CUSHION COVER
22136,680.93,1.45,679.4799999999999,0.002129440617978353,LOVE HEART SOCK HANGER
79066K,689.3399999999999,10.2,679.1399999999999,0.014796762120288973,RETRO MOD TRAY
23187,695.06,16.49,678.5699999999999,0.023724570540672747,FRENCH STYLE STORAGE JAR BONBONS
79191C,812.53,134.29999999999998,678.23,0.1652862048170529,RETRO PLASTIC ELEPHANT TRAY
22806,677.0400000000001,-0,677.0400000000001,-0,SET OF 6 T-LIGHTS WEDDING CAKE
22062,682.01,4.9799999999999995,677.03,0.007301945719270978,CERAMIC BOWL WITH LOVE HEART DESIGN
22403,689.67,15,674.67,0.021749532385053724,MAGNETS PACK OF 4 VINTAGE LABELS
84659A,676.27,2.55,673.72,0.003770683306963195,WHITE TRAVEL ALARM CLOCK
22267,673.17,-0,673.17,-0,EASTER DECORATION EGG BUNNY
47591d,672.24,-0,672.24,-0,PINK FAIRY CAKE CHILDRENS APRON
21261,672.09,-0,672.09,-0,GREEN GOOSE FEATHER CHRISTMAS TREE
37475,671.93,-0,671.93,-0,SET/4 COLOURFUL MIXING BOWLS
84923,671.62,-0,671.62,-0,PINK BUTTERFLY HANDBAG W BOBBLES
20704,697.7,27.8,669.9000000000001,0.03984520567579189,MR ROBOT SOFT TOY
23597,684.97,17.700000000000003,667.27,0.02584054776121582,PAPER BUNTING PAISLEY PARK
22339,683.3100000000001,16.93,666.3800000000001,0.024776455781416924,CHRISTMAS TREE PAINTED ZINC
23120,695.41,30.240000000000002,665.17,0.04348513826375808,PACK OF 6 SMALL FRUIT STRAWS
47574A,665.95,1.5,664.45,0.0022524213529544258,ENGLISH ROSE SCENTED HANGING FLOWER
20767,663.7099999999999,-0,663.7099999999999,-0,BLUE PAISLEY JOURNAL
40001,675.2299999999999,12.16,663.0699999999999,0.018008678524354668,WHITE BAMBOO RIBS LAMPSHADE
23024,667.85,4.98,662.87,0.007456764243467845,LARGE BONNE JAM JAR  T-LIGHT HOLDER
21613,661.9300000000001,-0,661.9300000000001,-0,S/12 VANILLA  BOTANICAL T-LIGHTS
23547,661.5,-0,661.5,-0,WRAP FLOWER SHOP
23482,661.02,-0,661.02,-0,PEARLISED IVORY HEART LARGE
23428,675.91,16.3,659.61,0.024115636697193417,IVORY RETRO KITCHEN WALL CLOCK
18098C,658.75,-0,658.75,-0,PORCELAIN BUTTERFLY OIL BURNER
72349b,658.51,-0,658.51,-0,SET/6 PURPLE BUTTERFLY T-LIGHTS
22450,661.11,3.35,657.76,0.005067235407118331,SILK PURSE BABUSHKA BLUE
22756,656.52,-0,656.52,-0,LARGE YELLOW BABUSHKA NOTEBOOK
22448,656.4300000000001,-0,656.4300000000001,-0,PIN CUSHION BABUSHKA RED
22615,660.7299999999999,4.68,656.05,0.00708307478092413,PACK OF 12 CIRCUS PARADE TISSUES
85199L,663.4300000000001,8.450000000000001,654.98,0.012736837345311487,LARGE HANGING IVORY & RED WOOD BIRD
21696,690.1000000000001,35.400000000000006,654.7000000000002,0.051296913490798436,SMALL SILVER TRELLIS CANDLEPOT
46776A,651.95,-0,651.95,-0,WOVEN BUBBLE GUM CUSHION COVER
21187,651.75,-0,651.75,-0,WHITE BELL HONEYCOMB PAPER GARLAND
22535,671.01,20.16,650.85,0.030044261635445074,MAGIC DRAWING SLATE BUNNIES
22204,669.54,18.75,650.79,0.028004301460704366,MILK PAN BLUE POLKADOT
22525,648.97,-0,648.97,-0,CHILDRENS GARDEN GLOVES PINK
22953,647.11,-0,647.11,-0,BIRTHDAY PARTY CORDON BARRIER TAPE
22715,645.64,-0,645.64,-0,CARD WEDDING DAY
23042,711.51,66.5,645.01,0.09346319798737895,PAPER LANTERN 7 POINT SNOW STAR
84789,644.47,-0,644.47,-0,ENCHANTED BIRD PLANT CAGE
85177,645.06,0.85,644.2099999999999,0.001317706879980157,BASKET OF FLOWERS SEWING KIT
21640,644.03,-0,644.03,-0,ASSORTED TUTTI FRUTTI  FOB NOTEBOOK
17021,643.14,-0,643.14,-0,NAMASTE SWAGAT INCENSE
21808,641.58,-0,641.58,-0,"CHRISTMAS GARLAND STARS,TREES"
21446,640.92,-0,640.92,-0,12 RED ROSE PEG PLACE SETTINGS
35810A,640.92,-0,640.92,-0,ENAMEL PINK COFFEE CONTAINER
20658,653.36,15,638.36,0.022958246602179502,RED RETROSPOT LUGGAGE TAG
23224,649.02,11.62,637.4,0.01790391667437059,CHERUB HEART DECORATION GOLD
22533,646.49,10.08,636.41,0.01559188850562267,MAGIC DRAWING SLATE BAKE A CAKE
22067,645.2199999999999,9.1,636.1199999999999,0.014103716561792878,CHOC TRUFFLE GOLD TRINKET POT
23492,635.38,-0,635.38,-0,VINTAGE JINGLE BELLS WREATH
21054,634.53,-0,634.53,-0,NURSE'S BAG SOFT TOY
84086C,634.07,-0,634.07,-0,PINK/PURPLE RETRO RADIO
84817,710.64,77.7,632.9399999999999,0.10933806146572105,DANISH ROSE DECORATIVE PLATE
23453,631.5799999999999,-0,631.5799999999999,-0,OVAL  MINI PORTRAIT FRAME
23216,630.73,-0,630.73,-0,LAUREL HEART ANTIQUE GOLD
21747,645.61,15,630.61,0.02323384086367931,SMALL SKULL WINDMILL
72232,630.23,-0,630.23,-0,FENG SHUI PILLAR CANDLE
84596L,629.8,-0,629.8,-0,BISCUITS SMALL BOWL LIGHT BLUE
23019,629.0500000000001,-0,629.0500000000001,-0,SMALL APOTHECARY MEASURING JAR
23027,627.95,-0,627.95,-0,DRAWER KNOB VINTAGE GLASS HEXAGON
21417,629.8000000000001,2.1,627.7,0.0033343918704350586,COCKLE SHELL DISH
23471,626.74,-0,626.74,-0,SIX DRAWER OFFICE TIDY
22559,626.53,-0,626.53,-0,SEASIDE FLYING DISC
21205,677.1899999999999,51,626.1899999999999,0.07531121251052142,MULTICOLOUR 3D BALLS GARLAND
23456,634.1,8.3,625.8000000000001,0.01308941807285917,MEDIUM PARLOUR PICTURE FRAME
20735,625.8,-0,625.8,-0,BLACK MINI TAPE MEASURE
21351,672.88,47.25,625.63,0.07022054452502675,CINAMMON & ORANGE WREATH
21865,625.23,-0,625.23,-0,PINK UNION JACK  PASSPORT COVER
22269,622.74,-0,622.74,-0,EGG CUP NATURAL CHICKEN
22035,622.36,-0,622.36,-0,VINTAGE CARAVAN GREETING CARD
21684,622.3,-0,622.3,-0,SMALL MEDINA STAMPED METAL BOWL
20840,632.3199999999999,10.2,622.1199999999999,0.01613107287449393,FRENCH FLORAL CUSHION COVER
22520,622.0999999999999,-0,622.0999999999999,-0,CHILDS GARDEN TROWEL BLUE
79163,626.55,5.16,621.39,0.00823557577208523,BLACK CHAMPAGNE GLASS
22105,847.8199999999999,228,619.8199999999999,0.2689250076667217,MIRROR MOSAIC GOBLET CANDLE HOLDER
84637,619.59,-0,619.59,-0,KITCHEN FLOWER POTS WALL PLAQUE
22396,634.43,15,619.43,0.023643270337153036,MAGNETS PACK OF 4 RETRO PHOTO
21473,618.66,-0,618.66,-0,SWEETHEART CREAM STEEL TABLE RECT
20772,621.1899999999999,2.55,618.64,0.004105024227692011,GARDEN PATH JOURNAL
22288,618.2,-0,618.2,-0,HANGING METAL RABBIT DECORATION
21426,624.58,8.4,616.1800000000001,0.013449037753370264,WOODLAND STORAGE BOX SMALL
23180,621.09,4.95,616.14,0.007969859440660775,MUM'S KITCHEN CLOCK
23408,644.8000000000001,29.12,615.6800000000001,0.04516129032258064,PHOTO FRAME LINEN AND LACE SMALL
21784,633.0699999999999,19.9,613.17,0.03143412260887422,SHOE SHINE BOX
21171,613.14,-0,613.14,-0,BATHROOM METAL SIGN
23018,612.16,-0,612.16,-0,LARGE APOTHECARY MEASURING JAR
22420,611.72,-0,611.72,-0,LIPSTICK PEN BABY PINK
20764,610.81,-0,610.81,-0,ABSTRACT CIRCLES SKETCHBOOK
22021,610.4499999999999,-0,610.4499999999999,-0,BLUE FELT EASTER EGG BASKET
22116,620.42,10.2,610.2199999999999,0.016440475806711582,METAL SIGN HIS DINNER IS SERVED
22194,625.6899999999999,17,608.6899999999999,0.02717000431523598,BLACK DINER WALL CLOCK
85170C,608.53,-0,608.53,-0,SET/6 EAU DE NIL BIRD T-LIGHTS
21769,607.6500000000001,-0,607.6500000000001,-0,VINTAGE POST OFFICE CABINET
21709,607.23,-0,607.23,-0,FOLDING UMBRELLA CHOCOLATE POLKADOT
72598,605.89,-0,605.89,-0,SET/12 TAPER CANDLES
22515,608.95,4.2,604.75,0.006897117989982757,CHILDS GARDEN SPADE PINK
23520,604.3,-0,604.3,-0,EMBROIDERED RIBBON REEL RUBY
23425,621.44,17.43,604.0100000000001,0.028047760041194643,STORAGE TIN HOME SWEET HOME
22255,602.63,-0,602.63,-0,FELT TOADSTOOL  SMALL
21159,602.18,-0,602.18,-0,MOODY BOY  DOOR HANGER
21448,600.8699999999999,-0,600.8699999999999,-0,12 DAISY PEGS IN WOOD BOX
22359,608.72,8.850000000000001,599.87,0.014538704166119071,GLASS JAR KINGS CHOICE
20932,628.7900000000001,29.5,599.2900000000001,0.046915504381430995,PINK POT PLANT CANDLE
21014,598.8199999999999,-0,598.8199999999999,-0,SWISS CHALET TREE DECORATION
84800L,639.36,40.56,598.8,0.06343843843843844,LARGE WHITE/PINK ROSE ART FLOWER
22266,596.5,-0,596.5,-0,EASTER DECORATION HANGING BUNNY
22057,667.92,71.52,596.4,0.10707869205892921,CERAMIC PLATE STRAWBERRY DESIGN
22642,596.36,-0,596.36,-0,SET OF 4 NAPKIN CHARMS STARS
17012B,595.85,-0,595.85,-0,ORIGAMI JASMINE INCENSE/CANDLE SET
85141,635.74,40.55,595.19,0.06378393682952149,JARDIN ETCHED GLASS FRUITBOWL
21292,594.51,-0,594.51,-0,SMALL STRIPES CHOCOLATE GIFT BAG
21253,593.37,-0,593.37,-0,SET OF PICTURE FRAME  STICKERS
22247,593.14,-0,593.14,-0,BUNNY DECORATION MAGIC GARDEN
23377,593.62,3.12,590.5,0.005255887604865065,PACK OF 12 DOLLY GIRL TISSUES
85017B,600.29,10.2,590.0899999999999,0.016991787302803645,ENVELOPE 50 BLOSSOM IMAGES
21015,590.13,1.16,588.97,0.0019656685814989916,DARK BIRD HOUSE TREE DECORATION
23499,587.49,-0,587.49,-0,SET 12 VINTAGE DOILY CHALK
85180B,587.2,-0,587.2,-0,PINK HEARTS LIGHT CHAIN
85144,586.6,-0,586.6,-0,JARDIN ETCHED GLASS CHEESE DISH
84748,585.86,-0,585.86,-0,FOLK FELT HANGING MULTICOL GARLAND
21576,585.34,-0,585.34,-0,LETS GO SHOPPING COTTON TOTE BAG
22096,586.82,2.34,584.48,0.003987594151528578,PINK PAISLEY SQUARE TISSUE BOX
22319,587.86,3.9000000000000004,583.96,0.006634232640424591,HAIRCLIPS FORTIES FABRIC ASSORTED
85036B,609.43,25.5,583.93,0.041842377303381854,CHOCOLATE 1 WICK MORRIS BOX CANDLE
20866,710.95,127.2,583.75,0.17891553555102327,BLUE ROSE FABRIC MIRROR
22703,583.33,-0,583.33,-0,PINK CAT BOWL
84625A,605.48,23.3,582.1800000000001,0.03848186562727093,PINK NEW BAROQUECANDLESTICK CANDLE
20832,582.03,0.85,581.18,0.0014604058210057902,RED FLOCK LOVE HEART PHOTO FRAME
23537,581.13,-0,581.13,-0,WALL ART I LOVE LONDON
21096,581.0899999999999,-0,581.0899999999999,-0,SET/6 FRUIT SALAD  PAPER PLATES
85136A,580.36,-0,580.36,-0,YELLOW SHARK HELICOPTER
23565,586.31,6.25,580.06,0.010659889819378827,EGG CUP MILKMAID HELGA
35971,600.93,21.25,579.68,0.035361855790191875,ROSE FOLKART HEART DECORATIONS
20702,577.79,-0,577.79,-0,PINK PADDED MOBILE
23125,574.88,-0,574.88,-0,6PC WOOD PLATE SET DISPOSABLE
22337,574.5400000000001,-0,574.5400000000001,-0,ANGEL DECORATION PAINTED ZINC
22233,607.73,33.589999999999996,574.14,0.055271255327201216,JIGSAW RABBIT AND BIRDHOUSE
22820,575.4200000000001,1.3,574.1200000000001,0.002259219352820548,GIFT BAG BIRTHDAY
22260,577.4399999999999,3.4,574.04,0.005888057633693544,FELT EGG COSY BLUE RABBIT
84754,725.52,152.64000000000001,572.88,0.21038703274892492,S/15 SILVER GLASS BAUBLES IN BAG
21468,572.23,-0,572.23,-0,BUTTERFLY CROCHET FOOD COVER
22825,584.37,13.5,570.87,0.023101801940551364,DECORATIVE PLANT POT WITH FRIEZE
47310M,570.45,-0,570.45,-0,SMALL POP BOX FUNKY MONKEY
23455,569.4300000000001,-0,569.4300000000001,-0,SMALL PARLOUR PICTURE FRAME
85130D,569.29,-0,569.29,-0,BEADED CRYSTAL HEART PINK LARGE
21251,568.98,-0,568.98,-0,DINOSAUR HEIGHT CHART STICKER SET
23069,568.71,-0,568.71,-0,EDWARDIAN PHOTO FRAME
85161,568.65,-0,568.65,-0,ACRYLIC GEOMETRIC LAMP
23219,568.6,-0,568.6,-0,LAUREL STAR ANTIQUE SILVER
84796A,568.13,-0,568.13,-0,PINK HAWAIIAN PICNIC HAMPER FOR 2
23381,567.9499999999999,-0,567.9499999999999,-0,PACK OF 12 VINTAGE LEAF TISSUES
21488,566.1700000000001,-0,566.1700000000001,-0,RED WHITE SCARF  HOT WATER BOTTLE
22482,565.86,-0,565.86,-0,BLUE TEA TOWEL CLASSIC DESIGN
85019A,564.35,-0,564.35,-0,ROMANTIC IMAGES NOTEBOOK SET
21581,590.67,27,563.67,0.045710802986439134,SKULLS  DESIGN  COTTON TOTE BAG
21675,573.36,10.2,563.16,0.01778987023859355,BUTTERFLIES STICKERS
23272,562.2199999999999,-0,562.2199999999999,-0,TREE T-LIGHT HOLDER WILLIE WINKIE
22272,564.9200000000001,2.95,561.97,0.005221978333215322,FELTCRAFT DOLL MARIA
84569D,561.87,-0,561.87,-0,PACK 6 HEART/ICE-CREAM PATCHES
21219,561.84,-0,561.84,-0,SET/4 BADGES BALLOON GIRL
84912A,560.62,-0,560.62,-0,PINK ROSE WASHBAG
85016,560.11,-0,560.11,-0,SET OF 6 VINTAGE NOTELETS KIT
21264,575.55,15.6,559.9499999999999,0.027104508730779256,WHITE GOOSE FEATHER TREE 60CM
85163A,559,-0,559,-0,WHITE BAROQUE WALL CLOCK
21849,558.83,-0,558.83,-0,SILVER DIAMANTE PEN IN GIFT BOX
23451,558.12,-0,558.12,-0,SQUARE MINI PORTRAIT FRAME
21662,557.3000000000001,-0,557.3000000000001,-0,VINTAGE GLASS COFFEE CADDY
85025B,558.42,1.65,556.77,0.002954765230471688,EAU DE NILE HEART SHAPE PHOTO FRAME
85187,556.53,-0,556.53,-0,S/12 MINI RABBIT EASTER
23016,575.25,19.950000000000003,555.3,0.034680573663624516,GLASS TWIST BON BON JAR
23457,554.83,-0,554.83,-0,LARGE PARLOUR PICTURE FRAME
84951B,554.78,-0,554.78,-0,SET OF 4 BLACK LOVEBIRD COASTERS
85032D,561.34,7.800000000000001,553.5400000000001,0.013895321908290875,YULETIDE IMAGES GIFT WRAP SET
35599D,553.07,-0,553.07,-0,PINK AND WHITE CHRISTMAS TREE 120CM
23473,552.85,-0,552.85,-0,WOODLAND SMALL RED FELT HEART
17129F,553.8299999999999,1.7,552.1299999999999,0.003069533972518643,BLUE GLASS GEMS IN BAG
21638,551.96,-0,551.96,-0,ASSORTED TUTTI FRUTTI NOTEBOOK
21194,558.07,6.5,551.57,0.011647284390847026,PINK  HONEYCOMB PAPER FAN
35599B,551.13,-0,551.13,-0,BLACK CHRISTMAS TREE 120CM
22102,831.84,280.8,551.04,0.33756491633006347,MIRROR MOSAIC T-LIGHT HOLDER
17012D,550.64,-0,550.64,-0,ORIGAMI ROSE INCENSE/CANDLE SET
22903,550.6,-0,550.6,-0,CALENDAR FAMILY FAVOURITES
21397,550.43,-0,550.43,-0,BLUE POLKADOT EGG CUP
22232,604.4599999999999,54.72,549.7399999999999,0.0905270820236244,JIGSAW TOADSTOOLS 3 PIECE
85172,583.12,34.02,549.1,0.05834133626011799,HYACINTH BULB T-LIGHT CANDLES
23549,548.1,-0,548.1,-0,WRAP BIRD GARDEN
47563A,552.76,5,547.76,0.009045517041754107,RETRO LONGBOARD IRONING BOARD COVER
23484,547.35,-0,547.35,-0,HEART TRELLIS TRIPLE T-LIGHT HOLDER
21128,546.6,-0,546.6,-0,GOLD FISHING GNOME
71279,561.32,14.75,546.57,0.026277346255255466,PINK GLASS CANDLEHOLDER
85107,546.49,-0,546.49,-0,CUT GLASS T-LIGHT HOLDER OCTAGON
22261,549.81,3.4,546.41,0.006183954456994235,FELT EGG COSY WHITE RABBIT
90062,558.03,12.75,545.28,0.02284823396591581,CARNIVAL BRACELET
22513,543.65,-0,543.65,-0,DOORSTOP FOOTBALL DESIGN
23043,543.51,-0,543.51,-0,PAPER LANTERN 9 POINT HOLLY STAR L
23074,555.59,12.48,543.11,0.02246260731834626,EMBOSSED HEART TRINKET BOX
22023,543.76,5.04,538.72,0.009268795056642637,EMPIRE BIRTHDAY CARD
23398,538.75,0.85,537.9,0.0015777262180974477,HANGING HEART BONHEUR
20893,611.57,75.60000000000001,535.97,0.12361626633091878,HANGING BAUBLE T-LIGHT HOLDER SMALL
22717,535.78,-0,535.78,-0,CARD DOG AND BALL
84951A,553.8,18.96,534.8399999999999,0.03423618634886241,SET OF 4 PISTACHIO LOVEBIRD COASTER
85114c,534.66,-0,534.66,-0,RED ENCHANTED FOREST PLACEMAT
22521,533.16,-0,533.16,-0,CHILDS GARDEN TROWEL PINK
35965,551.13,18.96,532.17,0.03440204670404442,FOLKART HEART NAPKIN RINGS
22543,531.64,-0,531.64,-0,MINI JIGSAW BAKE A CAKE
85088,534.83,4.2,530.63,0.007852962623637418,CANDY SPOT HAND BAG
17012F,530.6,-0,530.6,-0,ORIGAMI SANDLEWOOD INCENSE/CAND SET
35241,530.49,-0,530.49,-0,ENAMEL BLUE RIM BISCUIT BIN
21270,530.19,-0,530.19,-0,ANTIQUE CREAM CUTLERY CUPBOARD
75131,529.21,-0,529.21,-0,METAL TUBE CHIME ON BAMBOO
22709,528.5,-0,528.5,-0,WRAP WEDDING DAY
23060,528.1700000000001,-0,528.1700000000001,-0,HEART BEADED TRELLIS DECORATION
22707,527.94,-0,527.94,-0,WRAP MONSTER FUN
22275,527.85,-0,527.85,-0,WEEKEND BAG VINTAGE ROSE PAISLEY
21277,571.43,43.9,527.53,0.07682480793798016,FRENCH STYLE EMBOSSED HEART CABINET
82613D,535.49,8.4,527.09,0.01568656744290276,METAL SIGN CUPCAKE SINGLE HOOK
22496,538.0600000000001,11.8,526.2600000000001,0.021930639705609038,SET OF 2 ROUND TINS DUTCH CHEESE
20785,523.3000000000001,-0,523.3000000000001,-0,FUSCHIA RETRO BAR STOOL
22861,522.93,-0,522.93,-0,EASTER TIN CHICKS IN GARDEN
23336,521.33,-0,521.33,-0,EGG FRYING PAN PINK
85131B,521.11,-0,521.11,-0,BEADED CRYSTAL HEART GREEN ON STICK
85025C,522.56,1.65,520.91,0.003157532149418249,PINK HEART SHAPE PHOTO FRAME
84313B,518.61,-0,518.61,-0,BLUE TV TRAY TABLE
21059,528.23,10.2,518.03,0.019309770365181833,PARTY INVITES DINOSAURS
20761,517.22,-0,517.22,-0,BLUE PAISLEY SKETCHBOOK
85104,525.75,8.850000000000001,516.9,0.01683309557774608,SILVER GLASS T-LIGHT SET
85135B,524.5500000000001,7.95,516.6,0.015155847869602515,BLUE DRAGONFLY HELICOPTER
21801,530.26,15.12,515.14,0.02851431373288575,CHRISTMAS TREE DECORATION WITH BELL
21711,513.02,-0,513.02,-0,FOLDING UMBRELLA WHITE/RED POLKADOT
22216,512.93,-0,512.93,-0,T-LIGHT HOLDER WHITE LACE
23139,530.15,17.4,512.75,0.032820899745355084,SINGLE WIRE HOOK PINK HEART
23136,511.89,-0,511.89,-0,IVORY WIRE SWEETHEART LETTER TRAY
22280,510.84,-0,510.84,-0,POCKET BAG PINK PAISELY BROWN SPOT
84352,577.35,67.8,509.55,0.11743309950636528,SILVER CHRISTMAS TREE BAUBLE STAND
21654,509.36,-0,509.36,-0,RIDGED GLASS FINGER BOWL
72819,509.07,-0,509.07,-0,CUPID DESIGN SCENTED CANDLES
22248,525.9399999999999,17,508.93999999999994,0.03232307867817622,DECORATION  PINK CHICK MAGIC GARDEN
84520B,508.36999999999995,-0,508.36999999999995,-0,PACK 20 ENGLISH ROSE PAPER NAPKINS
23660,534.66,26.4,508.26,0.049377174278981036,HENRIETTA HEN MUG
84665,624.75,119,505.75,0.19047619047619047,SQUARE CHERRY BLOSSOM CABINET
21455,516.79,11.049999999999999,505.73999999999995,0.021381992685616982,PAINTED YELLOW WOODEN DAISY
20998,505.20000000000005,-0,505.20000000000005,-0,ROSE DU SUD OVEN GLOVE
23021,504.97,-0,504.97,-0,GLASS BONNE JAM JAR
22127,504.88,-0,504.88,-0,PARTY CONES CARNIVAL ASSORTED
84509C,502.69,-0,502.69,-0,SET OF 4 POLKADOT PLACEMATS
23560,502.07,-0,502.07,-0,SET OF 6 RIBBONS COUNTRY STYLE
21710,501.98,-0,501.98,-0,FOLDING UMBRELLA PINKWHITE POLKADOT
20766,501.07,-0,501.07,-0,GARDEN PATH SKETCHBOOK
20681,506.96,6.5,500.46,0.012821524380621745,PINK POLKADOT CHILDRENS UMBRELLA
82616C,501.44,3.75,497.69,0.007478462029355456,MIDNIGHT GLAMOUR SCARF KNITTING KIT
22618,671.53,174.18,497.34999999999997,0.2593778386669248,COOKING SET RETROSPOT
22516,496.99,-0,496.99,-0,CHILDS GARDEN RAKE BLUE
84970s,496.49,-0,496.49,-0,HANGING HEART ZINC T-LIGHT HOLDER
23117,501.23,4.95,496.28000000000003,0.009875705763821,POPPY FIELDS CHOPPING BOARD
21925,503.75,7.5,496.25,0.01488833746898263,UNION STRIPE CUSHION COVER
21972,499.08,2.9,496.18,0.005810691672677727,SET OF 36 DINOSAUR PAPER DOILIES
84625C,536.41,41.65,494.76,0.07764583061464178,BLUE NEW BAROQUE CANDLESTICK CANDLE
21358,494.54,-0,494.54,-0,TOAST ITS - HAPPY BIRTHDAY
82616B,505.69,11.25,494.44,0.022246831062508653,FRAPPUCINO SCARF KNITTING KIT
82613B,501.49,8.4,493.09000000000003,0.01675008474745259,"METAL SIGN,CUPCAKE SINGLE HOOK"
46776C,492.79,-0,492.79,-0,WOVEN FROST CUSHION COVER
85231G,501.27,8.5,492.77,0.016956929399325714,ORANGE SCENTED SET/9 T-LIGHTS
21926,509.9,17.5,492.4,0.03432045499117474,RED/CREAM STRIPE CUSHION COVER
35598D,493.01000000000005,0.65,492.36000000000007,0.0013184316748138982,PINK/WHITE CHRISTMAS TREE 60CM
22511,495.2,3.75,491.45,0.007572697899838449,RETROSPOT BABUSHKA DOORSTOP
23466,498.03,8.25,489.78,0.01656526715258117,TUSCAN VILLA DOVECOTE BIRD FEEDER
21632,489.74,-0,489.74,-0,VINTAGE PINK DECORATIVE PARASOL
35809A,488.89,-0,488.89,-0,ENAMEL PINK TEA CONTAINER
22050,498.5,10.5,488,0.02106318956870612,PINK PAISLEY ROSE GIFT WRAP
21202,487.11,-0,487.11,-0,DOLLY HONEYCOMB GARLAND
21867,486.5,-0,486.5,-0,PINK UNION JACK  LUGGAGE TAG
21454,486.01,-0,486.01,-0,PAINTED PINK RABBIT
84598,546.04,60.48,485.55999999999995,0.11076111640172881,BOYS ALPHABET IRON ON PATCHES
17012C,484.34999999999997,-0,484.34999999999997,-0,ORIGAMI LAVENDER INCENSE/CANDL SET
23218,483.03,-0,483.03,-0,LAUREL STAR ANTIQUE GOLD
21634,481.95,-0,481.95,-0,ASSORTED MINI MADRAS NOTEBOOK
23691,481.5,-0,481.5,-0,WRAP KEEP CALM BIRTHDAY
21587,480.75,-0,480.75,-0,COSY HOUR GIANT TUBE MATCHES
84687,504.43,23.8,480.63,0.04718196776559681,BEACH HUT SHELF W 3 DRAWERS
21741,480.17,-0,480.17,-0,COSY SLIPPER SHOES LARGE GREEN
22638,481.88,2.55,479.33,0.005291773885614676,SET OF 4 NAPKIN CHARMS CROWNS
22181,500.90999999999997,22.95,477.96,0.04581661376295143,SNOWSTORM PHOTO FRAME FRIDGE MAGNET
23422,477.89,-0,477.89,-0,PANTRY HOOK BALLOON WHISK
85049F,477.34,-0,477.34,-0,BABY BOOM RIBBONS
21067,506.65,29.380000000000003,477.27,0.057988749629922044,VINTAGE RED TEATIME MUG
84849B,478.83,1.69,477.14,0.0035294363343984295,FAIRY SOAP SOAP HOLDER
21472,476.41,-0,476.41,-0,LADYBIRD + BEE RAFFIA FOOD COVER
23561,476,-0,476,-0,SET OF 6 RIBBONS PARTY
85093,475.18,-0,475.18,-0,CANDY SPOT EGG WARMER HARE
90209C,480.5,6.300000000000001,474.2,0.013111342351716963,PINK ENAMEL+GLASS HAIR COMB
85194S,489.17,18.39,470.78000000000003,0.037594292372794734,HANGING SPRING FLOWER EGG SMALL
21366,470.17,-0,470.17,-0,MIRRORED WALL ART PHOTO FRAMES
20716,469.63,-0,469.63,-0,PARTY FOOD SHOPPER BAG
84929,637.5600000000001,168.49,469.07000000000005,0.2642731664470795,ASSTD FRUIT+FLOWERS FRIDGE MAGNETS
22230,480.91999999999996,13.53,467.39,0.028133577310155537,JIGSAW TREE WITH WATERING CAN
20707,468.39,1.25,467.14,0.002668716240739555,CRAZY DAISY HEART DECORATION
20615,466.99,-0,466.99,-0,BLUE POLKADOT PASSPORT COVER
20831,466.53000000000003,-0,466.53000000000003,-0,GOLD PHOTO FRAME
84917,466.3,-0,466.3,-0,WHITE HAND TOWEL WITH BUTTERFLY
23379,465.36,-0,465.36,-0,PACK OF 12 RED APPLE TISSUES
21374,463.79,-0,463.79,-0,MIRRORED WALL ART SKULLS
22517,462.33000000000004,-0,462.33000000000004,-0,CHILDS GARDEN RAKE PINK
84820,484.63,23.8,460.83,0.049109630027030934,DANISH ROSE TRINKET TRAYS
35598B,460.64000000000004,-0,460.64000000000004,-0,BLACK CHRISTMAS TREE 60CM
21003,460.58,-0,460.58,-0,ROSE DU SUD CUSHION COVER
22344,460.38,-0,460.38,-0,PARTY PIZZA DISH PINK POLKADOT
21063,458.30999999999995,-0,458.30999999999995,-0,PARTY INVITES JAZZ HEARTS
21062,458.22999999999996,-0,458.22999999999996,-0,PARTY INVITES SPACEMAN
84674,469.90000000000003,11.8,458.1,0.025111725899127475,FLYING PIG WATERING CAN
21220,457.51,-0,457.51,-0,SET/4 BADGES DOGS
17096,455.9800000000001,-0,455.9800000000001,-0,ASSORTED LAQUERED INCENSE HOLDERS
21851,454.99,-0,454.99,-0,LILAC DIAMANTE PEN IN GIFT BOX
22184,471.86,17,454.86,0.0360276353155597,CAKE STAND VICTORIAN FILIGREE LARGE
21415,454.42,-0,454.42,-0,CLAM SHELL SMALL
23023,457.61999999999995,3.3,454.31999999999994,0.007211223285695556,RIDGED BONNE JAM JAR T-LIGHT HOLDER
84920,453.73,-0,453.73,-0,PINK FLOWER FABRIC PONY
84916,453.39,-0,453.39,-0,HAND TOWEL PALE BLUE W FLOWERS
23509,452.72,-0,452.72,-0,MINI PLAYING CARDS FUN FAIR
21061,451.7,-0,451.7,-0,PARTY INVITES FOOTBALL
21641,451.59,-0,451.59,-0,ASSORTED TUTTI FRUTTI KEYRING BALL
23548,451.5,-0,451.5,-0,WRAP MAGIC FOREST
20838,461.45,10.2,451.25,0.022104236645357024,FRENCH LATTICE CUSHION COVER
48189,451.10999999999996,-0,451.10999999999996,-0,DOORMAT FRIENDSHIP
35004G,454.65,3.9,450.75,0.008578027053777632,SET OF 3 GOLD FLYING DUCKS
20803,478.72,28.56,450.16,0.059659090909090905,SMALL PINK GLASS SUNDAE DISH
84872A,450.08,-0,450.08,-0,TEATIME FUNKY FLOWER BACKPACK FOR 2
20770,449.8,-0,449.8,-0,ABSTRACT CIRCLE JOURNAL
22640,449.39,-0,449.39,-0,SET OF 4 NAPKIN CHARMS 3 KEYS
22647,466.18,17.4,448.78000000000003,0.037324638551632414,CERAMIC LOVE HEART MONEY BANK
20669,447.34,-0,447.34,-0,RED HEART LUGGAGE TAG
21365,447.09000000000003,-0,447.09000000000003,-0,MIRRORED WALL ART STARS
22390,445.44,-0,445.44,-0,PAPERWEIGHT CHILDHOOD MEMORIES
22643,445.16999999999996,-0,445.16999999999996,-0,SET OF 4 NAPKIN CHARMS LEAVES
21656,444.58,-0,444.58,-0,RIDGED GLASS POSY VASE
21580,444.07,-0,444.07,-0,RABBIT  DESIGN  COTTON TOTE BAG
22598,447.35999999999996,5.1,442.25999999999993,0.011400214592274678,CHRISTMAS MUSICAL ZINC TREE
20903,441.89,-0,441.89,-0,VINTAGE KEEPSAKE BOX TRAVELOGUE
20768,441.12,-0,441.12,-0,GREEN FERN JOURNAL
85111,441.07,-0,441.07,-0,SILVER GLITTER FLOWER VOTIVE HOLDER
35637A,440.62,-0,440.62,-0,IVORY STRING CURTAIN WITH POLE
20619,439.65,-0,439.65,-0,TROPICAL PASSPORT COVER
21828,439.54,-0,439.54,-0,EIGHT PIECE SNAKE  SET
84600,446.89,7.95,438.94,0.017789612656358388,NEW BAROQUE JEWELLERY BOX
85130C,438.87,-0,438.87,-0,BEADED CRYSTAL HEART BLUE  LARGE
85169C,452.86,15,437.86,0.03312281941438855,EAU DE NIL LOVE BIRD CANDLE
82613C,444.63,8.4,436.23,0.018892112543013293,"METAL SIGN,CUPCAKE SINGLE HOOK"
17107D,436.04999999999995,-0,436.04999999999995,-0,"FLOWER FAIRY,5 SUMMER B'DRAW LINERS"
23044,435.74,-0,435.74,-0,PAPER LANTERN 9 POINT HOLLY STAR S
22545,436.09,0.42,435.66999999999996,9.631039464330758e-4,MINI JIGSAW BUNNIES
84976,446.15000000000003,11.06,435.09000000000003,0.024789868878179983,RECTANGULAR SHAPED MIRROR
84360,434.12,-0,434.12,-0,TABLE LAMP WHITE SHADE WOOD BASE
35653,433.19,-0,433.19,-0,VINTAGE BEAD NOTEBOOK
85168B,432.78999999999996,-0,432.78999999999996,-0,BLACK BAROQUE CARRIAGE CLOCK
22389,641.55,210,431.54999999999995,0.32733224222585927,PAPERWEIGHT SAVE THE PLANET
23058,430.86,-0,430.86,-0,CHRISTMAS HANGING SNOWFLAKE
22229,432.46,1.7,430.76,0.003930999398788327,BUNNY WOODEN PAINTED WITH FLOWER
21002,428.66,-0,428.66,-0,ROSE DU SUD DRAWSTRING BAG
77101A,428.19000000000005,-0,428.19000000000005,-0,UNION FLAG WINDSOCK
85071C,428,-0,428,-0,"CHARLIE+LOLA""EXTREMELY BUSY"" SIGN"
21758,427.46000000000004,-0,427.46000000000004,-0,VINTAGE SHELLS PRINT
20705,428.85,1.95,426.90000000000003,0.004547044421126268,MRS ROBOT SOFT TOY
84658,426.13,-0,426.13,-0,WHITE STITCHED CUSHION COVER
21088,428.28000000000003,2.2800000000000002,426.00000000000006,0.005323620061641917,SET/6 FRUIT SALAD PAPER CUPS
72799F,424.08000000000004,-0,424.08000000000004,-0,IVORY PILLAR CANDLE GOLD FLOCK
84931B,431.72999999999996,7.6499999999999995,424.08,0.017719407963310403,BLUE SCOTTIE DOG W FLOWER PATTERN
20765,423.55,-0,423.55,-0,CHRYSANTHEMUM SKETCHBOOK
90200E,423.41,-0,423.41,-0,GREEN SWEETHEART BRACELET
90154,421.75,-0,421.75,-0,LAZER CUT NECKLACE W PASTEL BEADS
85136C,421.18,-0,421.18,-0,RED SHARK HELICOPTER
20762,420.08,-0,420.08,-0,GREEN FERN SKETCHBOOK
22051,420,-0,420,-0,BLUE SCANDINAVIAN PAISLEY WRAP
22134,419.41999999999996,-0,419.41999999999996,-0,MINI LADLE LOVE HEART RED
85208,419.01,-0,419.01,-0,SET/12 FUNKY FELT FLOWER PEG IN BAG
84970l,418.98,-0,418.98,-0,SINGLE HEART ZINC T-LIGHT HOLDER
90114,417.96,-0,417.96,-0,SUMMER DAISIES BAG CHARM
22405,417.86,1.06,416.8,0.0025367347915569807,MONEY BOX POCKET MONEY DESIGN
22214,416.59999999999997,-0,416.59999999999997,-0,CANDLE PLATE LACE WHITE
21147,415.77,-0,415.77,-0,JINGLE BELLS TREE DECORATION
22108,415.09000000000003,-0,415.09000000000003,-0,PING! MICROWAVE PLATE
23045,497.98,83,414.98,0.1666733603759187,PAPER LANTERN 5 POINT STAR MOON
21817,414.63,-0,414.63,-0,GLITTER CHRISTMAS TREE
84616,504.32,89.85,414.47,0.17816069162436549,SILVER ROCCOCO CHANDELIER
21884,413.76,-0,413.76,-0,CAKES AND BOWS GIFT  TAPE
90161C,412.74,-0,412.74,-0,ANT COPPER LIME BOUDICCA BRACELET
15056p,412.48,-0,412.48,-0,EDWARDIAN PARASOL PINK
84596E,412.1,-0,412.1,-0,SMALL LICORICE DES PINK BOWL
84806B,411.55999999999995,-0,411.55999999999995,-0,WHITE CANDYSTUFT ARTIFICIAL FLOWER
22447,410.81,-0,410.81,-0,PIN CUSHION BABUSHKA BLUE
85203,409.41,-0,409.41,-0,HANGING WOOD AND FELT BUTTERFLY
21318,425.08,16.709999999999997,408.37,0.03931024748282676,GLASS CHALICE BLUE SMALL
20830,409.83,2.1,407.72999999999996,0.005124075836322378,SILVER PHOTO FRAME
84821,417.34999999999997,10.2,407.15,0.024439918533604887,DANISH ROSE DELUXE COASTER
22510,406.49,-0,406.49,-0,GINGHAM BABUSHKA DOORSTOP
21129,419.52000000000004,13.9,405.62000000000006,0.033133104500381386,SILVER FISHING GNOME
35964,405.25,-0,405.25,-0,FOLKART CLIP ON STARS
23339,405,-0,405,-0,EGG FRYING PAN BLUE
16219,407.71999999999997,2.88,404.84,0.007063671146865496,HOUSE SHAPE PENCIL SHARPENER
23415,412.17999999999995,8.25,403.92999999999995,0.020015527196855745,HOME SWEET HOME HOOK
22406,403.46,1.25,402.21,0.003098200565111783,MONEY BOX KINGS CHOICE DESIGN
23576,400.03999999999996,-0,400.03999999999996,-0,SNACK TRAY RED VINTAGE DOILY
23429,400.01,-0,400.01,-0,RED RETRO KITCHEN WALL CLOCK
37476,399.02,-0,399.02,-0,CONDIMENT TRAY 4 BOWLS AND 4 SPOONS
21285,413.88,15.600000000000001,398.28,0.03769208466222094,RETROSPOT CANDLE  MEDIUM
21131,398.02,-0,398.02,-0,GOLD STANDING GNOME
84974,398,-0,398,-0,S/2 ZINC HEART DESIGN PLANTERS
18007,395.61,-0,395.61,-0,ESSENTIAL BALM 3.5g TIN IN ENVELOPE
47421,395.09999999999997,-0,395.09999999999997,-0,ASSORTED COLOUR LIZARD SUCTION HOOK
22256,394.15,-0,394.15,-0,FELT FARM ANIMAL CHICKEN
20867,393.46999999999997,-0,393.46999999999997,-0,PINK ROSE FABRIC MIRROR
23116,392.34000000000003,-0,392.34000000000003,-0,VEGETABLE GARDEN CHOPPING BOARD
21579,414.21999999999997,22.5,391.71999999999997,0.05431896093863165,LOLITA  DESIGN  COTTON TOTE BAG
23337,388.75,-0,388.75,-0,EGG FRYING PAN MINT
90200B,392.83,4.25,388.58,0.010818929307843088,BLACK SWEETHEART BRACELET
35095A,388.57,-0,388.57,-0,BLUE VICTORIAN FABRIC OVAL BOX
23150,390.75000000000006,2.49,388.26000000000005,0.0063723608445297505,IVORY SWEETHEART SOAP DISH
23039,399.71,11.7,388.01,0.029271221635685872,T-LIGHT HOLDER SILVER HEART HANDLE
21879,386.77000000000004,-0,386.77000000000004,-0,HEARTS GIFT TAPE
22345,399.62,15.299999999999999,384.32,0.03828637205345078,PARTY PIZZA DISH BLUE POLKADOT
21881,383.11,-0,383.11,-0,CUTE CATS TAPE
22048,393.5,10.5,383,0.026683608640406607,BIRTHDAY BANQUET GIFT WRAP
84919,381.78000000000003,-0,381.78000000000003,-0,BLUE CUSHION COVER WITH FLOWER
22346,381.65999999999997,-0,381.65999999999997,-0,PARTY PIZZA DISH GREEN POLKADOT
85179A,380.79,-0,380.79,-0,GREEN BITTY LIGHT CHAIN
21562,380.36,-0,380.36,-0,HAWAIIAN GRASS SKIRT
21373,389.04,9,380.04,0.02313386798272671,MIRRORED WALL ART SNOWFLAKES
16045,380,-0,380,-0,POPART WOODEN PENCILS ASST
46776D,378.29,-0,378.29,-0,WOVEN SUNSET CUSHION COVER
90161B,377.88,-0,377.88,-0,ANT COPPER TURQ BOUDICCA BRACELET
21051,377.2,-0,377.2,-0,RIBBONS PURSE
90160C,377.04,-0,377.04,-0,TURQ+RED BOUDICCA LARGE BRACELET
47367B,376.27000000000004,-0,376.27000000000004,-0,PAIR PADDED HANGERS PINK CHECK
17012A,375.93,-0,375.93,-0,ORIGAMI VANILLA INCENSE/CANDLE SET
84559A,375.60999999999996,-0,375.60999999999996,-0,3D SHEET OF DOG STICKERS
23459,412.5,37.5,375,0.09090909090909091,DOLLY CABINET 2 DRAWERS
21635,374.96,-0,374.96,-0,MADRAS NOTEBOOK LARGE
85232A,389.55,14.850000000000001,374.7,0.03812090874085484,SET/3 POLKADOT STACKING TINS
20782,373.57,-0,373.57,-0,CAMOUFLAGE EAR MUFF HEADPHONES
21945,373.34,-0,373.34,-0,STRAWBERRIES  DESIGN FLANNEL
16011,372.33,-0,372.33,-0,ANIMAL STICKERS
84915,372.33,-0,372.33,-0,HAND TOWEL PINK FLOWER AND DAISY
22486,446.45,76.5,369.95,0.1713517751147945,PLASMATRONIC LAMP
21689,369.87,-0,369.87,-0,SILVER VANILLA  FLOWER CANDLE POT
84563A,369.84000000000003,-0,369.84000000000003,-0,PINK & WHITE BREAKFAST TRAY
23575,367.34999999999997,-0,367.34999999999997,-0,SNACK TRAY PAISLEY PARK
22532,366.75,-0,366.75,-0,MAGIC DRAWING SLATE LEAP FROG
22265,366.15000000000003,-0,366.15000000000003,-0,EASTER DECORATION NATURAL CHICK
21000,365.09,-0,365.09,-0,ROSE DU SUD COSMETICS BAG
84663A,374.12,9.11,365.01,0.024350475783171174,GRASS HOPPER WOODEN WALL CLOCK
20854,386.32,23.099999999999998,363.21999999999997,0.059794988610478356,BLUE PATCH PURSE PINK HEART
23579,362.65,-0,362.65,-0,SNACK TRAY I LOVE LONDON
21286,362.12,-0,362.12,-0,RETROSPOT CANDLE  LARGE
21348,361.55999999999995,-0,361.55999999999995,-0,PINK SPOTS CHOCOLATE NESTING BOXES
16008,360.71,-0,360.71,-0,SMALL FOLDING SCISSOR(POINTED EDGE)
85049e,360.71,-0,360.71,-0,SCANDINAVIAN REDS RIBBONS
23661,393.59,32.99999999999999,360.59,0.08384359358723543,MILK MAIDS MUG
35954,359.6,-0,359.6,-0,SMALL FOLKART STAR CHRISTMAS DEC
21060,359.28999999999996,-0,359.28999999999996,-0,PARTY INVITES BALLOON GIRL
84563B,358.1,-0,358.1,-0,BLUE & WHITE BREAKFAST TRAY
90209B,357.74,-0,357.74,-0,GREEN ENAMEL+GLASS HAIR COMB
22100,356.46000000000004,-0,356.46000000000004,-0,SKULLS SQUARE TISSUE BOX
82095,356.11,-0,356.11,-0,HEART BUTTONS JEWELLERY BOX
85169B,356.06,-0,356.06,-0,BLACK LOVE BIRD CANDLE
84569A,355.84,-0,355.84,-0,PACK 3 IRON ON DOG PATCHES
21724,355.83,-0,355.83,-0,PANDA AND BUNNIES STICKER SHEET
85169D,356.08,1.25,354.83,0.0035104470905414514,PINK LOVE BIRD CANDLE
21001,354.14,-0,354.14,-0,ROSE DU SUD WASHBAG
37482P,354.03,-0,354.03,-0,CUBIC MUG PINK POLKADOT
21664,353.97,-0,353.97,-0,RIDGED GLASS STORAGE JAR CREAM LID
21723,353.47999999999996,-0,353.47999999999996,-0,ALPHABET HEARTS STICKER SHEET
23420,353.45,-0,353.45,-0,PANTRY HOOK TEA STRAINER
23421,353.36,-0,353.36,-0,PANTRY HOOK SPATULA
21222,353.19,-0,353.19,-0,SET/4 BADGES BEETLES
21263,356.96999999999997,3.9,353.07,0.010925287839314228,GREEN GOOSE FEATHER TREE 60CM
35095B,352.25,-0,352.25,-0,RED VICTORIAN FABRIC OVAL BOX
79030D,352.57,0.39,352.18,0.001106163315086366,TUMBLER BAROQUE
20652,350.61,-0,350.61,-0,BLUE POLKADOT LUGGAGE TAG
21555,350.46999999999997,-0,350.46999999999997,-0,CERAMIC STRAWBERRY TRINKET TRAY
22529,349.87,-0,349.87,-0,MAGIC DRAWING SLATE GO TO THE FAIR
21320,364.22,14.700000000000001,349.52000000000004,0.040360221843940475,GLASS CHALICE GREEN  LARGE
20934,424.46,75.3,349.15999999999997,0.177401875323941,SET/3 POT PLANT CANDLES
84924A,348.59,-0,348.59,-0,WAKE UP COCKEREL CALENDAR SIGN
21421,348.43,-0,348.43,-0,PORCELAIN ROSE LARGE
21197,382.96,34.65,348.31,0.09047942343847921,MULTICOLOUR  CONFETTI IN TUBE
21284,376.18,30.36,345.82,0.08070604497846776,RETROSPOT CANDLE  SMALL
20700,345.17,-0,345.17,-0,GREEN CAT FLORAL CUSHION COVER
47591B,344.78999999999996,-0,344.78999999999996,-0,SCOTTIES CHILDRENS APRON
85129D,343.99,-0,343.99,-0,BEADED CRYSTAL HEART PINK SMALL
22104,343.71,-0,343.71,-0,MIRROR MOSAIC CANDLE PLATE
35957,361.81,18.240000000000002,343.57,0.05041320029849922,SMALLFOLKART BAUBLE CHRISTMAS DEC
90149,342.76000000000005,-0,342.76000000000005,-0,SILVER FLOWR PINK SHELL NECKLACE
47559b,342.65,-0,342.65,-0,TEA TIME OVEN GLOVE
84826,391.93,51,340.93,0.13012527747301814,ASSTD DESIGN 3D PAPER STICKERS
20856,357.28999999999996,16.5,340.78999999999996,0.04618097343894316,DENIM PATCH PURSE PINK BUTTERFLY
21221,340.21999999999997,-0,340.21999999999997,-0,SET/4 BADGES CUTE CREATURES
21850,493.08,153,340.08,0.3102944755414943,BLUE  DIAMANTE PEN IN GIFT BOX
71270,338.73,-0,338.73,-0,PHOTO CLIP LINE
22547,338.23,0.84,337.39000000000004,0.0024835171333116514,MINI JIGSAW DINOSAUR
72122,336.73999999999995,-0,336.73999999999995,-0,COFFEE SCENT PILLAR CANDLE
84926E,334.76,-0,334.76,-0,FLOWERS TILE COASTER
23047,333.5,-0,333.5,-0,PAPER LANTERN 5 POINT SEQUIN STAR
85230B,333.2,-0,333.2,-0,CINNAMON SCENTED VOTIVE CANDLE
85213,334.03,0.85,333.17999999999995,0.0025446816154237645,MINI  ZINC GARDEN DECORATIONS
22259,332.84,-0,332.84,-0,FELT FARM ANIMAL HEN
84638,331.5,-0,331.5,-0,SMALL KITCHEN FLOWER POTS PLAQUE
21248,330.71999999999997,1.45,329.27,0.0043843734881470735,DOOR HANGER  MUM + DADS ROOM
90200A,328.44,-0,328.44,-0,PURPLE SWEETHEART BRACELET
21167,337.14,10.5,326.64,0.031144331731624845,WHITE SAGE INCENSE
84708B,326.35,-0,326.35,-0,PINK JEWELLED PHOTO FRAME
85204,325.96,0.12,325.84,3.6814333046999634e-4,HANGING WOOD AND FELT FLOWER
23037,325.15999999999997,-0,325.15999999999997,-0,CANDLE HOLDER SILVER MADELINE
84247E,392.94000000000005,67.85000000000001,325.09000000000003,0.17267267267267267,PACK OF 12 CHRISTMAS FUN CARDS
84631,348.53,23.85,324.67999999999995,0.06843026425271857,FRUIT TREE AND BIRDS WALL PLAQUE
23478,324.40000000000003,-0,324.40000000000003,-0,WOODLAND LARGE PINK FELT HEART
23695,323.32,-0,323.32,-0,DOILY THANK YOU CARD
85205B,323.15,-0,323.15,-0,PINK FELT EASTER RABBIT GARLAND
22135,322.8,-0,322.8,-0,MINI LADLE LOVE HEART PINK
84931A,322.53999999999996,-0,322.53999999999996,-0,PINK SCOTTIE DOG W FLOWER PATTERN
84509c,322.22,-0,322.22,-0,SET OF 4 POLKADOT PLACEMATS
21403,322.18,-0,322.18,-0,BLUE EGG  SPOON
22092,322.18,-0,322.18,-0,BLUE PAISLEY TISSUE BOX
16238,322.09,-0,322.09,-0,PARTY TIME PENCIL ERASERS
84952B,332.14,11.25,320.89,0.03387125910760523,BLACK LOVE BIRD T-LIGHT HOLDER
21425,320.49,-0,320.49,-0,SKULLS STORAGE BOX LARGE
16236,320.09,-0,320.09,-0,KITTY PENCIL ERASERS
21371,319.71,-0,319.71,-0,MIRRORED WALL ART POPPIES
21026,319.5,-0,319.5,-0,SPACE OWL
90161D,318.89000000000004,-0,318.89000000000004,-0,ANT COPPER PINK BOUDICCA BRACELET
84876B,318.31,-0,318.31,-0,GREEN HEART COMPACT MIRROR
20780,318.19,-0,318.19,-0,BLACK EAR MUFF HEADPHONES
16259,326.56,8.64,317.92,0.026457618814306715,PIECE OF CAMO STATIONERY SET
84884a,317.71999999999997,-0,317.71999999999997,-0,ANT WHITE WIRE HEART SPIRAL
84849A,344.34000000000003,27.04,317.3,0.07852703723064412,HELLO SAILOR BLUE SOAP HOLDER
46118,317.16999999999996,-0,317.16999999999996,-0,FUNKY MONKEY CUSHION COVER
22765,316.95000000000005,-0,316.95000000000005,-0,NEWSPAPER STAND
20936,319.66,2.95,316.71000000000004,0.009228555340048801,FORKED CACTUS CANDLE
35915C,316.46,-0,316.46,-0,PEACH KNITTED HEN
90198A,315.73,-0,315.73,-0,VINTAGE ROSE BEAD BRACELET RASPBERR
22202,319.35,3.75,315.6,0.011742602160638797,MILK PAN PINK POLKADOT
21375,315.27,-0,315.27,-0,LARGE CAMPHOR WOOD FIELD MUSHROOM
85202,314.81,-0,314.81,-0,HANGING WOOD AND FELT HEART
85170B,316.75,2.1,314.65,0.0066298342541436465,SET/6 BLACK BIRD T-LIGHT CANDLES
84584,314.51,-0,314.51,-0,PINK GINGHAM CAT WITH SCARF
21841,314.5,-0,314.5,-0,BABY MOUSE RED GINGHAM DRESS
17084N,313.31,-0,313.31,-0,FAIRY DREAMS INCENSE
85014b,313.06,-0,313.06,-0,RED RETROSPOT UMBRELLA
84358,312.7,-0,312.7,-0,FLOOR LAMP SHADE WOOD BASE
21442,310.49,-0,310.49,-0,GREEN BIRDHOUSE DECORATION
21944,310.19,-0,310.19,-0,KITTENS DESIGN FLANNEL
47021G,309.3,-0,309.3,-0,SET/6 BEAD COASTERS GAUZE BAG GOLD
22124,309.11,-0,309.11,-0,SET OF 2 TEA TOWELS PING MICROWAVE
21719,307.44,-0,307.44,-0,LOVELY BONBON STICKER SHEET
47594B,314.54999999999995,7.8,306.74999999999994,0.024797329518359564,SCOTTIES DESIGN WASHBAG
23495,306.66,-0,306.66,-0,SET OF 3 PANTRY WOODEN SPOONS
20622,305.8,-0,305.8,-0,VIPPASSPORT COVER
22040,304.5,-0,304.5,-0,BOTANICAL ROSE GIFT WRAP
22043,304.5,-0,304.5,-0,CHRISTMAS CARD SCREEN PRINT
90147,324.01,19.9,304.11,0.061417857473534766,CHUNKY SILVER NECKLACE PASTEL FLOWE
22641,303.72999999999996,-0,303.72999999999996,-0,SET OF 4 NAPKIN CHARMS INSTRUMENT
72586,318.66999999999996,15.12,303.54999999999995,0.047447202435120975,SET OF 6 HALLOWEEN GHOST T-LIGHTS
84766,340.7,37.25,303.45,0.10933372468447315,SILVER ROCOCO CANDLE STICK
21942,313.01,10.2,302.81,0.03258681831251398,SKULLS DESIGN FLANNEL
23430,301.88,-0,301.88,-0,BLUE RETRO KITCHEN WALL CLOCK
35912B,301.26,-0,301.26,-0,WHITE/PINK CHICK DECORATION
84661B,300.24,-0,300.24,-0,BLACK SQUARE TABLE CLOCK
84632,359.70000000000005,59.95,299.75000000000006,0.16666666666666666,DECORATIVE HANGING SHELVING UNIT
21761,299.5,-0,299.5,-0,WOOD AND GLASS MEDICINE CABINET
23440,299.36,-0,299.36,-0,PAINT YOUR OWN EGGS IN CRATE
22409,299.72,1.25,298.47,0.004170559188576004,MONEY BOX BISCUITS DESIGN
90184B,297.94,-0,297.94,-0,AMETHYST CHUNKY BEAD BRACELET W STR
84596J,296.45,-0,296.45,-0,MIXED NUTS LIGHT GREEN BOWL
85186A,293.8,-0,293.8,-0,EASTER BUNNY GARLAND OF FLOWERS
79051A,293.31,-0,293.31,-0,SMOKEY GREY COLOUR D.O.F. GLASS
20655,292.29,-0,292.29,-0,QUEEN OF SKIES LUGGAGE TAG
35911A,292.07,-0,292.07,-0,MULTICOLOUR RABBIT EGG WARMER
21441,292.03,-0,292.03,-0,BLUE BIRDHOUSE DECORATION
72800B,290.8,-0,290.8,-0,4 PURPLE FLOCK DINNER CANDLES
23567,291.58,1.25,290.33,0.004286988133616846,EGG CUP HENRIETTA HEN PINK
21386,290.2,-0,290.2,-0,IVORY HANGING DECORATION  EGG
16015,289.98,-0,289.98,-0,MEDIUM CHINESE STYLE SCISSOR
85024B,289.65,-0,289.65,-0,EAU DE NILE JEWELLED PHOTOFRAME
23015,346.63,57.75,288.88,0.16660416005539047,CORDIAL GLASS JUG
21503,288.92,0.42,288.5,0.001453689602658175,TOYBOX  WRAP
46776E,288.43,-0,288.43,-0,WOVEN CANDY CUSHION COVER
71403,286.91,-0,286.91,-0,"PINK/WHITE ""KEEP CLEAN"" BULLET BIN"
20618,286.39,-0,286.39,-0,QUEEN OF THE SKIES PASSPORT COVER
22049,296.25,10.5,285.75,0.035443037974683546,WRAP CHRISTMAS SCREEN PRINT
37413,284.49,-0,284.49,-0,ICON MUG REVOLUTIONARY
18094C,283.93,-0,283.93,-0,WHITE AND BLUE CERAMIC OIL BURNER
21666,283.51,-0,283.51,-0,RIDGED GLASS T-LIGHT HOLDER
16218,283.31,-0,283.31,-0,CARTOON  PENCIL SHARPENERS
20777,282.48999999999995,-0,282.48999999999995,-0,CHRYSANTHEMUM NOTEBOOK
84341B,282.38,-0,282.38,-0,SMALL PINK MAGIC CHRISTMAS TREE
84872a,282.15,-0,282.15,-0,TEATIME FUNKY FLOWER BACKPACK FOR 2
23410,290.1,8.15,281.95000000000005,0.028093760772147536,CURIO CABINET LINEN AND LACE
79190B,288.36,6.72,281.64,0.023304203079483977,RETRO PLASTIC POLKA TRAY
23481,281.17,-0,281.17,-0,PEARLISED IVORY HEART SMALL
22257,280.42,-0,280.42,-0,FELT FARM ANIMAL SHEEP
71101E,280.2,-0,280.2,-0,STANDING FAIRY POLE SUPPORT
84816,519.35,239.70000000000002,279.65,0.46153846153846156,DANISH ROSE BEDSIDE CABINET
21725,277.24,-0,277.24,-0,SWEETIES  STICKERS
16169M,277.2,-0,277.2,-0,WRAP DAISY CARPET
21293,276.72,-0,276.72,-0,MIRRORED DOVE WALL DECORATION
84926D,276.53,-0,276.53,-0,LA PALMIERA TILE COASTER
85049g,276.42,-0,276.42,-0,CHOCOLATE BOX RIBBONS
23137,275.62,-0,275.62,-0,ZINC WIRE SWEETHEART LETTER TRAY
85188A,278.16999999999996,2.55,275.61999999999995,0.009167056116763132,GREEN METAL SWINGING BUNNY
21250,274.37,-0,274.37,-0,SET OF SKULL WALL STICKERS
20684,273.81,-0,273.81,-0,STRAWBERRY DREAM CHILDS UMBRELLA
22512,273.46,-0,273.46,-0,DOORSTOP RACING CAR DESIGN
84859A,272.99,-0,272.99,-0,SILVER DISCO HANDBAG
23141,272.91,-0,272.91,-0,TRIPLE WIRE HOOK PINK HEART
22889,272.2,-0,272.2,-0,NUMBER TILE VINTAGE FONT No
20755,272.02,-0,272.02,-0,BLUE PAISLEY POCKET BOOK
21815,271.68,-0,271.68,-0,STAR  T-LIGHT HOLDER
20734,271.21999999999997,-0,271.21999999999997,-0,SILVER MINI TAPE MEASURE
85214,271.03999999999996,-0,271.03999999999996,-0,TUB 24 PINK FLOWER PEGS
23474,270.96,-0,270.96,-0,WOODLAND SMALL BLUE FELT HEART
20771,269.68,-0,269.68,-0,CHRYSANTHEMUM  JOURNAL
21785,269.61,-0,269.61,-0,RAIN PONCHO
21332,268.1,-0,268.1,-0,MOROCCAN BEATEN METAL MIRROR
17013D,267.82,-0,267.82,-0,ORIGAMI ROSE INCENSE IN TUBE
85230E,267.45,-0,267.45,-0,STRAWBRY SCENTED VOTIVE CANDLE
21265,267.21,-0,267.21,-0,PINK GOOSE FEATHER TREE 60CM
84795b,266.78,-0,266.78,-0,SUNSET CHECK HAMMOCK
35001W,270.02000000000004,3.49,266.53000000000003,0.012924968520850306,HAND OPEN SHAPE DECO.WHITE
20699,266.03,-0,266.03,-0,MOUSEY LONG LEGS SOFT TOY
72800C,264.82,-0,264.82,-0,4 PINK DINNER CANDLE SILVER FLOCK
23476,264.72,-0,264.72,-0,WOODLAND LARGE RED FELT HEART
90160D,264.7,-0,264.7,-0,PINK BOUDICCA LARGE BRACELET
84952A,264.46999999999997,-0,264.46999999999997,-0,CLEAR LOVE BIRD T-LIGHT HOLDER
85039C,265.77,1.65,264.12,0.006208375663167401,S/4 BLACK MINI ROSE CANDLE IN BOWL
18098c,263.12,-0,263.12,-0,PORCELAIN BUTTERFLY OIL BURNER
20897,298.27,35.400000000000006,262.87,0.11868441345090022,VINTAGE NOTEBOOK PARIS DAYS
21445,267.5,5,262.5,0.018691588785046728,12 PINK ROSE PEG PLACE SETTINGS
85124C,261.89,-0,261.89,-0,GREEN JUICY FRUIT PHOTO FRAME
84858C,261.68,-0,261.68,-0,PINK RIVIERA HANDBAG
16012,261.24,-0,261.24,-0,FOOD/DRINK SPONGE STICKERS
47422,261.3,0.42,260.88,0.0016073478760045923,ASSORTED MONKEY SUCTION CUP HOOK
85186C,269.17,8.4,260.77000000000004,0.031207043875617638,BUNNY EGG GARLAND
20794,282.78999999999996,22.95,259.84,0.08115562785105557,BLUE  TILE HOOK
21324,259.67,-0,259.67,-0,HANGING MEDINA LANTERN SMALL
21279,266.15,7.6499999999999995,258.5,0.028743189930490326,VINTAGE KITCHEN PRINT FRUITS
78124,257.75,-0,257.75,-0,MAGAZINE RACK GEBRA ASSORTED
79337,259.96,2.2800000000000002,257.68,0.0087705800892445,BLUE FLOCK GLASS CANDLEHOLDER
20997,257.61,-0,257.61,-0,ROSE DU SUD CUSHION COVER
35915B,257.21999999999997,-0,257.21999999999997,-0,BLUE KNITTED HEN
21458,256.54,-0,256.54,-0,2 PICTURE BOOK EGGS EASTER BUNNY
84952C,255,-0,255,-0,MIRROR LOVE BIRD T-LIGHT HOLDER
21269,254.98,-0,254.98,-0,ANTIQUE CREAM CUTLERY SHELF
21379,254.32999999999998,-0,254.32999999999998,-0,CAMPHOR WOOD PORTOBELLO MUSHROOM
21547,253.53000000000003,-0,253.53000000000003,-0,CERAMIC BIRDHOUSE CRESTED TIT SMALL
48173c,252.95,-0,252.95,-0,DOORMAT BLACK FLOCK
21882,252.47000000000003,-0,252.47000000000003,-0,SKULLS TAPE
35967,252.33,-0,252.33,-0,FOLK ART METAL STAR T-LIGHT HOLDER
22052,273,21,252,0.07692307692307693,VINTAGE CARAVAN GIFT WRAP
22164,250.22000000000003,-0,250.22000000000003,-0,STRING OF STARS CARD HOLDER
21427,256.44,6.300000000000001,250.14,0.024567150210575577,SKULLS STORAGE BOX SMALL
85071D,249.48999999999998,-0,249.48999999999998,-0,CHARLIE+LOLA MY ROOM DOOR SIGN
85124B,264.06,15.299999999999999,248.76,0.05794137695978186,BLUE JUICY FRUIT PHOTO FRAME
20659,248.09,-0,248.09,-0,ECONOMY LUGGAGE TAG
23465,247.63,-0,247.63,-0,TUSCAN VILLA BIRD FEEDER
22410,247.42,-0,247.42,-0,MONEY BOX HOUSEKEEPING DESIGN
22954,247.63,1.25,246.38,0.005047853652626903,HEN PARTY CORDON BARRIER TAPE
21647,247.8,2.1,245.70000000000002,0.00847457627118644,ASSORTED TUTTI FRUTTI LARGE PURSE
90175A,245.63,-0,245.63,-0,WHITE GLASS CHUNKY CHARM BRACELET
22391,245.57999999999998,-0,245.57999999999998,-0,PAPERWEIGHT HOME SWEET HOME
21676,245.35999999999999,-0,245.35999999999999,-0,FLOWERS  STICKERS
20819,244.72,-0,244.72,-0,SILVER TEDDY BEAR
22869,246.14,1.95,244.19,0.007922320630535468,NUMBER TILE COTTAGE GARDEN 1
20616,243.53,-0,243.53,-0,CHERRY BLOSSOM PASSPORT COVER
85095,243.49,-0,243.49,-0,THREE CANVAS LUGGAGE TAGS
85230G,257.03999999999996,13.919999999999998,243.11999999999998,0.05415499533146592,ORANGE VOTIVE CANDLE
85094,242.32,-0,242.32,-0,CANDY SPOT EGG WARMER RABBIT
22870,242.23999999999998,-0,242.23999999999998,-0,NUMBER TILE COTTAGE GARDEN 2
23475,242.17999999999998,-0,242.17999999999998,-0,WOODLAND SMALL PINK FELT HEART
84678,247.04,5.05,241.98999999999998,0.020442033678756476,CLASSICAL ROSE SMALL VASE
84592,241.24000000000004,-0,241.24000000000004,-0,CROCHET ROSE PURSE WITH SUEDE BACK
23143,239.97,-0,239.97,-0,ZINC WIRE KITCHEN ORGANISER
21028,239.24,-0,239.24,-0,NINJA RABBIT BLACK
72131,238.34999999999997,-0,238.34999999999997,-0,COLUMBIAN CANDLE RECTANGLE
22137,237.98000000000002,-0,237.98000000000002,-0,BATHROOM SET LOVE HEART DESIGN
21644,268.75,31.25,237.5,0.11627906976744186,ASSORTED TUTTI FRUTTI HEART BOX
90143,252.18,15,237.18,0.05948132286462051,SILVER BRACELET W PASTEL FLOWER
23580,236.87,-0,236.87,-0,SNACK TRAY HAPPY FOREST
21360,236.17000000000002,-0,236.17000000000002,-0,JOY LARGE WOOD LETTERS
20775,235.18999999999997,-0,235.18999999999997,-0,DAISY NOTEBOOK
16216,234,-0,234,-0,LETTER SHAPE PENCIL SHARPENER
23036,233.67,-0,233.67,-0,T-LIGHT HOLDER SILVER PETIT FOUR
21025,233.52,-0,233.52,-0,SPACE FROG
90201B,252.90000000000003,20.650000000000002,232.25000000000003,0.08165282720442862,BLACK ENAMEL FLOWER RING
85099f,232.05999999999997,-0,232.05999999999997,-0,JUMBO BAG STRAWBERRY
23447,231.89999999999998,-0,231.89999999999998,-0,PINK BUNNY EASTER EGG BASKET
84712B,231.56,-0,231.56,-0,PINK JEWELLED PHOTO FRAME
21161,231.36999999999998,-0,231.36999999999998,-0,KEEP OUT BOYS DOOR HANGER
20696,230.81,-0,230.81,-0,FLORAL SOFT CAR TOY
84857C,232.32999999999998,1.95,230.38,0.008393233762320837,PINK MONTE CARLO HANDBAG
23446,230.24999999999997,-0,230.24999999999997,-0,BLUE BUNNY EASTER EGG BASKET
90206C,229.68,-0,229.68,-0,CRYSTAL DIAMANTE STAR BROOCH
72800D,229.21999999999997,-0,229.21999999999997,-0,4 BLUE DINNER CANDLES SILVER FLOCK
21973,230.54999999999998,1.45,229.1,0.006289308176100629,SET OF 36 MUSHROOM PAPER DOILIES
85200,228.75,-0,228.75,-0,BUNNY EGG BOX
90010E,227.89,-0,227.89,-0,AMBER GLASS/SILVER BRACELET
21157,227.6,-0,227.6,-0,RED RETROSPOT WASHBAG
23003,226.2,-0,226.2,-0,TRAVEL CARD WALLET VINTAGE ROSE
90201D,225.84,-0,225.84,-0,GREEN ENAMEL FLOWER RING
47469,241.21,15.600000000000001,225.61,0.06467393557481034,ASSORTED SHAPES PHOTO CLIP SILVER
84422,244.17000000000002,18.72,225.45000000000002,0.07666789531883522,PINK/BLUE DISC/MIRROR STRING
85014a,225.32000000000002,-0,225.32000000000002,-0,BLACK/BLUE POLKADOT UMBRELLA
90158,224.12,-0,224.12,-0,ST TROPEZ NECKLACE
23149,251.45000000000002,27.39,224.06,0.10892821634519785,ANTIQUE IVORY WIRE BOWL SMALL
21657,223.46,-0,223.46,-0,MILK BOTTLE WITH GLASS STOPPER
84218,223.10999999999999,-0,223.10999999999999,-0,BOX/12 CHICK & EGG IN BASKET
85040B,229.46999999999997,6.6,222.86999999999998,0.028761929664008368,SET/4 BLUE FLOWER CANDLES IN BOWL
84711A,221.79999999999998,-0,221.79999999999998,-0,SILVER OVAL SHAPE TRINKET BOX
84876D,221.25,-0,221.25,-0,BLUE HEART COMPACT MIRROR
21456,222.22,1.25,220.97,0.0056250562505625054,2 PICTURE BOOK EGGS EASTER CHICKS
22031,225.59,5.04,220.55,0.02234141584290084,BOTANICAL LAVENDER BIRTHDAY CARD
22395,220.04,-0,220.04,-0,PAPERWEIGHT VINTAGE PAISLEY
85019C,270.72,51,219.72000000000003,0.18838652482269502,CURIOUS  IMAGES NOTEBOOK SET
35914,219.66,-0,219.66,-0,PINK CHICK EGG WARMER + EGG CUP
20868,219.35000000000002,-0,219.35000000000002,-0,SILVER FABRIC MIRROR
90058B,232.56,13.68,218.88,0.058823529411764705,CRYSTAL STUD EARRINGS ASSORTED COL
75178,218.87,-0,218.87,-0,ASSTD COL BUTTERFLY/CRYSTAL W/CHIME
21378,217.89,-0,217.89,-0,SMALL TALL CAMPHOR WOOD TOADSTOOL
90014A,217.59,-0,217.59,-0,SILVER/MOP ORBIT NECKLACE
20847,217.58,-0,217.58,-0,ZINC HEART LATTICE CHARGER LARGE
20769,217.56,-0,217.56,-0,DAISY JOURNAL
21132,217.35999999999999,-0,217.35999999999999,-0,SILVER STANDING GNOME
90160A,264.94,48.65,216.29,0.18362648146750207,PURPLE BOUDICCA LARGE BRACELET
21364,222.96,6.75,216.21,0.030274488697524218,PEACE SMALL WOOD LETTERS
20781,221.65,5.49,216.16,0.024768779607489286,GOLD EAR MUFF HEADPHONES
84051,216.06,-0,216.06,-0,ASS COLOUR GLOWING TIARAS
21377,215.67999999999998,-0,215.67999999999998,-0,SMALL CAMPHOR WOOD FIELD  MUSHROOM
22394,230.67999999999998,15.299999999999999,215.37999999999997,0.06632564591642101,PAPERWEIGHT KINGS CHOICE
90120C,215.20000000000002,-0,215.20000000000002,-0,GREEN MURANO TWIST BRACELET
21316,217.68,2.95,214.73000000000002,0.013552002940095554,SMALL CHUNKY GLASS ROMAN  BOWL
84559B,217.29,3.4,213.89,0.015647291637903262,3D SHEET OF CAT STICKERS
84510C,213.82999999999998,-0,213.82999999999998,-0,SET OF 4 POLKADOT COASTERS
21520,214.19,0.84,213.35,0.003921751715766375,BOOZE & WOMEN GREETING CARD
22882,213.7,1.95,211.75,0.009124941506785214,NUMBER TILE VINTAGE FONT 3
90200C,211.43,-0,211.43,-0,BLUE SWEETHEART BRACELET
72127,210.61,-0,210.61,-0,COLUMBIAN CANDLE ROUND
84877B,210.56,-0,210.56,-0,GREEN ROUND COMPACT MIRROR
84707B,210.54999999999998,-0,210.54999999999998,-0,PINK JEWELLED MIRROR TRINKET TRAY
84926A,210.51999999999998,-0,210.51999999999998,-0,WAKE UP COCKEREL TILE COASTER
90175D,210.04000000000002,-0,210.04000000000002,-0,TIGRIS EYE CHUNKY CHARM BRACELET
90160B,209.73000000000002,-0,209.73000000000002,-0,RED BOUDICCA LARGE BRACELET
21750,209.61,-0,209.61,-0,LARGE SKULL WINDMILL
21651,208.46999999999997,-0,208.46999999999997,-0,HANGING GLASS ETCHED TEALIGHT
90119,207.60999999999999,-0,207.60999999999999,-0,METALIC LEAVES BAG CHARMS
16048,205.42,-0,205.42,-0,TEATIME ROUND PENCIL SHARPENER
20763,205.04,-0,205.04,-0,DAISY SKETCHBOOK
21726,204.69,-0,204.69,-0,MULTI HEARTS  STICKERS
84875B,203.51,-0,203.51,-0,GREEN SQUARE COMPACT MIRROR
85230A,203.27999999999997,-0,203.27999999999997,-0,OPIUM SCENTED VOTIVE CANDLE
47578A,202.53,-0,202.53,-0,ENGLISH ROSE SMALL SCENTED FLOWER
22541,202.37,-0,202.37,-0,MINI JIGSAW LEAP FROG
22878,204.19,2.1,202.09,0.010284538909838875,NUMBER TILE COTTAGE GARDEN No
85179C,201.31,-0,201.31,-0,PINK BITTY LIGHT CHAIN
22880,200.59,-0,200.59,-0,NUMBER TILE VINTAGE FONT 1
44235,200.45999999999998,-0,200.45999999999998,-0,ASSORTED COLOURED CIRCLE MOBILE
84968e,200.21,-0,200.21,-0,SET OF 16 VINTAGE BLACK CUTLERY
16156L,199.5,-0,199.5,-0,WRAP CAROUSEL
22038,199.5,-0,199.5,-0,BOTANICAL LAVENDER GIFT WRAP
21367,199.49,-0,199.49,-0,MIRRORED WALL ART GENTS
90192,209.10000000000002,9.9,199.20000000000002,0.04734576757532281,JADE DROP EARRINGS W FILIGREE
22289,198.52,-0,198.52,-0,HANGING METAL CHICKEN DECORATION
21376,197.81,-0,197.81,-0,LARGE  TALL CAMPHOR WOOD TOADSTOOL
22881,197.56,-0,197.56,-0,NUMBER TILE VINTAGE FONT 2
90019A,197.09,-0,197.09,-0,SILVER M.O.P ORBIT BRACELET
22044,196.44000000000003,-0,196.44000000000003,-0,CHRISTMAS CARD STACK OF PRESENTS
71143,196.35999999999999,-0,196.35999999999999,-0,SILVER BOOK MARK WITH BEADS
20617,194.94,-0,194.94,-0,FIRST CLASS PASSPORT COVER
23697,194.57999999999998,-0,194.57999999999998,-0,A PRETTY THANK YOU CARD
22884,194.04999999999998,-0,194.04999999999998,-0,NUMBER TILE VINTAGE FONT 5
20654,193.59,-0,193.59,-0,FIRST CLASS LUGGAGE TAG
21275,270.08,76.75,193.32999999999998,0.28417505924170616,ZINC TOP  2 DOOR WOODEN SHELF
90082A,193.2,-0,193.2,-0,DIAMANTE BOW BROOCH GREEN COLOUR
84910A,192.14,-0,192.14,-0,PINK PAISLEY CUSHION COVER
47471,191.18,-0,191.18,-0,RAINBOW PEGS PHOTO CLIP STRING
90030B,190.73000000000002,-0,190.73000000000002,-0,RED KUKUI COCONUT SEED NECKLACE
90201A,202.51000000000002,11.8,190.71,0.05826872747024838,PURPLE ENAMEL FLOWER RING
90184C,190.51999999999998,-0,190.51999999999998,-0,BLACK CHUNKY BEAD BRACELET W STRAP
21027,190.29,-0,190.29,-0,NINJA RABBIT PINK
21418,189.75,-0,189.75,-0,STARFISH SOAP DISH
21196,189.67999999999998,-0,189.67999999999998,-0,ROUND WHITE CONFETTI IN TUBE
22883,191.48,1.95,189.53,0.010183831209525799,NUMBER TILE VINTAGE FONT 4
21807,189.42,-0,189.42,-0,WHITE CHRISTMAS STAR DECORATION
90018A,193.33,4.25,189.08,0.021983137640304143,SILVER M.O.P ORBIT DROP EARRINGS
85020,188.81,-0,188.81,-0,ROUND PINK HEART MIRROR
84804B,188.37000000000003,-0,188.37000000000003,-0,BLUE DELPHINIUM ARTIFICIAL FLOWER
84926F,195.22,6.959999999999999,188.26,0.03565208482737424,PSYCHEDELIC TILE COASTER
20694,187.54,-0,187.54,-0,FLORAL PINK MONSTER
84711B,186.64,-0,186.64,-0,PINK OVAL SHAPE TRINKET BOX
84535A,186.56,-0,186.56,-0,ENGLISH ROSE NOTEBOOK A6 SIZE
21306,193.02999999999997,7.32,185.70999999999998,0.03792156659586594,SET/4 DAISY MIRROR MAGNETS
21402,185.51999999999998,-0,185.51999999999998,-0,RED  EGG  SPOON
84429A,185.45000000000002,-0,185.45000000000002,-0,MEDIUM PINK BUDDHA HEAD
72801d,184.7,-0,184.7,-0,4 SKY BLUE DINNER CANDLES
23416,184.67999999999998,-0,184.67999999999998,-0,CHAMBRE HOOK
90016B,184.66,-0,184.66,-0,GOLD/M.O.P PENDANT ORBIT NECKLACE
85055,183.71,-0,183.71,-0,FRENCH ENAMEL UTENSIL HOLDER
84509E,183.45,-0,183.45,-0,SET OF 4 CAROUSEL PLACEMATS
21911,203.20999999999998,19.799999999999997,183.40999999999997,0.09743614979577776,GARDEN METAL SIGN
47594A,199.84,17.55,182.29,0.08782025620496398,CAROUSEL DESIGN WASHBAG
22032,181.98,-0,181.98,-0,BOTANICAL LILY GREETING CARD
21826,186.43,5,181.43,0.02681971785656815,EIGHT PIECE DINOSAUR SET
21311,188.86999999999998,7.83,181.03999999999996,0.04145708688515911,SET/4 BIRD MIRROR MAGNETS
84927F,182.95000000000002,1.9500000000000002,181.00000000000003,0.01065864990434545,PSYCHEDELIC TILE HOOK
84907,180.93,-0,180.93,-0,PINK YELLOW PATCH CUSHION COVER
85215,180.71,-0,180.71,-0,ASSORTED CHEESE FRIDGE MAGNETS
72801C,180.65,-0,180.65,-0,4 ROSE PINK DINNER CANDLES
84804A,180.58,-0,180.58,-0,CREAM DELPHINIUM ARTIFICIAL FLOWER
84859C,180.51999999999998,-0,180.51999999999998,-0,PINK DISCO HANDBAG
22157,180.2,-0,180.2,-0,ANGEL DECORATION WITH LACE PADDED
21721,179.45999999999998,-0,179.45999999999998,-0,CANDY SHOP  STICKER SHEET
40003,179.23,-0,179.23,-0,WHITE BAMBOO RIBS LAMPSHADE
21847,178.89,-0,178.89,-0,GREEN  DIAMANTE PEN IN GIFT BOX
85131C,178.85,-0,178.85,-0,BEADED CRYSTAL HEART BLUE ON STICK
16258A,178.97,0.42,178.55,0.002346762027155389,SWIRLY CIRCULAR RUBBERS IN BAG
79190A,179.35999999999999,1.26,178.1,0.0070249776984834976,RETRO PLASTIC 70'S TRAY
22872,177.46,-0,177.46,-0,NUMBER TILE COTTAGE GARDEN 4
90197B,174.73000000000002,-0,174.73000000000002,-0,BLACK GLASS BRACELET W HEART CHARMS
84691,174.49999999999997,-0,174.49999999999997,-0,PACK 20 DOLLY PEGS
21319,175.78,1.65,174.13,0.009386733416770963,GLASS CHALICE GREEN  SMALL
84685,177.33,3.75,173.58,0.021147014041617323,BEACH HUT KEY CABINET
85211,175.16,1.58,173.57999999999998,0.009020324274948619,S/4 GROOVY CAT MAGNETS
84905,173.48,-0,173.48,-0,PINK BUTTERFLY CUSHION COVER
16168M,173.12,-0,173.12,-0,FUNKY MONKEY GIFT BAG MEDIUM
21190,245.2,72.5,172.7,0.29567699836867867,PINK HEARTS PAPER GARLAND
47481,172.64,-0,172.64,-0,50CM METAL STRING WITH  7 CLIPS
21030,172.2,-0,172.2,-0,SPACE CADET RED
82011C,172.05,-0,172.05,-0,BATHROOM SCALES FOOTPRINTS IN SAND
84963A,171.8,-0,171.8,-0,PINK PAINTED KASHMIRI CHAIR
62086A,171.6,-0,171.6,-0,PINK RETRO BIG FLOWER BAG
90082B,171.45,-0,171.45,-0,DIAMANTE BOW BROOCH RED COLOUR
85045,191.1,19.8,171.29999999999998,0.10361067503924648,GREEN CHRISTMAS TREE STRING 20LIGHT
85146,171.11,-0,171.11,-0,JARDIN ETCHED GLASS SMALL BELL JAR
22885,172.78,1.95,170.83,0.011286028475518,NUMBER TILE VINTAGE FONT 6
21763,169.75,-0,169.75,-0,VINTAGE WOODEN BAR STOOL
84800M,174.31,5.07,169.24,0.029086110951752626,MEDIUM WHITE/PINK ROSE ART FLOWER
85129B,168.59,-0,168.59,-0,BEADED CRYSTAL HEART GREEN SMALL
22042,173.37,5.04,168.33,0.02907077349022322,CHRISTMAS CARD SINGING ANGEL
21333,168.16000000000003,-0,168.16000000000003,-0,CLASSIC WHITE FRAME
90145,168,-0,168,-0,SILVER HOOP EARRINGS WITH FLOWER
84661A,167.79,-0,167.79,-0,WHITE SQUARE TABLE CLOCK
90201C,185.42000000000002,17.700000000000003,167.72000000000003,0.09545895804120376,RED ENAMEL FLOWER RING
85145,167.70000000000002,-0,167.70000000000002,-0,JARDIN ETCHED GLASS LARGE BELL JAR
78033,185.3,17.85,167.45000000000002,0.0963302752293578,FLAG OF ST GEORGE CHAIR
90010A,167.3,-0,167.3,-0,MIDNIGHT BLUE GLASS/SILVER BRACELET
21457,165.89,-0,165.89,-0,2 PICTURE BOOK EGGS EASTER DUCKS
21280,165.75,-0,165.75,-0,VINTAGE KITCHEN PRINT VEGETABLES
21331,165.74,-0,165.74,-0,MOROCCAN BEATEN METAL DISH LARGE
72225C,165.6,-0,165.6,-0,LAVENDER SCENT CAKE CANDLE
90013A,195.32,30,165.32,0.1535941019864837,MIDNIGHT BLUE VINTAGE EARRINGS
23694,165.07999999999998,-0,165.07999999999998,-0,PAISLEY PARK CARD
22538,164.84,-0,164.84,-0,MINI JIGSAW GO TO THE FAIR
22263,196.82,32.34,164.48,0.16431256986078652,FELT EGG COSY LADYBIRD
21698,164.17,-0,164.17,-0,MOCK LOBSTER FRIDGE MAGNET
90120B,164.12,-0,164.12,-0,BLUE MURANO TWIST BRACELET
90191,163.82,-0,163.82,-0,SILVER LARIAT 40CM
22408,163.69,-0,163.69,-0,MONEY BOX CONFECTIONERY DESIGN
22871,163.35,-0,163.35,-0,NUMBER TILE COTTAGE GARDEN 3
35810B,174.09,10.79,163.3,0.061979435923947376,ENAMEL BLUE RIM COFFEE CONTAINER
16207A,163.1,-0,163.1,-0,PINK STRAWBERRY HANDBAG
21100,162.21,-0,162.21,-0,CHARLIE AND LOLA CHARLOTTE BAG
84683,162.20000000000002,-0,162.20000000000002,-0,CLASSICAL ROSE CANDLESTAND
85114a,161.70000000000002,-0,161.70000000000002,-0,BLACK ENCHANTED FOREST PLACEMAT
21369,161.49,-0,161.49,-0,MIRRORED WALL ART SPLODGES
23305,159.9,-0,159.9,-0,SET 4 PICNIC CUTLERY BLUEBERRY
84993A,159.69,-0,159.69,-0,75 GREEN PETIT FOUR CASES
90014B,158.74,-0,158.74,-0,GOLD M PEARL  ORBIT NECKLACE
84247G,158.63,-0,158.63,-0,"DECOUPAGE,GREETING CARD,"
90013C,158.08,-0,158.08,-0,GREEN VINTAGE EARRINGS
17038,158.06,-0,158.06,-0,PORCELAIN BUDAH INCENSE HOLDER
84507C,175.73,17.849999999999998,157.88,0.10157628179593695,BLUE CIRCLES DESIGN MONKEY DOLL
23417,157.5,-0,157.5,-0,BATHROOM HOOK
84508C,157.5,-0,157.5,-0,BLUE CIRCLES DESIGN TEDDY
90134,157.5,-0,157.5,-0,OLD ROSE COMBO BEAD NECKLACE
84882,157.34,-0,157.34,-0,GREEN WIRE STANDING CANDLE HOLDER
35649,156.85,-0,156.85,-0,VINTAGE BEAD COSMETIC BAG
23468,156.75,-0,156.75,-0,TUSCAN VILLA BIRD TABLE
84673B,156.63,-0,156.63,-0,BLUE FLY SWAT
22353,155.54999999999998,-0,155.54999999999998,-0,LUNCH BOX WITH CUTLERY FAIRY CAKES
44234,155.82,0.42,155.4,0.0026954177897574125,ASSORTED CIRCULAR MOBILE
23496,154.52,-0,154.52,-0,PANTRY KITCHEN THERMOMETER
84827,154.39000000000001,-0,154.39000000000001,-0,ASS DES PHONE SPONGE CRAFT STICKER
21614,153.29000000000002,-0,153.29000000000002,-0,SET OF 12 ROSE BOTANICAL T-LIGHTS
21145,152.5,-0,152.5,-0,ANTIQUE GLASS PLACE SETTING
90198B,152.4,-0,152.4,-0,VINTAGE ROSE BEAD BRACELET BLACK
84877D,152.18,-0,152.18,-0,BLUE ROUND COMPACT MIRROR
84865,152.11,-0,152.11,-0,NEW BAROQUE BLACK PHOTO ALBUM
72128,152.04999999999998,-0,152.04999999999998,-0,COLUMBIAN CANDLE ROUND
84595E,154.67999999999998,3.29,151.39,0.02126971812774761,LARGE TORTILLA DESIGN RED BOWL
90209A,163.8,12.600000000000001,151.20000000000002,0.07692307692307693,PURPLE ENAMEL+GLASS HAIR COMB
21401,151.19,-0,151.19,-0,BLUE PUDDING SPOON
22415,151.05,-0,151.05,-0,WHITE TISSUE REAM
85135A,151.05,-0,151.05,-0,YELLOW DRAGONFLY HELICOPTER
22874,150.81,-0,150.81,-0,NUMBER TILE COTTAGE GARDEN 6
85027L,160.5,9.75,150.75,0.06074766355140187,FRENCH CHATEAU LARGE PLATTER
21738,150.48000000000002,-0,150.48000000000002,-0,COSY SLIPPER SHOES SMALL  RED
84963B,149.85000000000002,-0,149.85000000000002,-0,BLUE PAINTED KASHMIRI CHAIR
22764,174.77,24.95,149.82000000000002,0.14275905475768152,"RUSTIC WOODEN CABINET, GLASS DOORS"
90013B,149.41000000000003,-0,149.41000000000003,-0,BLACK VINTAGE EARRINGS
46000R,149.35,-0,149.35,-0,POLYESTER FILLER PAD 45x30cm
21117,149.25,-0,149.25,-0,BLOND DOLL DOORSTOP
22875,149.09,-0,149.09,-0,NUMBER TILE COTTAGE GARDEN 7
90185D,148.63,-0,148.63,-0,CRYSTAL DIAMANTE EXPANDABLE RING
84576,148.32,-0,148.32,-0,BLUE CAT BISCUIT BARREL PINK HEART
21486,147.88,-0,147.88,-0,PINK HEART DOTS HOT WATER BOTTLE
84688,203.07,55.25,147.82,0.27207366917811593,BEACH HUT DESIGN BLACKBOARD
37479P,146.91,-0,146.91,-0,CUBIC MUG FLOCK PINK ON BROWN
82011B,146.85,-0,146.85,-0,BATHROOM SCALES RUBBER DUCKS
22868,146.6,-0,146.6,-0,NUMBER TILE COTTAGE GARDEN 0
22886,146.43,-0,146.43,-0,NUMBER TILE VINTAGE FONT 7
84870C,146.04999999999998,-0,146.04999999999998,-0,GREEN GEISHA GIRL
90116,145.52,-0,145.52,-0,FRUIT SALAD BAG CHARM
22873,145.5,-0,145.5,-0,NUMBER TILE COTTAGE GARDEN 5
47343A,145.17,-0,145.17,-0,FUSCHIA FLOWER PURSE WITH BEADS
84629,150,4.95,145.05,0.033,WHITE 3 FRAME BIRDS AND TREE
20757,144.29,-0,144.29,-0,RED DAISY POCKET BOOK
21368,144.03,-0,144.03,-0,MIRRORED WALL ART LADIES
84192,143.75,-0,143.75,-0,ASSORTED COLOUR METAL CAT
21082,143.44,-0,143.44,-0,SET/20 FRUIT SALAD PAPER NAPKINS
20837,142.47,-0,142.47,-0,FRENCH FLORAL CUSHION COVER
84870B,146.07999999999998,3.75,142.32999999999998,0.025670865279299016,BLUE GEISHA GIRL
22033,141.95,-0,141.95,-0,BOTANICAL ROSE GREETING CARD
20774,141.23999999999998,-0,141.23999999999998,-0,GREEN FERN NOTEBOOK
22769,366.73,225.5,141.23000000000002,0.6148937910724511,CHALKBOARD KITCHEN ORGANISER
20661,141.15,-0,141.15,-0,BLUE POLKADOT PURSE
84796a,141.10999999999999,-0,141.10999999999999,-0,PINK HAWAIIAN PICNIC HAMPER FOR 2
90164B,140.98,-0,140.98,-0,WHITE  ROSEBUD PEARL BRACELET
84744,140.02,-0,140.02,-0,S/6 SEW ON CROCHET FLOWERS
22125,139.85999999999999,-0,139.85999999999999,-0,UNION JACK HOT WATER BOTTLE
23463,139.39999999999998,-0,139.39999999999998,-0,VINTAGE ZINC WATERING CAN
22876,138.81,-0,138.81,-0,NUMBER TILE COTTAGE GARDEN 8
75011,138.76,-0,138.76,-0,BLUE DAISY MOBILE
35922,138.6,-0,138.6,-0,EASTER BUNNY WREATH
23304,138.45,-0,138.45,-0,SET 4 PICNIC CUTLERY CHERRY
20758,137.7,-0,137.7,-0,ABSTRACT CIRCLES POCKET BOOK
90181B,137.63,-0,137.63,-0,AMETHYST GLASS/SHELL/PEARL NECKLACE
21637,136.25,-0,136.25,-0,ASSORTED SANSKRIT MINI NOTEBOOK
22877,138.10999999999999,1.95,136.16,0.014119180363478388,NUMBER TILE COTTAGE GARDEN 9
21736,137.22000000000003,1.17,136.05000000000004,0.008526453869698292,GOLD SCROLL GLASS T-LIGHT HOLDER
84660c,134.92,-0,134.92,-0,PINK STITCHED WALL CLOCK
85071A,583.23,448.4,134.83000000000004,0.7688219055947053,BLUE CHARLIE+LOLA PERSONAL DOORSIGN
21459,150.38,15.6,134.78,0.10373719909562441,YELLOW EASTER EGG HUNT START POST
90073,134.70000000000002,-0,134.70000000000002,-0,VINTAGE ENAMEL & CRYSTAL EARRINGS
90115,134.53,-0,134.53,-0,SUMMER BUTTERFLIES BAG CHARM
21943,134.48999999999998,-0,134.48999999999998,-0,CAKES AND RABBITS DESIGN FLANNEL
90028,134.16,-0,134.16,-0,NEW BAROQUE LARGE NECKLACE BLK/WHIT
46000U,133.75,-0,133.75,-0,POLYESTER FILLER PAD 30CMx30CM
72130,133.34,-0,133.34,-0,COLUMBIAN CANDLE ROUND
20823,132.72,-0,132.72,-0,GOLD WINE GOBLET
62096A,132.5,-0,132.5,-0,PINK/YELLOW FLOWERS HANDBAG
21518,132.44,-0,132.44,-0,BANK ACCOUNT  GREETING  CARD
90210D,132.05,-0,132.05,-0,PURPLE ACRYLIC FACETED BANGLE
35921,133.23,1.25,131.98,0.009382271260226676,EASTER BUNNY HANGING GARLAND
85039a,131.81,-0,131.81,-0,SET/4 RED MINI ROSE CANDLE IN BOWL
20836,141.1,9.959999999999999,131.14,0.07058823529411765,FRENCH PAISLEY CUSHION COVER
90164A,130.67,-0,130.67,-0,PINK ROSEBUD PEARL BRACELET
90210C,130.51,-0,130.51,-0,RED   ACRYLIC FACETED BANGLE
84510a,130.48,-0,130.48,-0,SET OF 4 ENGLISH ROSE COASTERS
37467,130.26999999999998,-0,130.26999999999998,-0,PIG MUG IN TWO COLOUR DESIGNS
21344,160.09,29.849999999999998,130.24,0.18645761759010554,MOROCCAN BEATEN METAL DISH
84508B,145.35,15.299999999999999,130.04999999999998,0.10526315789473684,STRIPES DESIGN TEDDY
90000D,129.85,-0,129.85,-0,COPPER/OLIVE GREEN FLOWER NECKLACE
21281,129.63,-0,129.63,-0,VINTAGE KITCHEN PRINT SEAFOOD
47590b,129.48,-0,129.48,-0,PINK HAPPY BIRTHDAY BUNTING
72799C,129.47,-0,129.47,-0,PINK PILLAR CANDLE SILVER FLOCK
21400,128.63,-0,128.63,-0,RED PUDDING SPOON
21349,155.6,27,128.6,0.17352185089974292,IVY HEART WREATH
20826,128.4,-0,128.4,-0,SILVER APERITIF GLASS
35638B,128.32999999999998,-0,128.32999999999998,-0,PINK/BLUE STRING CURTAIN
85118,144.52,16.25,128.27,0.11244118461112648,HEART T-LIGHT HOLDER
84846A,128.14000000000001,-0,128.14000000000001,-0,SCENTED CANDLE IN DIGITALIS TIN
79191B,138.29999999999998,10.2,128.1,0.07375271149674621,RETRO PLASTIC POLKA TRAY
16054,140.52,12.959999999999999,127.56000000000002,0.09222886421861655,POPART RECT PENCIL SHARPENER ASST
90180A,127.24,-0,127.24,-0,BLACK+WHITE NECKLACE W TASSEL
85130A,127.04999999999998,-0,127.04999999999998,-0,BEADED PEARL HEART WHITE LARGE
79190D,126.97999999999999,-0,126.97999999999999,-0,RETRO PLASTIC DAISY TRAY
22887,126.78,-0,126.78,-0,NUMBER TILE VINTAGE FONT 8
23303,126.75,-0,126.75,-0,SET 4 PICNIC CUTLERY FONDANT
85067,126.64999999999999,-0,126.64999999999999,-0,CREAM SWEETHEART WALL CABINET
23578,125.72,-0,125.72,-0,SNACK TRAY RED GINGHAM
84968a,125.33,-0,125.33,-0,SET OF 16 VINTAGE ROSE CUTLERY
84799,160.48,35.16,125.32,0.2190927218344965,SPRIG LAVENDER ARTIFICIAL FLOWER
84800S,127.57000000000001,2.5,125.07000000000001,0.01959708395390766,SMALL WHITE/PINK ROSE ART FLOWER
22888,124.98,-0,124.98,-0,NUMBER TILE VINTAGE FONT 9
84228,124.09,0.42,123.67,0.0033846401805141427,HEN HOUSE W CHICK STANDING
21420,123.66,-0,123.66,-0,OYSTER TRINKET BOX
23477,123.47,-0,123.47,-0,WOODLAND LARGE BLUE FELT HEART
37343,123.29999999999998,-0,123.29999999999998,-0,POLKADOT MUG PINK
90195A,122.84,-0,122.84,-0,PURPLE GEMSTONE BRACELET
85086A,122.08,-0,122.08,-0,CANDY SPOT HEART DECORATION
90129B,121.38000000000001,-0,121.38000000000001,-0,TURQUOISE GLASS TASSLE BAG CHARM
84906,123.02,1.95,121.07,0.015851081125020323,PINK B'FLY C/COVER W BOBBLES
37333,120.99,-0,120.99,-0,"RETRO ""TEA FOR ONE"""
20845,120.64999999999999,-0,120.64999999999999,-0,ZINC HEART LATTICE 2 WALL PLANTER
90170,140.32999999999998,19.799999999999997,120.52999999999999,0.14109598802821918,DAISY HAIR BAND
90173,120.34,-0,120.34,-0,PAIR BUTTERFLY HAIR CLIPS
23467,120.08000000000001,-0,120.08000000000001,-0,VINTAGE ZINC PLANTER
35972,120,-0,120,-0,DAISY FOLKART HEART DECORATION
90161A,119.91000000000001,-0,119.91000000000001,-0,ANT COPPER RED BOUDICCA BRACELET
90124B,119.89,-0,119.89,-0,BLUE MURANO TWIST NECKLACE
84569B,119.65,-0,119.65,-0,PACK 3 FIRE ENGINE/CAR PATCHES
90122C,119.23,-0,119.23,-0,TURQUOISE CRYSTAL+GLASS BRACELET
10080,119.08999999999999,-0,119.08999999999999,-0,GROOVY CACTUS INFLATABLE
21032,119.03,-0,119.03,-0,SPACE CADET WHITE
84709B,119,-0,119,-0,PINK OVAL JEWELLED MIRROR
85114b,118.86,-0,118.86,-0,IVORY ENCHANTED FOREST PLACEMAT
21095,118.72999999999999,-0,118.72999999999999,-0,SET/6 POSIES PAPER PLATES
84507B,118.72999999999999,-0,118.72999999999999,-0,STRIPES DESIGN MONKEY DOLL
90184A,117.73,-0,117.73,-0,AMBER CHUNKY BEAD BRACELET W STRAP
21814,117.57,-0,117.57,-0,HEART T-LIGHT HOLDER
90208,132.7,15.299999999999999,117.39999999999999,0.11529766390354182,PAIR OF PINK FLOWER CLUSTER SLIDE
84741C,117,-0,117,-0,CITRUS GARLAND FELT FLOWERS
23151,116.82000000000001,-0,116.82000000000001,-0,ZINC SWEETHEART SOAP DISH
72780,116.44999999999999,-0,116.44999999999999,-0,BLACK SILOUETTE CANDLE PLATE
23185,116.58999999999999,0.29,116.29999999999998,0.002487348829230637,FRENCH STYLE STORAGE JAR JAM
72812,116.06,-0,116.06,-0,LARGE ZINC GLASS CANDLEHOLDER
51020A,116.32999999999998,0.58,115.74999999999999,0.004985816212498926,SUMMER FUN DESIGN SHOWER CAP
16052,115.3,-0,115.3,-0,TEATIME PUSH DOWN RUBBER
90130B,113.97,-0,113.97,-0,TURQ STONE/CRYSTAL EARRINGS
90199C,126.63999999999999,12.7,113.93999999999998,0.10028427037271005,5 STRAND GLASS NECKLACE CRYSTAL
47518F,113.64,-0,113.64,-0,ICON PLACEMAT POP ART ELVIS
84457,113.41,-0,113.41,-0,SET/3 RABBITS FLOWER SKIPPPING ROPE
72801D,113.21,-0,113.21,-0,4 SKY BLUE DINNER CANDLES
47503H,112.81,-0,112.81,-0,ASS FLORAL PRINT SPIRIT LEVEL
84925F,112.47999999999999,-0,112.47999999999999,-0,PSYCHEDELIC WALL THERMOMETER
90096,112.21,-0,112.21,-0,NECKLACE+BRACELET SET BLUE BLOSSOM
47351B,234.5,122.39999999999999,112.10000000000001,0.5219616204690831,BLUE  VOILE LAMPSHADE
21678,111.86,-0,111.86,-0,PAISLEY PATTERN  STICKERS
90214A,111.66,-0,111.66,-0,"LETTER ""A"" BLING KEY RING"
84809A,115.50000000000001,4.2,111.30000000000001,0.03636363636363636,WHITE CHRYSANTHEMUMS ART FLOWER
90036E,110.95,-0,110.95,-0,"FLOWER GLASS GARLD NECKL36""AMETHYST"
90125D,110.03,-0,110.03,-0,PURPLE BERTIE GLASS BEAD BAG CHARM
20731,109.96,-0,109.96,-0,POSY CANDY BAG
85167B,109.94,-0,109.94,-0,BLACK GRAND BAROQUE PHOTO FRAME
21278,109.64999999999999,-0,109.64999999999999,-0,VINTAGE KITCHEN PRINT PUDDINGS
90124C,109.53999999999999,-0,109.53999999999999,-0,GREEN MURANO TWIST NECKLACE
90122A,109.48,-0,109.48,-0,PINK CRYSTAL+GLASS BRACELET
90058A,123.12,13.68,109.44,0.1111111111111111,CRYSTAL STUD EARRINGS CLEAR DISPLAY
85096,109.23,-0,109.23,-0,HILDA CANDY SPOT RABBIT
20894,108.71000000000001,-0,108.71000000000001,-0,HANGING BAUBLE T-LIGHT HOLDER LARGE
21372,107.75,-0,107.75,-0,MIRRORED WALL ART TABLE LAMP
35916C,107.72,-0,107.72,-0,PINK FELT HANGING HEART W FLOWER
17090A,107.44999999999999,-0,107.44999999999999,-0,LAVENDER INCENSE 40 CONES IN TIN
85129C,107.31,-0,107.31,-0,BEADED CRYSTAL HEART BLUE SMALL
21904,107.10000000000001,-0,107.10000000000001,-0,HOUSE WRECKING METAL SIGN
23626,107.07000000000001,-0,107.07000000000001,-0,SET 10 CARDS DINKY TREE 17076
35818P,106.97,-0,106.97,-0,"ACRYLIC JEWEL ICICLE, PINK"
35819B,106.81,-0,106.81,-0,"ACRYLIC HANGING JEWEL,BLUE"
90125A,106.24,-0,106.24,-0,PINK BERTIE GLASS BEAD BAG CHARM
20657,105.91,-0,105.91,-0,TROPICAL LUGGAGE TAG
90016A,105.71000000000001,-0,105.71000000000001,-0,SILVER/M.O.P PENDANT ORBIT NECKLACE
90185A,131.03,25.5,105.53,0.1946119209341372,AMBER DIAMANTE EXPANDABLE RING
85040a,105.28,-0,105.28,-0,S/4 PINK FLOWER CANDLES IN BOWL
35920,104.84,-0,104.84,-0,FOUR RABBIT EASTER DECORATIONS
84661C,104.84,-0,104.84,-0,PINK SQUARE TABLE CLOCK
90003C,119.84,15,104.84,0.12516688918558078,MIDNIGHT BLUE PAIR HEART HAIR SLIDE
90070,122.64,17.85,104.78999999999999,0.14554794520547945,RUBY GLASS CLUSTER BRACELET
17084P,104.44,-0,104.44,-0,DRAGONS BLOOD INCENSE
20796,103.94,-0,103.94,-0,SMALL BLUE PROVENCAL CERAMIC BALL
79144B,103.64999999999999,-0,103.64999999999999,-0,PAINTED LIGHTBULB STAR+ MOON
85232B,1361.25,1258.05,103.20000000000005,0.9241873278236914,SET OF 3 BABUSHKA STACKING TINS
90032,103.13,-0,103.13,-0,IVORY SHELL HEART NECKLACE
22879,102.46,-0,102.46,-0,NUMBER TILE VINTAGE FONT 0
90063A,102,-0,102,-0,WHITE VINT ART DECO CRYSTAL NECKLAC
90196A,102,-0,102,-0,PURPLE GEMSTONE NECKLACE 45CM
20701,100.97,-0,100.97,-0,PINK CAT FLORAL CUSHION COVER
35637C,100.86,-0,100.86,-0,PINK STRING CURTAIN WITH POLE
16033,100.79999999999998,-0,100.79999999999998,-0,MINI HIGHLIGHTER PENS
35911B,100.76,-0,100.76,-0,PINK/FLOWER RABBIT EGG WARMER
21370,100.66,-0,100.66,-0,MIRRORED WALL ART FOXY
22407,100.53,-0,100.53,-0,MONEY BOX FIRST ADE DESIGN
20795,113.05000000000001,12.6,100.45000000000002,0.11145510835913311,LARGE BLUE PROVENCAL CERAMIC BALL
90010B,100.08999999999999,-0,100.08999999999999,-0,BLACK/WHITE GLASS/SILVER BRACELET
23611,99.60000000000001,-0,99.60000000000001,-0,SET 10 CARDS RED RIDING HOOD 17214
90081C,99.60000000000001,-0,99.60000000000001,-0,LILY BROOCH OLIVE COLOUR
90183A,117.24000000000001,17.700000000000003,99.54,0.15097236438075742,AMBER DROP EARRINGS W LONG BEADS
17091A,99.29,-0,99.29,-0,LAVENDER INCENSE IN TIN
23464,99.2,-0,99.2,-0,VINTAGE ZINC WATERING CAN SMALL
84510c,98.7,-0,98.7,-0,SET OF 4 POLKADOT COASTERS
84898F,98.63000000000001,-0,98.63000000000001,-0,YELLOW FLOWERS FELT HANDBAG KIT
79144C,98.53999999999999,-0,98.53999999999999,-0,PAINTED LIGHTBULB RAINBOW DESIGN
84723,97.95,-0,97.95,-0,CHERRY BLOSSOM CANVAS ART PICTURE
90003D,112.26,15,97.26,0.13361838588989844,CRYSTAL PAIR HEART HAIR SLIDES
47369B,97.13,-0,97.13,-0,BLUE GREEN EMBROIDERY COSMETIC BAG
84806A,96.88999999999999,-0,96.88999999999999,-0,PINK CANDYSTUFT ARTIFICIAL FLOWER
84801A,96.60000000000001,-0,96.60000000000001,-0,PINK HYDRANGEA ART FLOWER
90019B,96.52000000000001,-0,96.52000000000001,-0,GOLD M.O.P ORBIT BRACELET
72801c,95.94,-0,95.94,-0,4 ROSE PINK DINNER CANDLES
90036D,95.35000000000001,-0,95.35000000000001,-0,"FLOWER GLASS GARLAND NECKL.36""BLACK"
90146,95.35,-0,95.35,-0,FINE SILVER NECKLACE W PASTEL FLOWE
90178A,95.25,-0,95.25,-0,AMBER CHUNKY GLASS+BEAD NECKLACE
20653,95.17999999999999,-0,95.17999999999999,-0,CHERRY BLOSSOM LUGGAGE TAG
84527,95.1,-0,95.1,-0,FLAMES SUNGLASSES PINK LENSES
84666,94.80000000000001,-0,94.80000000000001,-0,SQUARE CHERRY BLOSSOM CABINET
21722,95.53,0.85,94.68,0.008897728462263162,SWEET PUDDING STICKER SHEET
22039,105,10.5,94.5,0.1,BOTANICAL LILY GIFT WRAP
90133,94.43,-0,94.43,-0,TEAL/FUSCHIA COL BEAD NECKLACE
82613A,93.63,-0,93.63,-0,"METAL SIGN,CUPCAKE SINGLE HOOK"
47369A,93.19,-0,93.19,-0,PINK GREEN EMBROIDERY COSMETIC BAG
20773,92.39999999999999,-0,92.39999999999999,-0,BLUE PAISLEY NOTEBOOK
90018B,92.28,-0,92.28,-0,GOLD M.O.P ORBIT DROP EARRINGS
35933,92.21,-0,92.21,-0,PINK STOCKING CHRISTMAS DECORATION
85132a,92.19999999999999,-0,92.19999999999999,-0,CHARLIE + LOLA BISCUITS TINS
82615,91.8,-0,91.8,-0,PINK MARSHMALLOW SCARF KNITTING KIT
90030C,91.7,-0,91.7,-0,BROWN KUKUI COCONUT SEED NECKLACE
90175B,91.68,-0,91.68,-0,PINK GLASS CHUNKY CHARM BRACELET
20662,90.42,-0,90.42,-0,FIRST CLASS HOLIDAY PURSE
85230F,90.33999999999999,-0,90.33999999999999,-0,JASMINE VOTIVE CANDLE
90163A,90.32000000000001,-0,90.32000000000001,-0,PINK ROSEBUD & PEARL NECKLACE
21690,90,-0,90,-0,SILVER  CANDLEPOT JARDIN
23574,105,15,90,0.14285714285714285,PACKING CHARGE
72051S,89.94999999999999,-0,89.94999999999999,-0,BAG OF SILVER STONES
35833P,89.72,-0,89.72,-0,4 PINK FLOCK CHRISTMAS BALLS
84461,104.55,15.299999999999999,89.25,0.14634146341463414,12 PINK HEN+CHICKS IN BASKET
20892,89.22,-0,89.22,-0,SET/3 TALL GLASS CANDLE HOLDER PINK
90123A,89.12,-0,89.12,-0,PINK HEART OF GLASS BRACELET
90148,114.48,25.5,88.98,0.22274633123689727,LONG SILVER NECKLACE PASTEL FLOWER
84984A,88.35000000000001,-0,88.35000000000001,-0,GREEN PEONY CUSHION COVER
84306,88.22,-0,88.22,-0,S/3 PINK SQUARE PLANTERS ROSES
90166,88.04,-0,88.04,-0,PINK & WHITE ROSEBUD RING
20898,105.73,17.700000000000003,88.03,0.16740754752671902,VINTAGE NOTEBOOK TRAVELOGUE
90129F,88.03,-0,88.03,-0,RED GLASS TASSLE BAG CHARM
84531B,87.56,-0,87.56,-0,BLUE KNITTED EGG COSY
84989a,87.51,-0,87.51,-0,75 GREEN FAIRY CAKE CASES
23442,87.36,-0,87.36,-0,12 HANGING EGGS HAND PAINTED
20869,86.76,-0,86.76,-0,GOLD FABRIC MIRROR
23614,86.58,-0,86.58,-0,SET 10 CARDS 12 DAYS WRAP  17058
79403,85.52,-0,85.52,-0,FROSTED WHITE BASE
75172,85.31,-0,85.31,-0,PAINTED SEA SHELL METAL WINDCHIME
16169K,84,-0,84,-0,WRAP FOLK ART
90204,96.86,13.4,83.46,0.1383440016518687,PAIR OF ENAMEL BUTTERFLY HAIRCLIP
90072,83.42,-0,83.42,-0,RUBY DROP CHANDELIER EARRINGS
22016,83.33,-0,83.33,-0,Dotcomgiftshop Gift Voucher £100.00
90123C,83.29,-0,83.29,-0,GREEN HEART OF GLASS BRACELET
90129A,82.98,-0,82.98,-0,PINK GLASS TASSLE BAG CHARM
90101,98.07,15.299999999999999,82.77,0.1560110125420618,WHITE FRANGIPANI NECKLACE
35638A,82.1,-0,82.1,-0,PINK AND BLACK STRING CURTAIN
35968,82.1,-0,82.1,-0,FOLK ART METAL HEART T-LIGHT HOLDER
16049,82.08,-0,82.08,-0,TEATIME GEL PENS ASST
21226,81.8,-0,81.8,-0,POCKET MIRROR WOODLAND
20664,81.66,-0,81.66,-0,TROPICAL HOLIDAY PURSE
85023B,235.35000000000002,153.75000000000003,81.6,0.6532823454429574,EAU DE NILE JEWELLED PHOTOFRAME
20941,83.78,2.5,81.28,0.02984005729291,FROG CANDLE
71496A,80.96000000000001,-0,80.96000000000001,-0,A4 WALL TIDY BLUE OFFICE
21038,86.75,5.9,80.85,0.06801152737752161,SET/4 MODERN VINTAGE COTTON NAPKINS
90175C,80.55,-0,80.55,-0,BLUE GLASS CHUNKY CHARM BRACELET
84249A,80.46,-0,80.46,-0,"GREETING CARD,SQUARE, DOUGHNUTS"
90129C,79.76,-0,79.76,-0,GREEN GLASS TASSLE BAG CHARM
90124A,79.66,-0,79.66,-0,PINK MURANO TWIST NECKLACE
84984B,79.05000000000001,-0,79.05000000000001,-0,RED PEONY CUSHION COVER
72811,78.92999999999999,-0,78.92999999999999,-0,SMALL ZINC/GLASS CANDLEHOLDER
20901,91.48,12.7,78.78,0.13882815916047223,VINTAGE KEEPSAKE BOX PINK FLOWER
84847,78.75,-0,78.75,-0,FLORAL BATHROOM SET
90039D,78.69,-0,78.69,-0,FIRE POLISHED GLASS BRACELET GREEN
37479B,78.09,-0,78.09,-0,CUBIC MUG FLOCK BLUE ON BROWN
90000A,77.91,-0,77.91,-0,RASPBERRY ANT COPPER FLOWER NECKLAC
90086,77.78999999999999,-0,77.78999999999999,-0,CRYSTAL FROG PHONE CHARM
90129E,77.03999999999999,-0,77.03999999999999,-0,PURPLE GLASS TASSLE BAG CHARM
90162B,79.65,2.95,76.7,0.037037037037037035,ANT SILVER LIME GREEN BOUDICCA RING
84531A,76.69,-0,76.69,-0,PINK KNITTED EGG COSY
35916B,76.67999999999999,-0,76.67999999999999,-0,BLUE FELT HANGING HEART WITH FLOWER
46000P,76.5,-0,76.5,-0,POLYESTER FILLER PAD 65CMx65CM
90099,76.38,-0,76.38,-0,NECKLACE+BRACELET SET BLUE HIBISCUS
90063B,76.32,-0,76.32,-0,BLACK VINT ART DEC CRYSTAL NECKLACE
84881,82.57,6.35,76.22,0.07690444471357637,BLUE WIRE SPIRAL CANDLE HOLDER
16207B,76.14,-0,76.14,-0,PINK HEART RED HANDBAG
84927E,80.16000000000001,4.2,75.96000000000001,0.05239520958083832,FLOWERS TILE HOOK
21946,75.35,-0,75.35,-0,PARTY TIME DESIGN FLANNEL
90022,90.2,15,75.2,0.1662971175166297,EDWARDIAN DROP EARRINGS JET BLACK
21413,75.02,-0,75.02,-0,PERIWINKLE T-LIGHT HOLDER
84968d,74.88,-0,74.88,-0,SET OF 16 VINTAGE RED CUTLERY
84251G,74.7,-0,74.7,-0,"GREETING CARD, OVERCROWDED POOL."
17012E,74.64,-0,74.64,-0,ORIGAMI OPIUM INCENSE/CANDLE SET
85132b,74.60999999999999,-0,74.60999999999999,-0,CHARLIE AND LOLA TABLE TINS
85198,74.58,-0,74.58,-0,ASSORTED FARMYARD ANIMALS IN BUCKET
21087,74.57000000000001,-0,74.57000000000001,-0,SET/6 POSIES PAPER CUPS
90081A,74.25,-0,74.25,-0,LILY BROOCH AMETHYST COLOUR
85197,73.5,-0,73.5,-0,SET OF 12 MINI BUNNIES IN A BUCKET
90214C,72.77,-0,72.77,-0,"LETTER ""C"" BLING KEY RING"
90103,72.66,-0,72.66,-0,PURPLE FRANGIPANI NECKLACE
84231,72.63000000000001,-0,72.63000000000001,-0,EASTER BUNNY WITH BASKET ON BACK
20960,72.49,-0,72.49,-0,WATERMELON BATH SPONGE
72801G,72.46,-0,72.46,-0,4 BURGUNDY WINE DINNER CANDLES
90030A,72,-0,72,-0,SPOTTED WHITE NATURAL SEED NECKLACE
90108,81.96000000000001,10.5,71.46000000000001,0.1281112737920937,BLUE BLOSSOM HAIR CLIP
90036C,71.4,-0,71.4,-0,"FLOWER GLASS GARLAND NECKL.36""BLUE"
17014A,71.19,-0,71.19,-0,ORIGAMI VANILLA INCENSE CONES
90003E,86.11,15,71.11,0.17419579607478805,GREEN PAIR HEART HAIR SLIDES
20933,71.05,-0,71.05,-0,YELLOW POT PLANT CANDLE
90214S,71,-0,71,-0,"LETTER ""S"" BLING KEY RING"
90211A,70.97,-0,70.97,-0,DIAMOND LAS VEGAS NECKLACE 45CM
47589,70.85000000000001,-0,70.85000000000001,-0,CONGRATULATIONS BUNTING
51020B,70.57,0.29,70.27999999999999,0.004109394927022814,STRIPY DESIGN SHOWER CAP
85026B,70.27,-0,70.27,-0,EAU DE NILE JEWELLED T-LIGHT HOLDER
90051,70.16,-0,70.16,-0,CRACKED GLAZE NECKLACE RED
84927A,70.45,0.39,70.06,0.0055358410220014195,WAKE UP COCKEREL TILE HOOK
16161G,70,-0,70,-0,WRAP BAD HAIR DAY
16020C,69.89999999999999,-0,69.89999999999999,-0,CLEAR STATIONERY BOX SET
90125C,69.85,-0,69.85,-0,TURQUOISE BERTIE GLASS BEAD CHARM
46126A,69.84,-0,69.84,-0,ELVIS WALLHANGING / CURTAIN
81952V,69.73,-0,69.73,-0,ROUND PURPLE CLOCK WITH SUCKER
90199A,69.63,-0,69.63,-0,5 STRAND GLASS NECKLACE BLACK
84549,69.38,-0,69.38,-0,CROCHET WHITE RABBIT KEYRING
20798,75.60000000000001,6.6,69.00000000000001,0.08730158730158728,CLEAR MILKSHAKE GLASS
90019C,68.73,-0,68.73,-0,SILVER BLACK ORBIT BRACELET
85188B,68.69999999999999,-0,68.69999999999999,-0,PINK METAL SWINGING BUNNY
84251B,70.78,2.2800000000000002,68.5,0.03221248940378638,"GREETING CARD, STICKY GORDON"
90151,68,-0,68,-0,SILVER/NATURAL SHELL NECKLACE
90194,67.87,-0,67.87,-0,SILVER LARIAT BLACK STONE EARRINGS
90000B,67.83,-0,67.83,-0,MIDNIGHT BLUE COPPER FLOWER NECKLAC
90155,67.62,-0,67.62,-0,RESIN NECKLACE W PASTEL BEADS
84874B,67.51,-0,67.51,-0,BLUE TRAVEL FIRST AID KIT
82011A,67.5,-0,67.5,-0,"BATHROOM SCALES, TROPICAL BEACH"
85049B,67.5,-0,67.5,-0,LUSH GREENS RIBBONS
35916A,67.39,-0,67.39,-0,YELLOW FELT HANGING HEART W FLOWER
90144,67.36,-0,67.36,-0,SILVER DROP EARRINGS WITH FLOWER
37444A,67.13000000000001,-0,67.13000000000001,-0,YELLOW BREAKFAST CUP AND SAUCER
84859B,66.75999999999999,-0,66.75999999999999,-0,BLUE DISCO HANDBAG
90040B,66.7,-0,66.7,-0,MURANO STYLE GLASS BRACELET BLACK
35819P,66.55,-0,66.55,-0,"ACRYLIC HANGING JEWEL,PINK"
84686,66.39,-0,66.39,-0,BEACH HUT MIRROR
17011F,66.36,-0,66.36,-0,ORIGAMI SANDLEWOOD INCENSE+FLOWER
72807a,66.32,-0,66.32,-0,SET/3 ROSE CANDLE IN JEWELLED BOX
20663,66.25999999999999,-0,66.25999999999999,-0,QUEEN OF THE SKIES HOLIDAY PURSE
85008,66.12,-0,66.12,-0,SET OF 3 CONEY ISLAND OVAL BOXES
20835,65.8,-0,65.8,-0,FRENCH LATTICE CUSHION COVER
20980,76.91,11.25,65.66,0.14627486672734366,36 PENCILS TUBE POSY
21031,65.49,-0,65.49,-0,SPACE CADET BLACK
90214L,65.03999999999999,-0,65.03999999999999,-0,"LETTER ""L"" BLING KEY RING"
84247N,64.9,-0,64.9,-0,PACK/12 BLUE FOLKART CARDS
90174,95.42,30.599999999999998,64.82000000000001,0.3206874869000209,BUTTERFLY HAIR BAND
90059A,74.53,9.899999999999999,64.63,0.13283241647658658,DIAMANTE HAIR GRIP PACK/2 CRYSTAL
90186B,64.58,-0,64.58,-0,CRYSTAL HOOP EARRING FLORAL LEAF
90082D,64.38,-0,64.38,-0,DIAMANTE BOW BROOCH BLACK COLOUR
90036F,64.08,-0,64.08,-0,"FLOWER GLASS GARLD NECKL36""TURQUOIS"
90181A,64.04,-0,64.04,-0,AMBER GLASS/SHELL/PEARL NECKLACE
21692,63.75,-0,63.75,-0,SILVER LATTICE VANILLA CANDLE POT
84875D,63.75,-0,63.75,-0,BLUE SQUARE COMPACT MIRROR
84673A,63.720000000000006,-0,63.720000000000006,-0,PINK FLY SWAT
72133,63.51,-0,63.51,-0,COLUMBIAN CANDLE RECTANGLE
90196B,63.480000000000004,-0,63.480000000000004,-0,BLACK GEMSTONE NECKLACE 45CM
35815P,63.28000000000001,-0,63.28000000000001,-0,"ACRYLIC JEWEL SNOWFLAKE, PINK"
62094B,63.209999999999994,-0,63.209999999999994,-0,TURQ ICE CREAM BUM BAG
90141A,63.11000000000001,-0,63.11000000000001,-0,GREEN PENDANT TRIPLE SHELL NECKLACE
22145,63,-0,63,-0,CHRISTMAS CRAFT HEART STOCKING
40046A,62.5,-0,62.5,-0,RED DAISY PAPER LAMPSHADE
84760S,62.349999999999994,-0,62.349999999999994,-0,SMALL HANGING GLASS+ZINC LANTERN
72351a,62.269999999999996,-0,62.269999999999996,-0,SET/6 TURQUOISE BUTTERFLY T-LIGHTS
84247L,62.06,-0,62.06,-0,FAWN AND MUSHROOM GREETING CARD
20848,61.95,-0,61.95,-0,ZINC HEART LATTICE CHARGER SMALL
90210B,61.56,-0,61.56,-0,CLEAR ACRYLIC FACETED BANGLE
90087,61.46,-0,61.46,-0,CRYSTAL SEA HORSE PHONE CHARM
85160B,62.239999999999995,0.78,61.459999999999994,0.012532133676092546,BLACK BIRD GARDEN DESIGN MUG
16151A,61.25,-0,61.25,-0,FLOWERS HANDBAG blue and orange
90183B,61.08,-0,61.08,-0,AMETHYST DROP EARRINGS W LONG BEADS
71495B,61.050000000000004,-0,61.050000000000004,-0,CD WALL TIDY RED FLOWERS
90065A,60.75,-0,60.75,-0,WHITE VINTAGE CRYSTAL BRACELET
90214K,60.699999999999996,-0,60.699999999999996,-0,"LETTER ""K"" BLING KEY RING"
84984D,60.45,-0,60.45,-0,ORIENTAL RED CUSHION COVER
84805A,60,-0,60,-0,CREAM CLIMBING HYDRANGA ART FLOWER
90031,59.89,-0,59.89,-0,BILI NUT AND WOOD NECKLACE
90206A,59.800000000000004,-0,59.800000000000004,-0,GOLD DIAMANTE STAR BROOCH
23629,59.760000000000005,-0,59.760000000000005,-0,SET 10 CARDS DRESSING UP 17077
84452,62.9,3.4,59.5,0.05405405405405406,METAL RABBIT LADDER EASTER
84840,76.44,17,59.44,0.22239665096807953,SWEETHEART CARRY-ALL BASKET
21910,59.39999999999999,-0,59.39999999999999,-0,WAY OUT METAL SIGN
90118,74.64,15.299999999999999,59.34,0.20498392282958197,PINK DAISY BAG CHARM
79071B,59,-0,59,-0,ENGLISH ROSE METAL WASTE BIN
90185B,97.02000000000001,38.25,58.77000000000001,0.39424860853432275,AMETHYST DIAMANTE EXPANDABLE RING
20760,58.65,-0,58.65,-0,GARDEN PATH POCKET BOOK
90098,73.94999999999999,15.299999999999999,58.64999999999999,0.20689655172413796,NECKLACE+BRACELET PINK BUTTERFLY
72134,58.62,-0,58.62,-0,COLUMBIAN  CUBE CANDLE
90177C,76.23,17.700000000000003,58.53,0.23219205037386859,DROP DIAMANTE EARRINGS CRYSTAL
90190C,58.43,-0,58.43,-0,SILVER/AMETHYST DROP EARRINGS LEAF
84877A,58.160000000000004,-0,58.160000000000004,-0,PINK ROUND COMPACT MIRROR
72802a,58.029999999999994,-0,58.029999999999994,-0,ROSE SCENT CANDLE IN JEWELLED BOX
71406C,57.96,-0,57.96,-0,BLACK ORANGE SQUEEZER
16046,57.8,-0,57.8,-0,TEATIME PEN CASE & PENS
90210A,57.55,-0,57.55,-0,GREY ACRYLIC FACETED BANGLE
84466,57.5,-0,57.5,-0,TOP SECRET PEN SET
84597C,57.5,-0,57.5,-0,RETRO PINK BALL ASHTRAY
85006,57.25,-0,57.25,-0,SET 4 NURSERY DES ROUND BOXES
90214J,57.209999999999994,-0,57.209999999999994,-0,"LETTER ""J"" BLING KEY RING"
21460,56.779999999999994,-0,56.779999999999994,-0,GREEN EASTER EGG HUNT START POST
90199B,56.59,-0,56.59,-0,5 STRAND GLASS NECKLACE AMETHYST
44236,56.52,-0,56.52,-0,PINK/PURPLE CIRCLE CURTAIN
47341B,56.25,-0,56.25,-0,BLUE TABLE RUN FLOWER
90038A,56.15,-0,56.15,-0,GLASS AND PAINTED BEADS BRACELET TO
90177D,73.53,17.700000000000003,55.83,0.24071807425540598,DROP DIAMANTE EARRINGS PURPLE
84679,55.7,-0,55.7,-0,CLASSICAL ROSE TABLE LAMP
21777,95.4,39.75,55.650000000000006,0.41666666666666663,RECIPE BOX WITH METAL HEART
90023,55.02,-0,55.02,-0,FILIGREE DIAMANTE EARRINGS
90071,54.62,-0,54.62,-0,RUBY GLASS CLUSTER EARRINGS
84750B,54.99,0.39,54.6,0.0070921985815602835,BLACK SMALL GLASS CAKE STAND
72132,54.599999999999994,-0,54.599999999999994,-0,COLUMBIAN CUBE CANDLE
21336,54.57,-0,54.57,-0,GOLD WASHBAG
90040C,54.42,-0,54.42,-0,MURANO STYLE GLASS BRACELET GOLD
20759,54.4,-0,54.4,-0,CHRYSANTHEMUM POCKET BOOK
90040A,54.290000000000006,-0,54.290000000000006,-0,MURANO STYLE GLASS BRACELET RED
84251C,53.88,-0,53.88,-0,"GREETING CARD, TWO SISTERS."
90012A,53.760000000000005,-0,53.760000000000005,-0,MIDNIGHT BLUE DROP CRYSTAL NECKLACE
84985A,60.9,7.25,53.65,0.11904761904761905,SET OF 72 GREEN PAPER DOILIES
90035A,53.62,-0,53.62,-0,"PEARL & SHELL 42""NECKL. GREEN"
20851,53.550000000000004,-0,53.550000000000004,-0,ZINC HEART LATTICE TRAY OVAL
20697,53.55,-0,53.55,-0,LITTLE GREEN MONSTER SOFT TOY
20756,53.55,-0,53.55,-0,GREEN FERN POCKET BOOK
47586A,53.55,-0,53.55,-0,PINK FAIRY CAKE CUSHION COVER
90123B,53.42,-0,53.42,-0,TURQUOISE HEART OF GLASS BRACELET
90214E,53.199999999999996,-0,53.199999999999996,-0,"LETTER ""E"" BLING KEY RING"
90163B,52.72,-0,52.72,-0,WHITE ROSEBUD & PEARL NECKLACE
84805B,52.5,-0,52.5,-0,BLUE CLIMBING HYDRANGA ART FLOWER
84842,52.5,-0,52.5,-0,HELLO SAILOR BATHROOM SET
90138,52.42,-0,52.42,-0,WHITE/PINK MINI CRYSTALS NECKLACE
90141C,52.31,-0,52.31,-0,TURQ PENDANT TRIPLE SHELL NECKLACE
35265,52.2,-0,52.2,-0,COLOURFUL FLOWER FRUIT BOWL
85028S,51.599999999999994,-0,51.599999999999994,-0,FRENCH CHATEAU SMALL FRUITBOWL
90205A,51.51,-0,51.51,-0,LARGE MINT DIAMANTE HAIRSLIDE
84597B,51.25,-0,51.25,-0,RETRO BROWN BALL ASHTRAY
20910,50.8,-0,50.8,-0,VINTAGE PHOTO ALBUM PARIS DAYS
84534B,50.72,-0,50.72,-0,FAIRY CAKE NOTEBOOK A5 SIZE
17007B,50.400000000000006,-0,50.400000000000006,-0,S/3 POT POURI CUSHIONS BLUE COLOURS
47348A,50.309999999999995,-0,50.309999999999995,-0,FUSCHIA VOILE POINTY SHOE DEC
44242B,50.28,-0,50.28,-0,PINK FEATHERS CURTAIN
90024B,67.28,17,50.28,0.25267538644470866,NEW BAROQUE B'FLY NECKLACE RED
90214D,49.9,-0,49.9,-0,"LETTER ""D"" BLING KEY RING"
90214M,49.82,-0,49.82,-0,"LETTER ""M"" BLING KEY RING"
90180B,49.81,-0,49.81,-0,PURPLE AMETHYST NECKLACE W TASSEL
23603,49.800000000000004,-0,49.800000000000004,-0,SET 10 CARD KRAFT REINDEER 17084
90079,49.760000000000005,-0,49.760000000000005,-0,VINTAGE ENAMEL & CRYSTAL NECKLACE
20667,49.69,-0,49.69,-0,CHERRY BLOSSOM PURSE
90142D,49.64,-0,49.64,-0,MOP PENDANT SHELL NECKLACE
90157,49.59,-0,49.59,-0,RIVIERA NECKLACE
21816,49.3,-0,49.3,-0,CHRISTMAS TREE T-LIGHT HOLDER
21089,48.99,-0,48.99,-0,SET/6 GREEN SPRING PAPER CUPS
90038B,48.77,-0,48.77,-0,GLASS AND PAINTED BEADS BRACELET OL
84497,48.75,-0,48.75,-0,BUTTONS AND STRIPES NOTEBOOK
90002D,48.71,-0,48.71,-0,FLOWER BURST SILVER RING CRYSTAL
21720,48.449999999999996,-0,48.449999999999996,-0,CAKE SHOP  STICKER SHEET
84559a,48.379999999999995,-0,48.379999999999995,-0,3D SHEET OF DOG STICKERS
84510E,48.29,-0,48.29,-0,SET OF 4 GREEN CAROUSEL COASTERS
90205C,48.21,-0,48.21,-0,LARGE CRYSTAL DIAMANTE HAIRSLIDE
84402B,48.19,-0,48.19,-0,PURPLE DRESS JEWELLERY STAND
90125B,48.06,-0,48.06,-0,AQUA BERTIE GLASS BEAD BAG CHARM
84927D,52.25,4.2,48.05,0.08038277511961722,LA PALMIERA TILE HOOK
90036A,47.7,-0,47.7,-0,FLOWER GARLAND NECKLACE RED
90165B,47.43,-0,47.43,-0,WHITE ROSEBUD  PEARL EARRINGS
17084J,47.25,-0,47.25,-0,LOVE POTION MASALA INCENSE
84706F,47.2,-0,47.2,-0,RED PEONY TABLE CLOCK
84715,47.2,-0,47.2,-0,SET OF 6 ICE CREAM SKITTLES
90190A,46.760000000000005,-0,46.760000000000005,-0,SILVER/CRYSTAL DROP EARRINGS W LEAF
90202D,64.46000000000001,17.700000000000003,46.760000000000005,0.2745888923363326,PINK ENAMEL FLOWER HAIR TIE
90202A,64.28,17.700000000000003,46.58,0.2753578095830741,PURPLE ENAMEL FLOWER HAIR TIE
21392,46.39,-0,46.39,-0,RED POLKADOT PUDDING BOWL
84801B,46.2,-0,46.2,-0,WHITE HYDRANGEA ART FLOWER
90018C,50.400000000000006,4.25,46.150000000000006,0.08432539682539682,SILVER BLACK ORBIT DROP EARRINGS
85031A,45.9,-0,45.9,-0,ROMANTIC IMAGES SCRAP BOOK SET
90012B,45.35000000000001,-0,45.35000000000001,-0,BLACK DROP CRYSTAL NECKLACE
90176D,52.5,7.5,45,0.14285714285714285,DIAMANTE NECKLACE PURPLE
23625,44.910000000000004,-0,44.910000000000004,-0,SET 6 CARDS SPARKLY REINDEER 17262
90141B,44.86,-0,44.86,-0,IVORY PENDANT TRIPLE SHELL NECKLACE
85185D,44.25000000000001,-0,44.25000000000001,-0,FROG SOCK PUPPET
84086B,47.2,2.95,44.25,0.0625,YELLOW/BLUE RETRO RADIO
20670,44.04,-0,44.04,-0,VIP HOLIDAY PURSE
47344B,43.66,-0,43.66,-0,BLUE FLOWER DES PURSE
79063C,43.65,-0,43.65,-0,"RETRO PILL BOX KEY CHAIN,THE KING"
90056,43.510000000000005,-0,43.510000000000005,-0,CHUNKY CRACKED GLAZE NECKLACE IVORY
20698,43.349999999999994,-0,43.349999999999994,-0,LITTLE PINK MONSTER SOFT TOY
90014C,43.199999999999996,-0,43.199999999999996,-0,SILVER AND BLACK ORBIT NECKLACE
37444C,43.050000000000004,-0,43.050000000000004,-0,PINK BREAKFAST CUP AND SAUCER
23038,42.919999999999995,-0,42.919999999999995,-0,T-LIGHT HOLDER SILVER SAUCER
84539,42.9,-0,42.9,-0,KNITTED RABBIT DOLL
84857B,46.8,3.9,42.9,0.08333333333333334,BLUE MONTE CARLO HANDBAG
22987,42.84,-0,42.84,-0,WRAP SUMMER ROSE DESIGN
20818,42.7,-0,42.7,-0,GOLD TEDDY BEAR
16254,42.58,-0,42.58,-0,TRANSPARENT ACRYLIC TAPE DISPENSER
84922,42.29,-0,42.29,-0,PINK BUTTERFLY WASHBAG
90029,42.14,-0,42.14,-0,NEW BAROQUE SMALL NECKLACE BLACK
90024F,42.13,-0,42.13,-0,NEW BAROQUE B'FLY NECKLACE CRYSTAL
90185C,110.09,68,42.09,0.6176764465437369,BLACK DIAMANTE EXPANDABLE RING
47570b,42.019999999999996,-0,42.019999999999996,-0,TEA TIME TABLE CLOTH
17084A,42,-0,42,-0,TRANQUILITY MASALA INCENSE
90050,55.720000000000006,13.9,41.82000000000001,0.24946159368269918,CRACKED GLAZE NECKLACE IVORY
90120D,41.790000000000006,-0,41.790000000000006,-0,WHITE MURANO TWIST BRACELET
20666,41.53,-0,41.53,-0,ECONOMY HOLIDAY PURSE
15030,41.47,-0,41.47,-0,FAN BLACK FRAME
72807c,41.449999999999996,-0,41.449999999999996,-0,SET/3 VANILLA SCENTED CANDLE IN BOX
90211B,53.260000000000005,11.9,41.36000000000001,0.22343221930153961,JET BLACK LAS VEGAS NECKLACE 45CM
90003B,56.31,15,41.31,0.2663825253063399,ROSE COLOUR PAIR HEART HAIR SLIDES
90039B,41.31,-0,41.31,-0,FIRE POLISHED GLASS BRACELET MONTAN
85089,41.300000000000004,-0,41.300000000000004,-0,CANDY SPOT BUNNY
90162C,41.300000000000004,-0,41.300000000000004,-0,ANT SILVER FUSCHIA BOUDICCA RING
84921,41.25,-0,41.25,-0,CREAM AND PINK FLOWERS PONY
90064B,45,3.75,41.25,0.08333333333333333,BLACK VINTAGE  CRYSTAL EARRINGS
23448,41.24999999999999,-0,41.24999999999999,-0,CREAM BUNNY EASTER EGG BASKET
75013B,41.24999999999999,-0,41.24999999999999,-0,"STRING OF 8 BUTTERFLIES,PINK"
90067A,41.150000000000006,-0,41.150000000000006,-0,PINK VINTAGE VICTORIAN EARRINGS
90177B,41.010000000000005,-0,41.010000000000005,-0,DROP DIAMANTE EARRINGS BLACK DIAMON
90202C,58.71,17.700000000000003,41.01,0.30148185998978033,GREEN ENAMEL FLOWER HAIR TIE
90130C,40.95,-0,40.95,-0,GREEN STONE/CRYSTAL EARRINGS
10120,40.53,-0,40.53,-0,DOGGY RUBBER
71495A,40.38,-0,40.38,-0,CD WALL TIDY BLUE OFFICE
90214G,40.199999999999996,-0,40.199999999999996,-0,"LETTER ""G"" BLING KEY RING"
85092,40.05,-0,40.05,-0,CANDY SPOT TEA COSY
90187B,40.03,-0,40.03,-0,GREEN DROP EARRINGS W BEAD CLUSTER
90165A,39.98,-0,39.98,-0,PINK ROSEBUD PEARL EARRINGS
72369A,39.92,-0,39.92,-0,PINK CLEAR GLASS CANDLE PLATE
90135,39.660000000000004,-0,39.660000000000004,-0,ORANGE/WHT/FUSCHIA STONES NECKLACE
84725,39.65,-0,39.65,-0,FREESTYLE CANVAS ART PICTURE
84596f,39.36,-0,39.36,-0,SMALL MARSHMALLOWS PINK BOWL
21307,39.199999999999996,-0,39.199999999999996,-0,SET/4 BUTTERFLY MIRROR MAGNETS
35910A,39,-0,39,-0,MULTICOLOUR EASTER RABBIT
47341A,38.75,-0,38.75,-0,FUSCHIA TABLE RUN FLOWER
90064A,38.7,-0,38.7,-0,WHITE VINTAGE CRYSTAL EARRINGS
21393,38.67,-0,38.67,-0,BLUE POLKADOT PUDDING BOWL
47420,38.38,-0,38.38,-0,ASSORTED COLOUR SUCTION CUP HOOK
84559b,38.33,-0,38.33,-0,3D SHEET OF CAT STICKERS
84746,38.31,-0,38.31,-0,PINK EASTER HENS+FLOWER
84617,38.25,-0,38.25,-0,NEW BAROQUE BLACK BOXES
84925D,38.25,-0,38.25,-0,LA PALMIERA WALL THERMOMETER
90190B,38.18,-0,38.18,-0,GOLD/AMBER DROP EARRINGS W LEAF
81952B,38,-0,38,-0,ROUND BLUE CLOCK WITH SUCKER
84033,37.949999999999996,-0,37.949999999999996,-0,FLAG OF ST GEORGE
84751B,38.69,0.79,37.9,0.020418712845696563,BLACK MEDIUM GLASS CAKE STAND
84809B,37.800000000000004,-0,37.800000000000004,-0,PINK CHRYSANTHEMUMS ART FLOWER
90075,37.66,-0,37.66,-0,MONTANA DIAMOND CLUSTER NECKLACE
90199D,37.620000000000005,-0,37.620000000000005,-0,5 STRAND GLASS NECKLACE AMBER
90212B,37.62,-0,37.62,-0,JET BLACK LAS VEGAS BRACELET ROUND
72709,37.4,-0,37.4,-0,IVORY SCULPTED RND CANDLE
35809a,37.33,-0,37.33,-0,ENAMEL PINK TEA CONTAINER
84509b,37.3,-0,37.3,-0,SET OF 4 FAIRY CAKE PLACEMATS
90074,37.239999999999995,-0,37.239999999999995,-0,BLACK DIAMOND CLUSTER NECKLACE
84522,36.76,-0,36.76,-0,PINK PARTY SUNGLASSES
90085,36.76,-0,36.76,-0,CRYSTAL STILETTO PHONE CHARM
90214H,36.76,-0,36.76,-0,"LETTER ""H"" BLING KEY RING"
71510,36.519999999999996,-0,36.519999999999996,-0,SQUARE METAL CANDLEHOLDER BASE
35913B,36.33,-0,36.33,-0,WHITE/PINK CHICK EASTER DECORATION
84548,36.3,-0,36.3,-0,CROCHET BEAR RED/BLUE  KEYRING
17090D,36.25,-0,36.25,-0,VANILLA INCENSE 40 CONES IN TIN
84226,36.21,-0,36.21,-0,HEN HOUSE W FAMILY IN BARN & NEST
85216,35.75,-0,35.75,-0,ASSORTED CAKES FRIDGE MAGNETS
90094,35.699999999999996,-0,35.699999999999996,-0,NECKLACE+BRACELET SET FRUIT SALAD
90179C,35.44,-0,35.44,-0,BLACK FINE BEAD NECKLACE W TASSEL
84247K,67.85000000000001,32.45,35.400000000000006,0.47826086956521735,"FOLK ART GREETING CARD,pack/12"
79063D,35.33,-0,35.33,-0,"RETRO PILL BOX , REVOLUTIONARY"
90123D,35.31,-0,35.31,-0,WHITE HEART OF GLASS BRACELET
90179A,35.31,-0,35.31,-0,AMBER FINE BEAD NECKLACE W TASSEL
90011B,35.27,-0,35.27,-0,BLACK CRYSTAL DROP EARRINGS
90060F,35.160000000000004,-0,35.160000000000004,-0,FIRE POLISHED GLASS NECKL GREEN
90186A,35.11,-0,35.11,-0,AMETHYST HOOP EARRING FLORAL LEAF
90131,34.870000000000005,-0,34.870000000000005,-0,PINK/AMETHYST/GOLD NECKLACE
90168,52.56,17.700000000000003,34.86,0.33675799086757996,2 DAISIES HAIR COMB
90049,34.77,-0,34.77,-0,IVORY GOLD METAL BAG CHARM
20827,34.32,-0,34.32,-0,GOLD APERITIF GLASS
79406,34.12,-0,34.12,-0,FROSTED WHITE BASE
81950B,33.93,-0,33.93,-0,FLOWER BLUE CLOCK WITH SUCKER
84873A,33.9,-0,33.9,-0,FUNKY FLOWER PICNIC BAG FOR 4
90026C,33.82,-0,33.82,-0,GLASS BEAD HOOP NECKLACE GREEN
90024C,33.81,-0,33.81,-0,NEW BAROQUE B'FLY NECKLACE GREEN
17136A,33.75,-0,33.75,-0,BLUE STONES ON WIRE FOR CANDLE
90038C,33.69,-0,33.69,-0,GLASS AND BEADS BRACELET IVORY
72783,33.6,-0,33.6,-0,BLACK SIL'T SQU CANDLE PLATE
90129D,33.440000000000005,-0,33.440000000000005,-0,AMBER GLASS TASSLE BAG CHARM
84575A,39.3,5.95,33.349999999999994,0.1513994910941476,PINK DOG CANNISTER
37423,33.18,-0,33.18,-0,WHITE WITH BLACK CATS PLATE
72807b,33.16,-0,33.16,-0,SET/3 OCEAN SCENT CANDLE JEWEL BOX
90169,47.839999999999996,15.299999999999999,32.54,0.31981605351170567,DAISY HAIR COMB
35610C,32.51,-0,32.51,-0,WHITE CHRISTMAS FLOCK DROPLET
37468,32.42,-0,32.42,-0,HARDMAN MUG 3 ASSORTED
17109D,32.35,-0,32.35,-0,FLOWER FAIRY INCENSE BOUQUET
46138B,43.15,11.05,32.099999999999994,0.25608342989571264,BLUE CHENILLE SHAGGY CUSHION COVER
90202B,49.650000000000006,17.700000000000003,31.950000000000003,0.35649546827794565,WHITE ENAMEL FLOWER HAIR TIE
84824,31.9,-0,31.9,-0,DANISH ROSE UMBRELLA STAND
90036B,31.8,-0,31.8,-0,"FLOWER GLASS GARLAND NECKL.36""GREEN"
90059D,41.449999999999996,9.899999999999999,31.549999999999997,0.23884197828709286,DIAMANTE HAIR GRIP PACK/2 PERIDOT
90059E,41.37,9.899999999999999,31.47,0.23930384336475705,DIAMANTE HAIR GRIP PACK/2 RUBY
20878,31.25,-0,31.25,-0,SET/9 CHRISTMAS T-LIGHTS SCENTED
23632,31.200000000000003,-0,31.200000000000003,-0,SET 10 CARDS CHEERFUL ROBIN 17065
44228,30.599999999999998,-0,30.599999999999998,-0,CANNABIS LEAF BEAD CURTAIN
85018D,30.599999999999998,-0,30.599999999999998,-0,YULETIDE IMAGES S/6 PAPER BOXES
37471,30.43,-0,30.43,-0,MULTICOLOUR POLKADOT PLATE
90176B,30.12,-0,30.12,-0,DIAMANTE NECKLACE BLACK
35610B,30,-0,30,-0,BLACK CHRISTMAS FLOCK DROPLET
90176E,29.98,-0,29.98,-0,DIAMANTE NECKLACE GREEN
90195B,29.98,-0,29.98,-0,BLACK GEMSTONE BRACELET
90039A,29.96,-0,29.96,-0,FIRE POLISHED GLASS BRACELET RED
21310,29.95,-0,29.95,-0,CAPIZ CHANDELIER
90122B,29.93,-0,29.93,-0,JADE CRYSTAL+GLASS BRACELET
90136,29.849999999999998,-0,29.849999999999998,-0,PALE PINK/AMETHYST STONE NECKLACE
84660a,29.84,-0,29.84,-0,WHITE STITCHED WALL CLOCK
90159,29.790000000000003,-0,29.790000000000003,-0,COTE D'AZURE NECKLACE
90001D,29.73,-0,29.73,-0,ANTIQUE OLIVE GREEN FLOWER EARRINGS
90120A,29.73,-0,29.73,-0,PINK MURANO TWIST BRACELET
21757,29.700000000000003,-0,29.700000000000003,-0,LIGHTHOUSE PRINTED METAL SIGN
21040,29.7,-0,29.7,-0,MODERN VINTAGE COTTON SHOPPING BAG
35816P,29.64,-0,29.64,-0,"ACRYLIC JEWEL ANGEL,PINK"
90214I,29.619999999999997,-0,29.619999999999997,-0,"LETTER ""I"" BLING KEY RING"
84706D,29.599999999999998,-0,29.599999999999998,-0,CHERRY BLOSSOM TABLE CLOCK
90162D,29.500000000000004,-0,29.500000000000004,-0,ANT SILVER PURPLE BOUDICCA RING
84465,29.5,-0,29.5,-0,15 PINK FLUFFY CHICKS IN BOX
82605,29.400000000000002,-0,29.400000000000002,-0,OLD DOC RUSSEL METAL SIGN
84558a,29.310000000000002,-0,29.310000000000002,-0,3D DOG PICTURE PLAYING CARDS
85030,29.25,-0,29.25,-0,FRENCH CHATEAU OVAL PLATTER
90214N,29.23,-0,29.23,-0,"LETTER ""N"" BLING KEY RING"
84199,29.19,-0,29.19,-0,GLOW IN DARK DOLPHINS
21011,29,-0,29,-0,GLITTER SNOW PEAR TREE DECORATION
46776f,28.91,-0,28.91,-0,WOVEN ROSE GARDEN CUSHION COVER
90152A,28.76,-0,28.76,-0,SILVER/NAT SHELL NECKLACE W PENDANT
90093,28.57,-0,28.57,-0,CLEAR CRYSTAL STAR PHONE CHARM
90027D,28.4,-0,28.4,-0,GLASS BEAD HOOP EARRINGS AMETHYST
17165D,28.35,-0,28.35,-0,ASS COL LARGE SAND FROG P'WEIGHT
84798A,58.65,30.599999999999998,28.05,0.5217391304347826,PINK FOXGLOVE ARTIIFCIAL FLOWER
20857,52.8,24.75,28.049999999999997,0.46875,BLUE ROSE PATCH PURSE PINK BUTTERFL
90005A,28.02,-0,28.02,-0,JADE GREEN ENAMEL HAIR COMB
90214R,28.009999999999998,-0,28.009999999999998,-0,"LETTER ""R"" BLING KEY RING"
84613A,27.900000000000002,-0,27.900000000000002,-0,PINK NEW BAROQUE FLOCK CANDLESTICK
79066k,27.77,-0,27.77,-0,RETRO MOD TRAY
79191D,37.61,10.2,27.41,0.2712044668971018,RETRO PLASTIC DAISY TRAY
23613,27.39,-0,27.39,-0,SET 10 XMAS CARDS & BADGES 17070
23637,27.39,-0,27.39,-0,SET 10 CARDS OUT OF ORDER 17216
85017C,27.02,-0,27.02,-0,ENVELOPE 50 CURIOUS IMAGES
23702,27,-0,27,-0,High Resolution Image
84993a,26.56,-0,26.56,-0,75 GREEN PETIT FOUR CASES
35598A,26.550000000000004,-0,26.550000000000004,-0,DUSTY PINK CHRISTMAS TREE 60CM
84675,26.55,-0,26.55,-0,FROG KING WATERING CAN
21836,26.490000000000002,-0,26.490000000000002,-0,GINGHAM OVEN GLOVE RED HEART
90212C,26.25,-0,26.25,-0,PURPLE LAS VEGAS BRACELET ROUND
23636,26.19,-0,26.19,-0,SET 10 CARDS WISHING TREE 17116
90183C,26.15,-0,26.15,-0,BLACK DROP EARRINGS W LONG BEADS
84968B,25.5,-0,25.5,-0,SET OF 16 VINTAGE IVORY CUTLERY
90026D,25.5,-0,25.5,-0,GLASS BEAD HOOP NECKLACE AMETHYST
72140E,26.349999999999998,0.85,25.499999999999996,0.03225806451612903,BEST DAD CANDLE LETTERS
84968f,25.49,-0,25.49,-0,SET OF 16 VINTAGE SKY BLUE CUTLERY
35910B,25.349999999999998,-0,25.349999999999998,-0,PINK FLOWERS RABBIT EASTER
90026B,25.32,-0,25.32,-0,GLASS BEAD HOOP NECKLACE MONTANA
90037B,25.279999999999998,-0,25.279999999999998,-0,TINY CRYSTAL BRACELET GREEN
90013D,25.17,-0,25.17,-0,PURPLE VINTAGE EARRINGS
90188,25.13,-0,25.13,-0,DROP EARRINGS W FLOWER & LEAF
84596e,25.099999999999998,-0,25.099999999999998,-0,SMALL LICORICE DES PINK BOWL
90033,25.07,-0,25.07,-0,IVORY SHELL HEART EARRINGS
90016C,24.96,-0,24.96,-0,SILVER/BLACK PENDANT ORBIT NECKLACE
23620,24.900000000000002,-0,24.900000000000002,-0,SET 10 CARDS PERFECT POST 17090
15060b,24.869999999999997,-0,24.869999999999997,-0,FAIRY CAKE DESIGN UMBRELLA
85034a,24.869999999999997,-0,24.869999999999997,-0,3 GARDENIA MORRIS BOXED CANDLES
85115B,24.869999999999997,-0,24.869999999999997,-0,S/4 BLACK DISCO PARTITION PANEL
85132c,24.869999999999997,-0,24.869999999999997,-0,CHARLIE AND LOLA FIGURES TINS
90043,24.810000000000002,-0,24.810000000000002,-0,COPPER AND BRASS BAG CHARM
90059F,34.69,9.899999999999999,24.79,0.28538483712885554,DIAMANTE HAIR GRIP PACK/2 LT ROSE
90214B,24.77,-0,24.77,-0,"LETTER ""B"" BLING KEY RING"
20820,24.75,-0,24.75,-0,SILVER LOOKING MIRROR
20821,84.15,59.400000000000006,24.75,0.7058823529411765,GOLDIE LOOKING MIRROR
84854,24.75,-0,24.75,-0,GIRLY PINK TOOL SET
90141E,24.75,-0,24.75,-0,ORANGE PENDANT TRIPLE SHELL NECKLAC
20778,24.749999999999996,-0,24.749999999999996,-0,GARDEN PATH NOTEBOOK
84993B,24.36,-0,24.36,-0,75 BLACK PETIT FOUR CASES
47503J,23.85,-0,23.85,-0,SET/3 FLORAL GARDEN TOOLS IN BAG
84562A,23.85,-0,23.85,-0,PINK/WHITE RIBBED MELAMINE JUG
21357,23.75,-0,23.75,-0,TOAST ITS - DINOSAUR
84803B,28.73,5.07,23.66,0.17647058823529413,WHITE ALLIUM  ARTIFICIAL FLOWER
35909A,23.6,-0,23.6,-0,RABBIT EASTER DECORATION
35909B,23.6,-0,23.6,-0,PINK FLOWERS RABBIT EASTER
90083,23.47,-0,23.47,-0,CRYSTAL CZECH CROSS PHONE CHARM
90177E,41.080000000000005,17.700000000000003,23.380000000000003,0.4308666017526777,DROP DIAMANTE EARRINGS GREEN
90176C,23.32,-0,23.32,-0,DIAMANTE NECKLACE
23623,23.28,-0,23.28,-0,SET 10 CARD CHRISTMAS WELCOME 17112
90182C,40.96,17.700000000000003,23.259999999999998,0.43212890625000006,BLACK 3 BEAD DROP EARRINGS
90177A,40.900000000000006,17.700000000000003,23.200000000000003,0.43276283618581907,CLASSIC DIAMANTE EARRINGS JET
90182A,23.2,-0,23.2,-0,AMBER 3 BEAD DROP EARRINGS
90104,23.16,-0,23.16,-0,PURPLE FRANGIPANI HAIRCLIP
85195,23.1,-0,23.1,-0,HANGING HEART BASKET
85206B,23.099999999999998,-0,23.099999999999998,-0,PINK FELT EASTER EGG BASKET
22351,23.089999999999996,-0,23.089999999999996,-0,DOTCOMGIFTSHOP TEA TOWEL
90214Y,22.839999999999996,-0,22.839999999999996,-0,"LETTER ""Y"" BLING KEY RING"
90054,22.58,-0,22.58,-0,CRACKED GLAZE EARRINGS RED
90039C,22.48,-0,22.48,-0,FIRE POLISHED GLASS BRACELET BLACK
23640,22.410000000000004,-0,22.410000000000004,-0,SET 10 CARDS SCOTTIE DOG 17211
23645,22.410000000000004,-0,22.410000000000004,-0,SET 10 CHRISTMAS CARDS HOHOHO 16956
21018,22.06,-0,22.06,-0,BIRD BOX CHRISTMAS TREE DECORATION
21461,25.81,3.9,21.91,0.1511042231693142,BLUE EASTER EGG HUNT START POST
90076,24.119999999999997,2.55,21.569999999999997,0.10572139303482588,MONTANA DIAMOND CLUSTER EARRINGS
90035C,21.5,-0,21.5,-0,"PEARL & SHELL 42""NECKL. IVORY"
84387A,21.45,-0,21.45,-0,BIRD ON BRANCH CANVAS SCREEN
84551,21.449999999999996,-0,21.449999999999996,-0,CROCHET DOG KEYRING
20695,21.25,-0,21.25,-0,FLORAL BLUE MONSTER
90001B,21.15,-0,21.15,-0,ANTIQUE MID BLUE FLOWER EARRINGS
90001C,21.130000000000003,-0,21.130000000000003,-0,ANTIQUE OPAL WHITE FLOWER EARRINGS
90125E,21.05,-0,21.05,-0,AMBER BERTIE GLASS BEAD BAG CHARM
16169P,21,-0,21,-0,WRAP GREEN RUSSIAN FOLKART
23692,21,-0,21,-0,WRAP A PRETTY THANK YOU
90001A,20.950000000000003,-0,20.950000000000003,-0,ANTIQUE RASPBERRY FLOWER EARRINGS
17001,20.88,-0,20.88,-0,HEAVENS SCENT FRAGRANCE OILS ASSTD
47518f,20.73,-0,20.73,-0,ICON PLACEMAT POP ART ELVIS
46776a,20.65,-0,20.65,-0,WOVEN BUBBLE GUM CUSHION COVER
85126,27.14,6.75,20.39,0.24871039056742814,LARGE ROUND CUTGLASS CANDLESTICK
90141D,20.36,-0,20.36,-0,ROSE PENDANT TRIPLE SHELL NECKLACE
20793,54,33.75,20.25,0.625,BLUE TILED TRAY
90214P,20.23,-0,20.23,-0,"LETTER ""P"" BLING KEY RING"
90034,20.17,-0,20.17,-0,WHITE SILVER NECKLACE SHELL GLASS
84415B,20,-0,20,-0,BLUE FLOCK CUSHION COVER
23601,19.92,-0,19.92,-0,SET 10 CARDS SNOWY SNOWDROPS  17100
23616,19.92,-0,19.92,-0,SET 10 CARDS JINGLE BELLS 17217
23646,19.92,-0,19.92,-0,SET 10 CARDS JINGLE BELLS 16957
21681,19.9,-0,19.9,-0,GIANT MEDINA STAMPED METAL BOWL
35817P,19.86,-0,19.86,-0,"ACRYLIC JEWEL SNOWFLAKE,PINK"
37491A,19.81,-0,19.81,-0,YELLOW/PINK CERAMIC CANDLE HOLDER
90156,19.8,-0,19.8,-0,RESIN BRACELET W PASTEL BEADS
37487B,19.72,-0,19.72,-0,YELLOW/ORANGE FLOWER DESIGN PLATE
85028L,19.5,-0,19.5,-0,FRENCH CHATEAU LARGE FRUIT BOWL
79062D,19.4,-0,19.4,-0,"RETRO TIN ASHTRAY,REVOLUTIONARY"
21416,18.75,-0,18.75,-0,CLAM SHELL LARGE
21538,18.75,-0,18.75,-0,DAIRY MAID  PUDDING BOWL
44092C,18.7,-0,18.7,-0,PURPLE/COPPER HANGING LAMPSHADE
90041,18.27,-0,18.27,-0,PEARL AND CHERRY QUARTZ BRACLET
35607B,18.240000000000002,-0,18.240000000000002,-0,BLACK FEATHER CHRISTMAS DECORATION
72821,18.15,-0,18.15,-0,CUPID SCENTED CANDLE IN GLASS
85024C,19.799999999999997,1.65,18.15,0.08333333333333334,PINK SMALL JEWELLED PHOTOFRAME
21661,17.85,-0,17.85,-0,VINTAGE GLASS TEA CADDY
90060D,17.85,-0,17.85,-0,FIRE POLISHED GLASS NECKL BRONZE
84798B,28.049999999999997,10.2,17.849999999999998,0.36363636363636365,PURPLE FOXGLOVE ARTIIFCIAL FLOWER
84856L,17.82,-0,17.82,-0,LARGE TAHITI BEACH BAG
20935,17.700000000000003,-0,17.700000000000003,-0,ROUND CACTUS CANDLE
90162A,17.700000000000003,-0,17.700000000000003,-0,ANT SILVER TURQUOISE BOUDICCA RING
90027A,17.66,-0,17.66,-0,GLASS BEAD HOOP EARRINGS BLACK
90179B,17.59,-0,17.59,-0,PURPLE FINE BEAD NECKLACE W TASSEL
84596b,17.57,-0,17.57,-0,SMALL DOLLY MIX DESIGN ORANGE BOWL
90011A,17.509999999999998,-0,17.509999999999998,-0,MIDNIGHT BLUE CRYSTAL DROP EARRINGS
79331,17.5,-0,17.5,-0,PINK FLOCK GLASS CANDLEHOLDER
90130A,17.5,-0,17.5,-0,WHITE STONE/CRYSTAL EARRINGS
35597D,17.48,-0,17.48,-0,PINK/WHITE CHRISTMAS TREE 30CM
23627,17.43,-0,17.43,-0,SET 10 CARDS XMAS GRAPHIC  17218
37489D,17.16,-0,17.16,-0,PINK/GREEN FLOWER DESIGN BIG MUG
35645,17,-0,17,-0,VINTAGE BEAD PINK JEWEL BOX
47574B,17,-0,17,-0,ENGLISH ROSE SCENTED HANGING HEART
85084,17,-0,17,-0,HOLLY TOP CHRISTMAS STOCKING
90026A,17,-0,17,-0,GLASS BEAD HOOP NECKLACE BLACK
21120,16.98,-0,16.98,-0,*Boombox Ipod Classic
20954,16.94,-0,16.94,-0,*USB Office Mirror Ball
21595,16.94,-0,16.94,-0,Dad's Cab Electronic Meter
85035a,16.94,-0,16.94,-0,GARDENIA 3 WICK MORRIS BOXED CANDLE
90024D,16.82,-0,16.82,-0,NEW BAROQUE B'FLY NECKLACE PINK
90024E,16.810000000000002,-0,16.810000000000002,-0,NEW BAROQUE B'FLY NECKLACE MONTANA
37489B,16.77,-0,16.77,-0,BLUE/YELLOW FLOWER DESIGN BIG MUG
23644,16.65,-0,16.65,-0,SET 10 CARDS CHRISTMAS TREE 16955
84031a,16.63,-0,16.63,-0,CHARLIE+LOLA RED HOT WATER BOTTLE
84031b,16.63,-0,16.63,-0,CHARLIE LOLA BLUE HOT WATER BOTTLE
90059B,26.519999999999996,9.899999999999999,16.619999999999997,0.3733031674208145,DIAMANTE HAIR GRIP PACK/2 BLACK DIA
85036a,16.58,-0,16.58,-0,GARDENIA 1 WICK MORRIS BOXED CANDLE
90137,16.310000000000002,-0,16.310000000000002,-0,PINK COMBO MINI CRYSTALS NECKLACE
16248B,16.25,-0,16.25,-0,BLUE HOLE PUNCH
35647,16.25,-0,16.25,-0,VINTAGE BEAD PINK SHADE
90089,16.22,-0,16.22,-0,PINK CRYSTAL SKULL PHONE CHARM
85160a,16.13,-0,16.13,-0,WHITE BIRD GARDEN DESIGN MUG
90214V,15.979999999999999,-0,15.979999999999999,-0,"LETTER ""V"" BLING KEY RING"
84795C,15.9,-0,15.9,-0,OCEAN STRIPE HAMMOCK
85136B,15.9,-0,15.9,-0,BLUE SHARK HELICOPTER
20816,15.6,-0,15.6,-0,GOLD FLOWER CUSHION COVER
78034B,15.6,-0,15.6,-0,BLUE NETTING STORAGE HANGER
90214F,15.43,-0,15.43,-0,"LETTER ""F"" BLING KEY RING"
84989A,15.400000000000002,-0,15.400000000000002,-0,75 GREEN FAIRY CAKE CASES
90132,15.16,-0,15.16,-0,LIGHT TOPAZ TEAL/AQUA COL NECKLACE
72024U,15.120000000000001,-0,15.120000000000001,-0,LILAC VOTIVE CANDLE
90140,15.120000000000001,-0,15.120000000000001,-0,PINK SWEETIE NECKLACE
84660b,15.08,-0,15.08,-0,BLACK STITCHED WALL CLOCK
35610A,15.02,-0,15.02,-0,PINK CHRISTMAS FLOCK DROPLET
17191A,15,-0,15,-0,ROSE FLOWER CANDLE+INCENSE 16X16CM
23449,15,-0,15,-0,SET OF 6 EASTER RAINBOW CHICKS
84415A,15,-0,15,-0,PINK FLOCK SUEDE CUSHION COVER
84462,15,-0,15,-0,3 PINK HEN+CHICKS IN BASKET
84705C,15,-0,15,-0,PINK FLOCK PHOTO FRAME
90069,15,-0,15,-0,RUBY GLASS CLUSTER NECKLACE
90078,15,-0,15,-0,PINK/WHITE GLASS DEMI CHOKER
90189A,15,-0,15,-0,SILVER 2 STRAND NECKLACE-LEAF CHARM
90176A,22.48,7.5,14.98,0.33362989323843417,CLASSIC DIAMANTE NECKLACE JET
90025F,14.96,-0,14.96,-0,BAROQUE BUTTERFLY EARRINGS CRYSTAL
23621,14.940000000000001,-0,14.940000000000001,-0,SET 10 CARDS DAVID'S MADONNA 17074
84509g,14.92,-0,14.92,-0,SET OF 4 FAIRY CAKE PLACEMATS
90059C,24.79,9.899999999999999,14.89,0.39935457845905603,DIAMANTE HAIR GRIP PACK/2 MONTANA
85031C,14.850000000000001,-0,14.850000000000001,-0,CURIOUS IMAGES SCRAP BOOK SET
90046,14.850000000000001,-0,14.850000000000001,-0,WHITE WITH METAL BAG CHARM
90048,14.850000000000001,-0,14.850000000000001,-0,GREEN WITH METAL BAG CHARM
84856S,18.6,3.81,14.790000000000001,0.20483870967741935,SMALL TAHITI BEACH BAG
84593,14.750000000000002,-0,14.750000000000002,-0,CROCHET ROSE DES CLOTHES HANGER
23634,14.55,-0,14.55,-0,SET 10 CARDS XMAS CHOIR 17068
16202B,14.5,-0,14.5,-0,PASTEL BLUE PHOTO ALBUM
90027C,14.5,-0,14.5,-0,GLASS BEAD HOOP EARRINGS GREEN
90182B,14.5,-0,14.5,-0,AMETHYST 3 BEAD DROP EARRINGS
37489A,14.43,-0,14.43,-0,YELLOW/PINK FLOWER DESIGN BIG MUG
47593A,14.37,-0,14.37,-0,CAROUSEL PONIES BABY BIB
90052,14.14,-0,14.14,-0,CRACKED GLAZE NECKLACE BROWN
79336,13.680000000000001,-0,13.680000000000001,-0,LIGHT PINK FLOCK GLASS CANDLEHOLDER
37489C,13.65,-0,13.65,-0,GREEN/BLUE FLOWER DESIGN BIG MUG
85017A,13.58,-0,13.58,-0,ENVELOPE 50 ROMANTIC IMAGES
90065B,13.5,-0,13.5,-0,BLACK VINT ART DEC CRYSTAL BRACELET
90214T,13.459999999999999,-0,13.459999999999999,-0,"LETTER ""T"" BLING KEY RING"
84745A,13.44,-0,13.44,-0,PINK HANGING GINGHAM EASTER HEN
84745B,13.44,-0,13.44,-0,BLUE HANGING GINGHAM EASTER HEN
23639,13.32,-0,13.32,-0,SET 10 CARDS MAGICAL TREE 17086
23607,13.28,-0,13.28,-0,SET 10 CARDS HATS & STOCKINGS 17081
62043B,14.11,0.83,13.28,0.058823529411764705,BLUE CHECK BAG W HANDLE 34X20CM
37491C,13.2,-0,13.2,-0,GREEN/BLUE CERAMIC CANDLE HOLDER
84388,13.14,-0,13.14,-0,WISE MAN STAR SHAPE EGG PAN
37462E,13.1,-0,13.1,-0,"PET MUG, GOLDFISH"
16162L,13,-0,13,-0,THE KING GIFT BAG
18097A,12.75,-0,12.75,-0,PINK TALL PORCELAIN T-LIGHT HOLDER
21895,12.72,-0,12.72,-0,POTTING SHED SOW 'N' GROW SET
90042C,12.7,-0,12.7,-0,FRESHWATER PEARL BRACELET IVORY
90055,12.53,-0,12.53,-0,CRACKED GLAZE EARRINGS BROWN
90037C,12.52,-0,12.52,-0,TINY CRYSTAL BRACELET BLUE
20671,12.5,-0,12.5,-0,BLUE TEATIME PRINT BOWL
23635,12.48,-0,12.48,-0,SET 10 CARDS CHRISTMAS HOLLY  17259
90020,12.48,-0,12.48,-0,FILIGREE DIAMANTE CHAIN
23654,12.450000000000001,-0,12.450000000000001,-0,SET 10 CARD SNOWMAN 16965
82613c,12.399999999999999,-0,12.399999999999999,-0,"METAL SIGN,CUPCAKE SINGLE HOOK"
21144,16.8,4.5600000000000005,12.24,0.27142857142857146,PINK POODLE HANGING DECORATION
17164B,12.18,-0,12.18,-0,ASS COL SMALL SAND GECKO P'WEIGHT
79329,12.18,-0,12.18,-0,PINK FLOCK GLASS CANDLEHOLDER
84016,12.16,-0,12.16,-0,FLAG OF ST GEORGE CAR FLAG
90021,11.95,-0,11.95,-0,LASER CUT MULTI STRAND NECKLACE
90178B,11.95,-0,11.95,-0,PURPLE CHUNKY GLASS+BEAD NECKLACE
84614A,11.9,-0,11.9,-0,PINK BAROQUE FLOCK CANDLE HOLDER
84620,11.9,-0,11.9,-0,BLUE GINGHAM ROSE CUSHION COVER
44092B,11.899999999999999,-0,11.899999999999999,-0,BLUE WHITE PLASTIC RINGS LAMPSHADE
90214Z,11.84,-0,11.84,-0,"LETTER ""Z"" BLING KEY RING"
37444B,11.8,-0,11.8,-0,BLUE BREAKFAST CUP AND SAUCER
35818B,11.780000000000001,-0,11.780000000000001,-0,"ACRYLIC JEWEL ICICLE, BLUE"
16162M,11.76,-0,11.76,-0,THE KING GIFT BAG 25x24x12cm
16043,11.759999999999998,-0,11.759999999999998,-0,POP ART PUSH DOWN RUBBER
23605,11.64,-0,11.64,-0,SET 10 CARDS 12 DAYS OF XMAS 17059
23608,11.64,-0,11.64,-0,SET 10 CARDS RUDOLPHS NOSE 17097
85184c,11.58,-0,11.58,-0,SET 4 VALENTINE DECOUPAGE HEART BOX
71050,11.549999999999999,-0,11.549999999999999,-0,SMALL SINGLE FLAME CANDLE HOLDER
72798C,11.549999999999999,-0,11.549999999999999,-0,SET/4 GARDEN ROSE DINNER CANDLE
47013C,12.969999999999999,1.44,11.53,0.11102544333076331,WINE BOTTLE DRESSING DARK BLUE
90152B,11.46,-0,11.46,-0,BLUE/GREEN SHELL NECKLACE W PENDANT
90025D,11.19,-0,11.19,-0,BAROQUE BUTTERFLY EARRINGS PINK
84536a,11.060000000000002,-0,11.060000000000002,-0,ENGLISH ROSE NOTEBOOK A7 SIZE
37488A,10.92,-0,10.92,-0,YELLOW PINK FLOWER DESIGN BIG BOWL
79026B,10.61,-0,10.61,-0,"S/4 ICON COASTER,ELVIS LIVES"
16161M,10.5,-0,10.5,-0,WRAP  PINK FLOCK
16169N,10.5,-0,10.5,-0,WRAP BLUE RUSSIAN FOLKART
35966,10.260000000000002,-0,10.260000000000002,-0,FOLKART CHRISTMAS TREE T-LIGHT HOLD
35958,10.2,-0,10.2,-0,FOLKART ZINC STAR CHRISTMAS DEC
40005B,10.2,-0,10.2,-0,BLUE ORGANDY ROUND LAMPSHADE W BEA
85109,10.2,-0,10.2,-0,PINK BOUDOIR T-LIGHT HOLDER
44089C,10.08,-0,10.08,-0,LILAC GAUZE BUTTERFLY LAMPSHADE
90053,9.99,-0,9.99,-0,CRACKED GLAZE EARRINGS IVORY
23615,9.96,-0,9.96,-0,SET 10 CARDS PRINTED GRAPHIC 17219
23619,9.96,-0,9.96,-0,SET 10 CARDS POINSETTIA 17093
23624,9.96,-0,9.96,-0,SET 10 CARD PERFECT NATIVITY 17089
23650,9.96,-0,9.96,-0,SET 10 CARDS FILIGREE BAUBLE 16961
37474,9.95,-0,9.95,-0,SET/4 2 TONE EGG SHAPE MIXING BOWLS
84689,9.95,-0,9.95,-0,S/2 BEACH HUT TREASURE CHESTS
82613b,9.94,-0,9.94,-0,"METAL SIGN,CUPCAKE SINGLE HOOK"
37491D,9.879999999999999,-0,9.879999999999999,-0,PURPLE/BLUE CERAMIC CANDLE HOLDER
85231g,9.78,-0,9.78,-0,ORANGE SCENTED SET/9 T-LIGHTS
44242A,9.48,-0,9.48,-0,LILAC FEATHERS CURTAIN
23441,9.24,-0,9.24,-0,HAND PAINTED HANGING EASTER EGG
35809B,9.18,-0,9.18,-0,ENAMEL BLUE RIM TEA CONTAINER
90181C,9.15,-0,9.15,-0,BLACK GLASS/SHELL/PEARL NECKLACE
90184c,9.15,-0,9.15,-0,BLACK CHUNKY BEAD BRACELET W STRAP
37351,9.06,-0,9.06,-0,ORANGE FLOWER MUG
81950V,8.889999999999999,-0,8.889999999999999,-0,FLOWER PURPLE CLOCK WITH SUCKER
20906,8.850000000000001,-0,8.850000000000001,-0,VINTAGE NOTEBOOK BEAUTY GIRL
45013,8.850000000000001,-0,8.850000000000001,-0,FOLDING SHOE TIDY
84773,8.850000000000001,-0,8.850000000000001,-0,RED ROSE AND LACE C/COVER
90077,8.82,-0,8.82,-0,BLACK DIAMOND CLUSTER EARRINGS
90011D,8.76,-0,8.76,-0,PURPLE CRYSTAL DROP EARRINGS
90011E,8.76,-0,8.76,-0,AMBER CRYSTAL DROP EARRINGS
90027B,8.76,-0,8.76,-0,GLASS BEAD HOOP EARRINGS MONTANA
16206B,8.75,-0,8.75,-0,RED PURSE WITH PINK HEART
90130D,8.7,-0,8.7,-0,RED STONE/CRYSTAL EARRINGS
84732B,8.58,-0,8.58,-0,CUTE BIRD CEATURE SCREEN
44265,8.5,-0,8.5,-0,M/COLOUR POM-POM CURTAIN
90102,8.5,-0,8.5,-0,WHITE FRANGIPANI HAIR CLIP
90167,8.5,-0,8.5,-0,BEADED LOVE HEART JEWELLERY SET
21410,8.47,-0,8.47,-0,COUNTRY COTTAGE  DOORSTOP GREEN
72803b,8.47,-0,8.47,-0,OCEAN SCENT CANDLE JEWELLED DRAWER
85035b,8.47,-0,8.47,-0,CHOCOLATE 3 WICK MORRIS BOX CANDLE
85035c,8.47,-0,8.47,-0,ROSE 3 WICK MORRIS BOX CANDLE
85036b,8.47,-0,8.47,-0,CHOCOLATE 1 WICK MORRIS BOX CANDLE
84975,8.45,-0,8.45,-0,HEART SHAPED MIRROR
20871,8.42,-0,8.42,-0,OPULENT VELVET SET/3 CANDLES
21594,8.34,-0,8.34,-0,Dr. Jam's Arouzer Stress Ball
23612,8.299999999999999,-0,8.299999999999999,-0,SET 10 MINICARDS CUTE SNOWMAN 17071
72802c,8.29,-0,8.29,-0,VANILLA SCENT CANDLE JEWELLED BOX
85034b,8.29,-0,8.29,-0,3 WHITE CHOC MORRIS BOXED CANDLES
84924F,7.9,-0,7.9,-0,PSYCHEDELIC METAL SIGN CALENDAR
16244B,7.85,-0,7.85,-0,MAXWELL 2 TONE BLUE 60 PAGE PHOTO A
35607A,7.82,-0,7.82,-0,PINK FLUFFY CHRISTMAS DECORATION
85189,7.6499999999999995,-0,7.6499999999999995,-0,HANGING BUTTERFLY  EGG
90042A,7.6499999999999995,-0,7.6499999999999995,-0,FRESHWATER PEARL BRACELET GOLD
79149B,7.5600000000000005,-0,7.5600000000000005,-0,SILICON STAR BULB  BLUE
21827,7.5,-0,7.5,-0,EIGHT PIECE CREEPY CRAWLIE SET
37379A,7.5,-0,7.5,-0,PINK CHERRY BLOSSOM CUP & SAUCER
85160A,7.5,-0,7.5,-0,WHITE BIRD GARDEN DESIGN MUG
90025A,7.5,-0,7.5,-0,BAROQUE BUTTERFLY EARRINGS BLACK
90068,7.5,-0,7.5,-0,"RUBY GLASS NECKLACE 42"""
23633,7.470000000000001,-0,7.470000000000001,-0,SET 10 CARDS WORLD CHILDREN 17067
62097B,7.469999999999999,-0,7.469999999999999,-0,BLUE STRIPES SHOULDER BAG
90128A,7.43,-0,7.43,-0,PINK LEAVES AND BEADS PHONE CHARM
84596g,7.38,-0,7.38,-0,SMALL CHOCOLATES PINK BOWL
71496B,7.37,-0,7.37,-0,A4 WALL TIDY RED FLOWERS
10124G,7.14,-0,7.14,-0,ARMY CAMO BOOKCOVER TAPE
90214O,6.819999999999999,-0,6.819999999999999,-0,"LETTER ""O"" BLING KEY RING"
90214W,6.819999999999999,-0,6.819999999999999,-0,"LETTER ""W"" BLING KEY RING"
35443,6.8,-0,6.8,-0,RASTA IN BATH W SPLIFF ASHTRAY
84802B,6.76,-0,6.76,-0,PURPLE ANEMONE ARTIFICIAL FLOWER
10124A,6.72,-0,6.72,-0,SPOTS ON RED BOOKCOVER TAPE
21186,6.72,-0,6.72,-0,WHITE DOVE HONEYCOMB PAPER GARLAND
35833G,6.72,-0,6.72,-0,4 GOLD FLOCK CHRISTMAS BALLS
62074B,6.72,-0,6.72,-0,ELEPHANT CLIP W SUCTION CUP
23604,6.64,-0,6.64,-0,SET 10 MINI SANTA & SNOWMAN  17087
20678,6.6,-0,6.6,-0,LARGE BLACK DIAMANTE HAIRSLIDE
37491B,6.6,-0,6.6,-0,BLUE/YELLOW CERAMIC CANDLE HOLDER
90126C,6.58,-0,6.58,-0,AMBER BERTIE MOBILE PHONE CHARM
85224,6.300000000000001,-0,6.300000000000001,-0,ASSORTED COLOUR SILK GLASSES CASE
44089A,6.3,-0,6.3,-0,PINK GAUZE BUTTERFLY LAMPSHADE
21228,6.25,-0,6.25,-0,"POCKET MIRROR ""GLAMOROUS"""
35591T,6.25,-0,6.25,-0,TURQUOISE CHRISTMAS TREE
85225,6.25,-0,6.25,-0,BLING KEY RING STAND
23610,6.24,-0,6.24,-0,SET 10 CARDS CHRISTMAS ROBIN 17095
90060B,5.95,-0,5.95,-0,FIRE POLISHED GLASS NECKL GOLD
90152C,5.95,-0,5.95,-0,BLUE/NAT SHELL NECKLACE W PENDANT
84499,5.949999999999999,-0,5.949999999999999,-0,BLACK FLOWER CANDLE PLATE
35598C,5.9,-0,5.9,-0,WHITE CHRISTMAS TREE 60CM
79161A,5.9,-0,5.9,-0,ST GEORGE SET OF 10 PARTY LIGHTS
23617,5.82,-0,5.82,-0,SET 10 CARDS SWIRLY XMAS TREE 17104
23638,5.82,-0,5.82,-0,SET 10 CARDS ROBIN WATERPUMP  17096
23652,5.82,-0,5.82,-0,SET 10 CARD CHRISTMAS STAMPS 16963
90011C,5.8,-0,5.8,-0,GREEN CRYSTAL DROP EARRINGS
90067B,5.8,-0,5.8,-0,BROWN VINTAGE VICTORIAN EARRINGS
21839,5.45,-0,5.45,-0,MUMMY MOUSE RED GINGHAM RIBBON
35004P,5.45,-0,5.45,-0,SET OF 3 PINK FLYING DUCKS
81953P,5.32,-0,5.32,-0,ROUND ARTICULATED PINK CLOCK W/SUCK
20964,5.1,-0,5.1,-0,POLYESTER FILLER PAD 60x40cm
37509,5.1,-0,5.1,-0,NEW ENGLAND MUG W GIFT BOX
90142A,5.09,-0,5.09,-0,GREEN PENDANT SHELL NECKLACE
84803A,5.07,-0,5.07,-0,PINK ALLIUM  ARTIFICIAL FLOWER
23649,4.98,-0,4.98,-0,SET 10 CARDS DECK THE HALLS 16960
90135A,4.98,-0,4.98,-0,ORANGE/FUSCHIA STONES NECKLACE
47593b,4.9799999999999995,-0,4.9799999999999995,-0,SCOTTIE DOGS BABY BIB
90128C,4.97,-0,4.97,-0,GREEN LEAVES AND BEADS PHONE CHARM
90128D,4.97,-0,4.97,-0,PURPLE LEAVES AND BEADS PHONE CHAR
84661a,4.96,-0,4.96,-0,WHITE SQUARE TABLE CLOCK
84661b,4.96,-0,4.96,-0,BLACK SQUARE TABLE CLOCK
35650,4.95,-0,4.95,-0,VINTAGE BEAD PINK JEWEL STAND
85031B,4.95,-0,4.95,-0,BLOSSOM IMAGES SCRAP BOOK SET
90081B,4.95,-0,4.95,-0,LILY BROOCH WHITE/SILVER COLOUR
84971l,4.92,-0,4.92,-0,LARGE HEART FLOWERS HOOK
85049b,4.92,-0,4.92,-0,LUSH GREENS RIBBONS
85049d,4.92,-0,4.92,-0,BRIGHT BLUES RIBBONS
85231b,4.92,-0,4.92,-0,CINAMMON SET OF 9 T-LIGHTS
90127A,4.92,-0,4.92,-0,PINK BEADS+HAND PHONE CHARM
84613C,4.65,-0,4.65,-0,BLUE NEW BAROQUE FLOCK CANDLESTICK
71215,4.62,-0,4.62,-0,METAL BASE FOR CANDLES
79151B,4.62,-0,4.62,-0,"SILICON CUBE 25W, BLUE"
84206A,4.5600000000000005,-0,4.5600000000000005,-0,3 BLACK CATS W HEARTS BLANK CARD
84732D,4.29,-0,4.29,-0,CUTE RABBIT CEATURE SCREEN
22218,4.25,-0,4.25,-0,CAKE STAND LACE WHITE
79157V,4.25,-0,4.25,-0,UBO-LIGHT TRIOBASE PURPLE
20861,4.2,-0,4.2,-0,GOLD COSMETIC BAG PINK STAR
47016,4.2,-0,4.2,-0,LIGHT DECORATION BATTERY OPERATED
22206,4.17,-0,4.17,-0,"MUG , DOTCOMGIFTSHOP.COM"
46776b,4.13,-0,4.13,-0,WOVEN BERRIES CUSHION COVER
46776e,4.13,-0,4.13,-0,WOVEN CANDY CUSHION COVER
47591b,4.13,-0,4.13,-0,SCOTTIES CHILDRENS APRON
84536b,4.050000000000001,-0,4.050000000000001,-0,FAIRY CAKES NOTEBOOK A7 SIZE
17174,3.7800000000000002,-0,3.7800000000000002,-0,ASSTD RASTA KEY-CHAINS
44091A,3.78,-0,3.78,-0,BLUE CRUSOE CHECK LAMPSHADE
90128B,3.76,-0,3.76,-0,BLUE LEAVES AND BEADS PHONE CHARM
37464,3.75,-0,3.75,-0,ROBOT MUG IN DISPLAY BOX
79192A,3.75,-0,3.75,-0,RETRO PLASTIC 70'S TRAY
90025B,3.73,-0,3.73,-0,BAROQUE BUTTERFLY EARRINGS RED
90025E,3.73,-0,3.73,-0,BAROQUE BUTTERFLY EARRINGS MONTANA
35271S,3.6100000000000003,-0,3.6100000000000003,-0,GOLD PRINT PAPER BAG
16010,3.5999999999999996,-0,3.5999999999999996,-0,FOLDING CAMPING SCISSOR W/KNIF & S
84270,3.57,-0,3.57,-0,ASSTD DESIGN BUBBLE GUM RING
16202A,3.5,-0,3.5,-0,PASTEL PINK PHOTO ALBUM
90214U,3.4799999999999995,-0,3.4799999999999995,-0,"LETTER ""U"" BLING KEY RING"
79157B,3.4,-0,3.4,-0,UBO-LIGHT TRIOBASE BLUE
84802A,3.38,-0,3.38,-0,WHITE ANEMONE ARTIFICIAL FLOWER
21160,3.36,-0,3.36,-0,KEEP OUT GIRLS DOOR HANGER
22528,3.36,-0,3.36,-0,GARDENERS KNEELING PAD
85119,3.36,-0,3.36,-0,WATERING CAN SINGLE HOOK PISTACHIO
90126A,3.36,-0,3.36,-0,PINK BERTIE MOBILE PHONE CHARM
23643,3.33,-0,3.33,-0,SET 10 CARDS CHRISTMAS BAUBLE 16954
84534b,3.32,-0,3.32,-0,FAIRY CAKE NOTEBOOK A5 SIZE
90187A,3.32,-0,3.32,-0,BLUE DROP EARRINGS W BEAD CLUSTER
10123C,3.25,-0,3.25,-0,HEARTS WRAPPING TAPE
47013A,3.0399999999999996,-0,3.0399999999999996,-0,WINE BOTTLE DRESSING LT.BLUE
23602,2.91,-0,2.91,-0,SET 10 CARDS 3 WISE MEN 17107
23609,2.91,-0,2.91,-0,SET 10 CARDS SNOWY ROBIN 17099
23628,2.91,-0,2.91,-0,SET 10 CARDS TRIANGLE ICONS  17220
90183c,2.9,-0,2.9,-0,BLACK DROP EARRINGS W LONG BEADS
90100,2.55,-0,2.55,-0,NECKLACE+BRACELET SET PINK DAISY
17028J,2.52,-0,2.52,-0,INCENSE BAZAAR PEACH
35609A,2.51,-0,2.51,-0,PINK FEATHER CHRISTMAS DECORATION
62096B,2.5,-0,2.5,-0,PURPLE/TURQ FLOWERS HANDBAG
23630,5.48,2.99,2.49,0.5456204379562044,SET 10 CARDS HANGING BAUBLES 17080
90037A,2.48,-0,2.48,-0,TINY CRYSTAL BRACELET RED
84201B,2.47,-0,2.47,-0,HAPPY BIRTHDAY CARD STRIPEY TEDDY
82613a,2.46,-0,2.46,-0,"METAL SIGN,CUPCAKE SINGLE HOOK"
84510e,2.46,-0,2.46,-0,SET OF 4 GREEN CAROUSEL COASTERS
84596l,2.46,-0,2.46,-0,BISCUITS SMALL BOWL LIGHT BLUE
85049c,2.46,-0,2.46,-0,ROMANTIC PINKS RIBBONS
85179a,2.46,-0,2.46,-0,GREEN BITTY LIGHT CHAIN
37330,2.34,-0,2.34,-0,BIG POLKADOT MUG
46115B,2.2800000000000002,-0,2.2800000000000002,-0,GREEN POP ART MAO CUSHION COVER
77079,2.12,-0,2.12,-0,DOLPHIN WINDMILL
20860,2.1,-0,2.1,-0,GOLD COSMETICS BAG WITH BUTTERFLY
21414,2.1,-0,2.1,-0,SCALLOP SHELL SOAP DISH
47579,2.1,-0,2.1,-0,TEA TIME BREAKFAST BASKET
85170A,2.1,-0,2.1,-0,SET/6 IVORY BIRD T-LIGHT CANDLES
90112,2.1,-0,2.1,-0,PINK DOLLY HAIR CLIPS
81953B,2.09,-0,2.09,-0,ROUND BLUE CLOCK WITH SUCKER
84731,2.04,-0,2.04,-0,3 BIRDS CANVAS SCREEN
16202E,7.5,5.55,1.9500000000000002,0.74,BLACK PHOTO ALBUM
21491,1.95,-0,1.95,-0,SET OF THREE VINTAGE GIFT WRAPS
22146,1.95,-0,1.95,-0,EASTER CRAFT IVY WREATH WITH CHICK
22323,1.95,-0,1.95,-0,PINK POLKADOT KIDS BAG
90092,1.66,-0,1.66,-0,BLUE CRYSTAL BOOT PHONE CHARM
23664,1.65,-0,1.65,-0,FLOWER SHOP DESIGN MUG
84550,1.65,-0,1.65,-0,CROCHET LILAC/RED BEAR KEYRING
84206C,1.52,-0,1.52,-0,CHAMPAGNE TRAY BLANK CARD
21009,1.25,-0,1.25,-0,ETCHED GLASS STAR TREE DECORATION
35597A,1.25,-0,1.25,-0,DUSTY PINK CHRISTMAS TREE 30CM
35597B,1.25,-0,1.25,-0,BLACKCHRISTMAS TREE 30CM
37461,1.25,-0,1.25,-0,FUNKY MONKEY MUG
84569C,1.25,-0,1.25,-0,PACK 4 FLOWER/BUTTERFLY PATCHES
84743C,1.25,-0,1.25,-0,ORANGE FELT VASE + FLOWERS
84977,1.25,-0,1.25,-0,WIRE FLOWER T-LIGHT HOLDER
84990,1.1,-0,1.1,-0,60 GOLD AND SILVER FAIRY CAKE CASES
72815,15.97,15,0.9700000000000006,0.939261114589856,3 WICK CHRISTMAS BRIAR CANDLE
84201C,0.95,-0,0.95,-0,HAPPY BIRTHDAY CARD TEDDY/CAKE
84206B,0.95,-0,0.95,-0,CAT WITH SUNGLASSES BLANK CARD
90084,0.85,-0,0.85,-0,PINK CRYSTAL GUITAR PHONE CHARM
21268,0.84,-0,0.84,-0,VINTAGE BLUE TINSEL REEL
51014c,0.83,-0,0.83,-0,"FEATHER PEN,COAL BLACK"
85047,19.049999999999997,18.25,0.7999999999999972,0.9580052493438321,WHITE BEADED GARLAND STRING 20LIGHT
84227,0.42,-0,0.42,-0,HEN HOUSE W CHICK IN NEST
21655,60.84,60.84,0,1,HANGING RIDGE GLASS T-LIGHT HOLDER
21667,29.9,29.9,0,1,GLASS CAKE COVER AND PLATE
23843,168469.6,168469.6,0,1,"PAPER CRAFT , LITTLE BIRDIE"
79323B,54,54,0,1,BLACK CHERRY LIGHTS
22034,5.02,5.04,-0.020000000000000462,1.00398406374502,ROBIN CHRISTMAS CARD
20957,0,1.45,-1.45,NA,20957
21412,0,2.52,-2.52,NA,21412
85023C,0,2.55,-2.55,NA,85023C
35832,0,2.95,-2.95,NA,35832
85098B,0,3.75,-3.75,NA,85098B
79320,0,4.95,-4.95,NA,79320
84839,0,5.55,-5.55,NA,84839
84750A,46.8,52.65,-5.850000000000001,1.125,PINK SMALL GLASS CAKE STAND
85068,0,7.95,-7.95,NA,85068
37503,0,10.75,-10.75,NA,37503
85065,0,12.75,-12.75,NA,85065
85042,0,14.850000000000001,-14.850000000000001,NA,85042
20703,4.25,29.75,-25.5,7,BLUE PADDED SOFT MOBILE
79323P,27,54,-27,2,PINK CHERRY LIGHTS
21645,0,39.599999999999994,-39.599999999999994,NA,21645
35400,89.5,135.2,-45.69999999999999,1.5106145251396648,WOODEN BOX ADVENT CALENDAR
85063,0,46.849999999999994,-46.849999999999994,NA,85063
79323W,0,54,-54,NA,79323W
