stock_code,purchase_sales_gbp,units,orders,Description,credit_value_gbp,credited_units,recorded_credit_to_purchase_value,sales_less_recorded_credits_gbp,product_rank,product_share,cumulative_sales_share
22423,174484.74,13879,1988,REGENCY CAKESTAND 3 TIER,9722.55,857,0.0557214917476451,164762.19,1,2.564102564102564e-4,0.016988039338327182
23843,168469.6,80995,1,"PAPER CRAFT , LITTLE BIRDIE",168469.6,80995,1,0,2,5.128205128205128e-4,0.03339043757734938
85123A,104518.8,37660,2198,WHITE HANGING HEART T-LIGHT HOLDER,6624.3,2578,0.06337902846186523,97894.5,3,7.692307692307692e-4,0.04356651077432209
47566,99504.33,18295,1685,PARTY BUNTING,1201.3500000000001,277,0.012073343943926864,98302.98,4,0.0010256410256410256,0.05325436927916262
85099B,94340.05,48474,2089,JUMBO BAG RED RETROSPOT,1984.02,1115,0.021030516731759204,92356.03,5,0.001282051282051282,0.06243942741421646
23166,81700.92000000001,78033,247,MEDIUM CERAMIC TOP STORAGE JAR,77479.64,74494,0.9483325279568454,4221.280000000013,6,0.0015384615384615385,0.07039392499914866
23084,66964.99,30788,994,RABBIT NIGHT LIGHT,208.4,108,0.003112073935947724,66756.59000000001,7,0.0017948717948717949,0.07691371512183037
22086,64952.29,19355,1160,PAPER CHAIN KIT 50'S CHRISTMAS,1160.35,453,0.017864651115457205,63791.94,8,0.0020512820512820513,0.08323754640721633
84879,59094.93,36461,1455,ASSORTED COLOUR BIRD ORNAMENT,135.2,80,0.0022878443209933576,58959.73,9,0.002307692307692308,0.08899109823951806
79321,54117.76,10306,661,CHILLI LIGHTS,349.7,80,0.006461834340519636,53768.060000000005,10,0.002564102564102564,0.09426006695152205
22502,51426.62,1940,463,PICNIC BASKET WICKER SMALL,385.25,75,0.0074912564737873106,51041.37,11,0.0028205128205128207,0.09926702311053746
22197,51354.02,56921,1392,POPCORN HOLDER,366.55,471,0.007137708011953106,50987.469999999994,12,0.003076923076923077,0.10426691084823442
23298,43182.83,8473,1146,SPOTTY BUNTING,482.81000000000006,110,0.011180601178755538,42700.020000000004,13,0.0033333333333333335,0.1084712419248678
22386,42436.24,21465,1218,JUMBO BAG PINK POLKADOT,816.58,456,0.019242515359513473,41619.659999999996,14,0.0035897435897435897,0.11260288412171947
23203,42067.78,20503,1231,JUMBO BAG VINTAGE DOILY,1076.4,590,0.025587278434944752,40991.38,15,0.0038461538461538464,0.1166986526199623
21137,40652.13,11656,375,BLACK RECORD COVER FRAME,55.17,15,0.001357124460637118,40596.96,16,0.0041025641025641026,0.12065659177055388
23284,38166.64,5491,728,DOORMAT KEEP CALM AND COME IN,1601.25,225,0.04195417778457836,36565.39,17,0.004358974358974359,0.12437254069383376
22720,38158.39,7493,1385,SET OF 3 CAKE TINS PANTRY DESIGN,744.95,157,0.01952257419665767,37413.44,18,0.004615384615384616,0.12808768638741838
22960,37128.88,8706,1132,JAM MAKING SET WITH JARS,1012.79,247,0.027277687880700955,36116.09,19,0.004871794871794872,0.13170259777753782
20725,36042.01,19553,1565,LUNCH BAG RED RETROSPOT,854.7,574,0.023713993753400546,35187.310000000005,20,0.005128205128205128,0.13521169022718346
82484,36030.22,6020,685,WOOD BLACK BOARD ANT WHITE FINISH,170.95,24,0.0047446282592779054,35859.270000000004,21,0.005384615384615384,0.13871963478857366
22178,33187.97,24304,1037,VICTORIAN GLASS HANGING T-LIGHT,638.4,450,0.019235885774273025,32549.57,22,0.0056410256410256415,0.14195085454979303
22114,33002.590000000004,5747,643,HOT WATER BOTTLE TEA AND SYMPATHY,310.1,82,0.009396232235106395,32692.490000000005,23,0.005897435897435898,0.1451640254963565
22910,32873.340000000004,10604,820,PAPER CHAIN KIT VINTAGE CHRISTMAS,931.4499999999999,351,0.02833451057908931,31941.890000000003,24,0.006153846153846154,0.14836461251102728
22112,32866.18,6025,858,CHOCOLATE HOT WATER BOTTLE,548.88,128,0.01670045012836904,32317.3,25,0.00641025641025641,0.1515645024196837
85099F,32570.47,17273,812,JUMBO BAG STRAWBERRY,448.49,250,0.013769835068391705,32121.98,26,0.006666666666666667,0.15473560165522604
22469,32107.8,17971,1201,HEART OF WICKER SMALL,207.95,135,0.006476619388435209,31899.85,27,0.006923076923076923,0.15786165479584535
23245,31177.95,6357,873,SET OF 3 REGENCY CAKE TINS,421.5,90,0.013519169797886005,30756.45,28,0.0071794871794871795,0.16089717664771847
21931,30770.12,13654,1184,JUMBO STORAGE BAG SUKI,602.33,334,0.01957515927789687,30167.789999999997,29,0.007435897435897436,0.1638929916915157
22727,30701.12,7815,1051,ALARM CLOCK BAKELIKE RED,277.5,74,0.009038758195140764,30423.62,30,0.007692307692307693,0.16688208881422512
23199,30475.65,14920,978,JUMBO BAG APPLES,1309.25,723,0.04296052750310494,29166.4,31,0.007948717948717949,0.1698492339127655
22470,30139.410000000003,9901,925,HEART OF WICKER LARGE,189.5,68,0.006287448891667089,29949.910000000003,32,0.008205128205128205,0.1727836422897615
22355,29277.95,18152,882,CHARLOTTE BAG SUKI DESIGN,113.59,150,0.0038797115235185524,29164.36,33,0.008461538461538461,0.17563417790878227
22699,29095.27,9877,1065,ROSES REGENCY TEACUP AND SAUCER,1150.35,437,0.03953735435347395,27944.920000000002,34,0.008717948717948718,0.17846692758832014
23355,28842.550000000003,5841,782,HOT WATER BOTTLE KEEP CALM,417.6,96,0.014478608860867017,28424.950000000004,35,0.008974358974358974,0.18127507215166516
22411,28634.95,12602,1175,JUMBO SHOPPER VINTAGE RED PAISLEY,622.47,354,0.021738120723102362,28012.48,36,0.009230769230769232,0.18406300453504168
22457,28147.960000000003,9172,1249,NATURAL SLATE HEART CHALKBOARD,152.60000000000002,52,0.00542135202693197,27995.360000000004,37,0.009487179487179488,0.18680352299971464
85099C,28092.2,13922,933,JUMBO  BAG BAROQUE BLACK WHITE,510.88,281,0.01818583094239682,27581.32,38,0.009743589743589744,0.18953861260525928
20685,28082.54,4092,696,DOORMAT RED RETROSPOT,461.22,66,0.016423728053089216,27621.32,39,0.01,0.1922727617018516
23201,27890.170000000002,13379,906,JUMBO BAG ALPHABET,1076.02,594,0.03858061818913258,26814.15,40,0.010256410256410256,0.19498818142917348
22726,27196.53,6430,980,ALARM CLOCK BAKELIKE GREEN,157.5,42,0.005791179977739807,27039.03,41,0.010512820512820513,0.19763606755093976
21175,27074.07,12225,809,GIN + TONIC DIET METAL SIGN,3775.33,2030,0.13944449430765304,23298.739999999998,42,0.010769230769230769,0.2002720308231928
84347,26463.829999999998,9476,449,ROTATING SILVER ANGELS T-LIGHT HLDR,321.6,9376,0.01215243598526744,26142.23,43,0.011025641025641025,0.2028485804119007
21915,26331.58,21933,661,RED  HARMONICA IN BOX,83.75,67,0.0031805915178656197,26247.83,44,0.011282051282051283,0.20541225398519034
22666,26240.600000000002,8276,1111,RECIPE BOX PANTRY YELLOW DESIGN,421.05,151,0.01604574590520034,25819.550000000003,45,0.011538461538461539,0.20796706963876158
84946,25889.63,19246,905,ANTIQUE SILVER T-LIGHT GLASS,372.96000000000004,335,0.014405767869220225,25516.670000000002,46,0.011794871794871795,0.21048771444067796
22629,25740.469999999998,14260,900,SPACEBOY LUNCH BOX,92.7,54,0.0036013328427958002,25647.769999999997,47,0.012051282051282051,0.2129938368497037
22961,25660.98,16412,1162,JAM MAKING SET PRINTED,425.75,331,0.016591338288716954,25235.23,48,0.012307692307692308,0.21549222001891394
48138,25609.6,3762,616,DOORMAT UNION FLAG,97.5,12,0.003807166062726478,25512.1,49,0.012564102564102564,0.21798560077094317
21181,25290.58,12305,845,PLEASE ONE PERSON METAL SIGN,169.70000000000002,87,0.006710008232314166,25120.88,50,0.01282051282051282,0.22044792136086475
23173,24918.93,2770,416,REGENCY TEAPOT ROSES,436.40000000000003,52,0.01751279047695868,24482.53,51,0.013076923076923076,0.22287405767002866
21621,24542.829999999998,2789,475,VINTAGE UNION JACK BUNTING,238,28,0.00969733319262693,24304.829999999998,52,0.013333333333333334,0.22526357644120532
22111,24509.84,4666,771,SCOTTIE DOG HOT WATER BOTTLE,544.45,129,0.022213527301687814,23965.39,53,0.01358974358974359,0.22764988326721258
22722,24483.66,5978,834,SET OF 6 SPICE TINS PANTRY DESIGN,118,30,0.004819540869298136,24365.66,54,0.013846153846153847,0.23003364117765351
22326,24438.620000000003,8560,732,ROUND SNACK BOXES SET OF4 WOODLAND,120.95000000000002,41,0.0049491337890601025,24317.670000000002,55,0.014102564102564103,0.23241301394076405
48187,24292.84,3830,600,DOORMAT NEW ENGLAND,31.8,4,0.0013090276805840734,24261.04,56,0.014358974358974359,0.23477819339175612
22138,24239.72,4948,934,BAKING SET 9 PIECE RETROSPOT,311.1,68,0.012834306666908693,23928.620000000003,57,0.014615384615384615,0.23713820101712227
21731,23932.98,14009,849,RED TOADSTOOL LED NIGHT LIGHT,281.29999999999995,186,0.011753655416082743,23651.68,58,0.014871794871794871,0.23946834407561207
48185,23888.81,3617,365,DOORMAT FAIRY CAKE,4554.9,674,0.19067086221540544,19333.910000000003,59,0.015128205128205128,0.24179418669099395
23344,23815.75,10306,716,JUMBO BAG 50'S CHRISTMAS,486.96000000000004,262,0.02044697311653003,23328.79,60,0.015384615384615385,0.24411291609891675
23243,23514.170000000002,4805,470,SET OF TEA COFFEE SUGAR TINS PANTRY,545.5500000000001,117,0.023200903965566295,22968.620000000003,61,0.01564102564102564,0.24640228332362712
22189,23463.47,8291,524,CREAM HEART CARD HOLDER,31.6,8,0.0013467743688380278,23431.870000000003,62,0.015897435897435898,0.24868671433675563
21733,23228.74,7882,741,RED HANGING HEART T-LIGHT HOLDER,152.95,57,0.0065845155613261834,23075.79,63,0.016153846153846154,0.2509482917612328
21929,23181.14,11007,865,JUMBO BAG PINK VINTAGE PAISLEY,387.07,222,0.01669762574230603,22794.07,64,0.01641025641025641,0.2532052347937712
82482,23113.260000000002,9006,1100,WOODEN PICTURE FRAME WHITE FINISH,581.55,233,0.02516088167571342,22531.710000000003,65,0.016666666666666666,0.255455568949738
20713,23030.96,11444,657,JUMBO BAG OWLS,431.43,243,0.018732610364483288,22599.53,66,0.016923076923076923,0.257697890280987
21623,23010.09,3272,221,VINTAGE UNION JACK MEMOBOARD,39.8,4,0.00172967598127604,22970.29,67,0.01717948717948718,0.25993817968450994
22139,22912.81,4527,962,RETROSPOT TEA SET CERAMIC 11 PC,195.3,42,0.00852361626531185,22717.510000000002,68,0.017435897435897435,0.2621689977929108
22697,22826.3,7302,1013,GREEN REGENCY TEACUP AND SAUCER,393.05,143,0.017219172621055538,22433.25,69,0.01769230769230769,0.2643913931860463
22090,22790.960000000003,7564,798,PAPER BUNTING RETROSPOT,196.4,72,0.008617451831778915,22594.56,70,0.017948717948717947,0.26661034783525084
85066,22708.95,1793,519,CREAM SWEETHEART MINI CHEST,460.8,42,0.020291559054910067,22248.15,71,0.018205128205128204,0.26882131789447844
22383,22542.44,12552,1284,LUNCH BAG SUKI DESIGN,223.8,148,0.00992794036492944,22318.64,72,0.018461538461538463,0.27101607634442587
20727,22421.21,12240,1273,LUNCH BAG  BLACK SKULL.,202.2,128,0.009018246562072252,22219.01,73,0.01871794871794872,0.27319903169910553
15056N,22176.49,3954,456,EDWARDIAN PARASOL NATURAL,337.45,57,0.015216564929797274,21839.04,74,0.018974358974358976,0.2753581608269939
84029E,22144.98,4765,429,RED WOOLLY HOTTIE WHITE HEART.,256.45,67,0.01158050266922797,21888.53,75,0.019230769230769232,0.2775142221042521
48194,22138.57,3419,592,DOORMAT HEARTS,23.85,3,0.0010773053544108767,22114.72,76,0.019487179487179488,0.2796696592963774
20712,22092.420000000002,9773,863,JUMBO BAG WOODLAND ANIMALS,426.46,240,0.01930345340166446,21665.960000000003,77,0.019743589743589744,0.2818206032702678
23202,21852.81,10962,879,JUMBO BAG VINTAGE LEAF,442.46000000000004,242,0.020247281699699034,21410.350000000002,78,0.02,0.28394821853297214
20724,21776.79,17765,1032,RED RETROSPOT CHARLOTTE BAG,170.31,223,0.007820711868002584,21606.48,79,0.020256410256410257,0.2860684323991388
20728,21750.63,11817,1150,LUNCH BAG CARS BLUE,327.5,214,0.015057035129557167,21423.13,80,0.020512820512820513,0.28818609929696265
22630,21635.14,11793,850,DOLLY GIRL LUNCH BOX,478.6499999999999,275,0.02212373019079146,21156.489999999998,81,0.02076923076923077,0.29029252195266436
21523,21601.69,3246,502,DOORMAT FANCY FONT HOME SWEET HOME,40.05,5,0.0018540216066428136,21561.64,82,0.021025641025641025,0.29239568787705605
23209,21450.17,13189,1098,LUNCH BAG VINTAGE DOILY,65.8,40,0.0030675747558177864,21384.37,83,0.02128205128205128,0.29448410163618366
21843,21365.25,2013,539,RED RETROSPOT CAKE STAND,2480.5,322,0.11609974140251109,18884.75,84,0.021538461538461538,0.29656424748431454
21212,21259.100000000002,36419,1320,PACK OF 72 RETROSPOT CAKE CASES,199.38000000000002,380,0.009378571999755399,21059.72,85,0.021794871794871794,0.2986340584436995
21928,21154.55,10473,806,JUMBO BAG SCANDINAVIAN BLUE PAISLEY,484.53,268,0.022904292457178243,20670.02,86,0.02205128205128205,0.3006936902922188
21166,20957.64,10364,723,COOK WITH WINE METAL SIGN,161.1,87,0.0076869342158754515,20796.54,87,0.022307692307692306,0.3027341507517323
23206,20911.98,12183,1036,LUNCH BAG APPLE DESIGN,97.15,59,0.004645662438468285,20814.829999999998,88,0.022564102564102566,0.3047701656999869
22659,20818.7,11523,707,LUNCH BOX I LOVE LONDON,546,322,0.026226421438418343,20272.7,89,0.022820512820512822,0.3067970987978202
22728,20702.15,5364,783,ALARM CLOCK BAKELIKE PINK,153.75,41,0.007426764852925903,20548.4,90,0.023076923076923078,0.30881268445068555
71477,20658.56,6750,316,COLOUR GLASS. STAR T-LIGHT HOLDER,3443.62,1228,0.16669216053781094,17214.940000000002,91,0.023333333333333334,0.31082402612992466
21479,20594.45,3918,499,WHITE SKULL HOT WATER BOTTLE,635.9300000000001,185,0.0308787076129734,19958.52,92,0.02358974358974359,0.3128291259842226
84997D,19736.5,5105,473,CHILDRENS CUTLERY POLKADOT PINK,108.75,29,0.005510095508322144,19627.75,93,0.023846153846153847,0.31475069481827017
82494L,19640.79,6749,910,WOODEN FRAME ANTIQUE WHITE,910.9499999999999,353,0.046380517280618545,18729.84,94,0.024102564102564103,0.3166629452142407
22501,19322.16,1604,445,PICNIC BASKET WICKER LARGE,873.2,100,0.04519163488968107,18448.96,95,0.02435897435897436,0.31854417341896196
22328,19130.37,6847,581,ROUND SNACK BOXES SET OF 4 FRUITS,1691.4999999999998,658,0.08841961760279597,17438.87,96,0.024615384615384615,0.32040672872389436
22467,18890.47,7962,681,GUMBALL COAT RACK,337.5,147,0.01786615155684321,18552.97,97,0.02487179487179487,0.3222459270828998
22969,18788.55,12532,646,HOMEMADE JAM SCENTED CANDLES,185.79999999999998,140,0.009889001546154439,18602.75,98,0.025128205128205128,0.32407520239093035
15036,18569.84,23826,518,ASSORTED COLOURS SILK FAN,505.68,744,0.02723125239635883,18064.16,99,0.025384615384615384,0.3258831838363361
82486,18467.22,2150,605,WOOD S/3 CABINET ANT WHITE FINISH,585.9,70,0.031726486173879985,17881.32,100,0.02564102564102564,0.3276811740779443
20914,18390.2,6372,880,SET/5 RED RETROSPOT LID GLASS BOWLS,300.85,107,0.016359256560559428,18089.350000000002,101,0.025897435897435896,0.32947166556183966
20726,18323.38,9933,1017,LUNCH BAG WOODLAND,134.9,82,0.007362178811987745,18188.48,102,0.026153846153846153,0.3312556513720092
22382,18092.36,10464,1157,LUNCH BAG SPACEBOY DESIGN,242.35,159,0.013395156850736995,17850.010000000002,103,0.02641025641025641,0.3330171448034874
21108,18069.280000000002,10253,262,FAIRY CAKE FLANNEL ASSORTED COLOUR,6591.420000000001,3150,0.36478597929745954,11477.86,104,0.02666666666666667,0.33477639113904223
22835,18055.11,3474,657,HOT WATER BOTTLE I AM SO POORLY,1679.7,394,0.09303183420095475,16375.41,105,0.026923076923076925,0.3365342578667448
22693,17927.45,16244,305,GROW A FLYTRAP OR SUNFLOWER IN TIN,90,72,0.0050202343333826055,17837.45,106,0.02717948717948718,0.3382796954668231
22865,17910.030000000002,8498,654,HAND WARMER OWL DESIGN,258.05,123,0.014408127736246112,17651.980000000003,107,0.027435897435897437,0.34002343703522975
21485,17708.53,3533,623,RETROSPOT HEART HOT WATER BOTTLE,99,20,0.0055905261475684325,17609.53,108,0.027692307692307693,0.34174756032683645
22698,17551.760000000002,5824,765,PINK REGENCY TEACUP AND SAUCER,387.5,138,0.022077558034066098,17164.260000000002,109,0.02794871794871795,0.3434564203070094
22384,17435.19,10515,1090,LUNCH BAG PINK POLKADOT,236.2,152,0.013547314368240323,17198.989999999998,110,0.028205128205128206,0.34515393089499097
22077,17205.37,9183,955,6 RIBBONS RUSTIC CHARM,56.099999999999994,34,0.0032606099142302664,17149.27,111,0.028461538461538462,0.34682906593769136
22385,17081.86,8671,686,JUMBO BAG SPACEBOY DESIGN,215.14,118,0.012594647187133016,16866.72,112,0.028717948717948718,0.34849217590164466
21754,17049.920000000002,2780,777,HOME BUILDING BLOCK WORD,118.60000000000001,20,0.006956044368536626,16931.320000000003,113,0.028974358974358974,0.35015217614966254
82583,17047.06,7306,609,HOT BATHS METAL SIGN,133.46,72,0.007828915953836028,16913.600000000002,114,0.02923076923076923,0.35181189794471934
23240,17037.52,4186,536,SET OF 4 KNICK KNACK TINS DOILY,206.70000000000002,50,0.012132047387178416,16830.82,115,0.029487179487179487,0.35347069091416494
22492,16937.82,26633,380,MINI PAINT SET VINTAGE,127.4,196,0.007521629111656636,16810.42,116,0.029743589743589743,0.35511977697444447
20719,16759.75,13308,833,WOODLAND CHARLOTTE BAG,87.39999999999999,112,0.005214874923551962,16672.35,117,0.03,0.3567515259302588
22624,16528.31,1901,711,IVORY KITCHEN SCALES,168.3,21,0.010182529248301852,16360.010000000002,118,0.030256410256410255,0.35836074161568815
22993,16507.23,12672,1073,SET OF 4 PANTRY JELLY MOULDS,85,68,0.005149258839914389,16422.23,119,0.03051282051282051,0.3599679049275446
84978,16477.53,12512,728,HANGING HEART JAR T-LIGHT HOLDER,206.59,175,0.012537680101325867,16270.939999999999,120,0.03076923076923077,0.3615721766124981
84078A,16363.300000000001,415,155,SET/4 WHITE RETRO STORAGE CUBES,1248.25,35,0.07628351249442349,15115.050000000001,121,0.031025641025641027,0.36316532673041013
23301,16357.05,8825,913,GARDENERS KNEELING PAD KEEP CALM,168.89999999999998,114,0.01032582281034783,16188.15,122,0.03128205128205128,0.36475786834097723
21232,16263.800000000001,11854,831,STRAWBERRY CERAMIC TRINKET BOX,443.25,385,0.027253778329787624,15820.550000000001,123,0.031538461538461536,0.3663413310219583
84029G,16164.04,3323,459,KNITTED UNION FLAG HOT WATER BOTTLE,58,14,0.0035882118579266074,16106.04,124,0.031794871794871796,0.3679150809521029
84997B,16045.970000000001,4214,370,CHILDRENS CUTLERY RETROSPOT RED,127.5,34,0.007945920377515351,15918.470000000001,125,0.03205128205128205,0.3694773354482933
85152,15983.330000000002,8272,677,HAND OVER THE CHOCOLATE   SIGN,135.22,74,0.008460064329523322,15848.110000000002,126,0.03230769230769231,0.3710334912404701
23313,15833.31,2997,401,VINTAGE CHRISTMAS BUNTING,64.35,13,0.004064216515687497,15768.96,127,0.03256410256410256,0.3725750409091456
15056BL,15828.84,2844,321,EDWARDIAN PARASOL BLACK,652.5,130,0.04122222474925516,15176.34,128,0.03282051282051282,0.374116155373368
22379,15636.99,6910,748,RECYCLING BAG RETROSPOT,122.65,64,0.007843581149569068,15514.34,129,0.03307692307692308,0.3756385910961311
82483,15240.07,2403,543,WOOD 2 DRAWER CABINET WHITE FINISH,1240.7,206,0.08141038722263087,13999.369999999999,130,0.03333333333333333,0.37712238222123956
22084,15122.970000000001,5189,436,PAPER CHAIN KIT EMPIRE,120.95,41,0.007997767634267607,15002.02,131,0.03358974358974359,0.37859477235273387
22900,14975.93,4919,533,SET 2 TEA TOWELS I LOVE LONDON,552.6,216,0.036899210933811794,14423.33,132,0.033846153846153845,0.3800528464970288
84997C,14501.18,3784,335,CHILDRENS CUTLERY POLKADOT BLUE,22.9,6,0.0015791818320991808,14478.28,133,0.034102564102564105,0.3814646984234045
22752,14453.470000000001,1790,380,SET 7 BABUSHKA NESTING BOXES,952.0000000000001,124,0.06586653585609546,13501.470000000001,134,0.03435897435897436,0.3828719052481121
22866,14410.62,6632,548,HAND WARMER SCOTTY DOG DESIGN,209.10000000000002,111,0.014510132110901543,14201.52,135,0.03461538461538462,0.384274940146463
22847,14389.34,905,376,BREAD BIN DINER STYLE IVORY,711.8,44,0.049467175005941895,13677.54,136,0.03487179487179487,0.385675903199006
48184,14324,2038,407,DOORMAT ENGLISH ROSE,47.7,6,0.003330075397933538,14276.3,137,0.03512820512820513,0.38707050467236237
23200,14197.28,7071,595,JUMBO BAG PEARS,243.63000000000002,134,0.017160329302514286,13953.650000000001,138,0.03538461538461538,0.3884527685375992
22507,14193.35,2960,459,MEMO BOARD RETROSPOT  DESIGN,33.95,7,0.00239196525133249,14159.4,139,0.03564102564102564,0.3898346497734176
22083,14159.54,4658,610,PAPER CHAIN KIT RETROSPOT,165.20000000000002,56,0.011667045680862515,13994.34,140,0.035897435897435895,0.3912132392279029
22625,14141.7,1627,546,RED KITCHEN SCALES,198.05,24,0.014004681191087352,13943.650000000001,141,0.036153846153846154,0.39259009175902293
22867,14078.69,6441,554,HAND WARMER BIRD DESIGN,111.30000000000001,53,0.007905565077432631,13967.390000000001,142,0.03641025641025641,0.3939608095624945
21930,14031.16,6450,705,JUMBO STORAGE BAG SKULLS,6.24,3,4.4472445613905054e-4,14024.92,143,0.03666666666666667,0.39532689978930957
23343,13978.95,6081,476,JUMBO BAG VINTAGE CHRISTMAS,505.68,271,0.03617439078042342,13473.27,144,0.036923076923076927,0.3966879067891682
22622,13931.31,1342,267,BOX OF VINTAGE ALPHABET BLOCKS,151.35,13,0.010864017813113053,13779.96,145,0.03717948717948718,0.398044275502641
84077,13841.849999999999,55047,535,WORLD WAR 2 GLIDERS ASSTD DESIGNS,253.92,1200,0.018344368707940054,13587.929999999998,146,0.03743589743589744,0.3993919342853816
20971,13838.1,11001,522,PINK BLUE FELT CRAFT TRINKET BOX,2778.77,2617,0.20080574645363164,11059.33,147,0.03769230769230769,0.40073922796371536
22941,13812.92,1672,311,CHRISTMAS LIGHTS 10 REINDEER,429.25,51,0.031075978142203097,13383.67,148,0.03794871794871795,0.4020840700876579
22171,13746.11,1811,382,3 HOOK PHOTO SHELF ANTIQUE WHITE,876.35,112,0.06375258163946018,12869.76,149,0.038205128205128204,0.4034224075114864
23077,13720.77,10415,344,DOUGHNUT LIP GLOSS,75,60,0.005466165528611003,13645.77,150,0.038461538461538464,0.4047582778031356
22551,13615.31,8082,673,PLASTERS IN TIN SPACEBOY,47.849999999999994,29,0.0035144260395099337,13567.46,151,0.038717948717948716,0.40608388038524973
21524,13612.41,1757,480,DOORMAT SPOTTY HOME SWEET HOME,48.9,6,0.003592310252188995,13563.51,152,0.038974358974358976,0.4074092006199559
23356,13494.970000000001,2386,476,LOVE HOT WATER BOTTLE,53.55,9,0.003968145168162656,13441.420000000002,153,0.03923076923076923,0.4087230867582482
23207,13360.2,7851,740,LUNCH BAG ALPHABET DESIGN,659.6,448,0.049370518405413094,12700.6,154,0.03948717948717949,0.4100238515309608
22558,13346.039999999999,8689,772,CLOTHES PEGS RETROSPOT PACK 24,66.58,42,0.0049887457253237665,13279.46,155,0.03974358974358974,0.4113232376694328
22554,13344.769999999999,7813,704,PLASTERS IN TIN WOODLAND ANIMALS,47.849999999999994,29,0.0035856743877938696,13296.919999999998,156,0.04,0.41262250015921237
23108,13303.019999999999,2221,372,SET OF 10 LED DOLLY LIGHTS,317.59999999999997,64,0.02387427817142273,12985.419999999998,157,0.040256410256410254,0.4139176978199278
23328,13284.49,2845,405,SET 6 SCHOOL MILK BOTTLES IN CRATE,29.64,8,0.002231173345758851,13254.85,158,0.04051282051282051,0.41521109137806717
22776,13088.73,1245,536,SWEETHEART CAKESTAND 3 TIER,863,93,0.06593458647248435,12225.73,159,0.040769230769230766,0.41648542551255213
82600,12835.28,6014,545,NO SINGING METAL SIGN,73.30000000000001,38,0.005710822046733691,12761.980000000001,160,0.041025641025641026,0.4177350834571864
22113,12805.33,3231,561,GREY HEART HOT WATER BOTTLE,104.25,27,0.008141141227910565,12701.08,161,0.041282051282051285,0.4189818254346239
22499,12792.25,2091,407,WOODEN UNION JACK BUNTING,23.8,4,0.0018605014755027458,12768.45,162,0.04153846153846154,0.42022729392788993
22427,12671.060000000001,2110,506,ENAMEL FLOWER JUG CREAM,243.9,42,0.019248586937478,12427.160000000002,163,0.0417948717948718,0.4214609632203352
20750,12642.93,1748,385,RED RETROSPOT MINI CASES,47.7,6,0.003772859614029343,12595.23,164,0.04205128205128205,0.4226918937429226
20749,12614.17,1770,383,ASSORTED COLOUR MINI CASES,63.6,8,0.005041948855929483,12550.57,165,0.04230769230769231,0.4239200241581116
21755,12572.710000000001,2034,629,LOVE BUILDING BLOCK WORD,23.8,4,0.0018929888623852773,12548.910000000002,166,0.04256410256410256,0.42514411797897744
22607,12571.369999999999,1331,358,WOODEN ROUNDERS GARDEN SET,36.9,4,0.002935240948281691,12534.47,167,0.04282051282051282,0.4263680813358685
20723,12552.4,9798,722,STRAWBERRY CHARLOTTE BAG,62.71,75,0.004995857365922055,12489.69,168,0.043076923076923075,0.4275901977512663
21790,12515.96,14528,926,VINTAGE SNAP CARDS,72.25,85,0.005772629506645915,12443.71,169,0.043333333333333335,0.4288087663254403
22188,12487.17,4871,189,BLACK HEART CARD HOLDER,3.95,1,3.1632467564708417e-4,12483.22,170,0.04358974358974359,0.4300245318713808
22568,12440.14,3380,470,FELTCRAFT CUSHION OWL,1028.8200000000002,302,0.08270164162139657,11411.32,171,0.04384615384615385,0.4312357185212523
22424,12383.83,875,454,ENAMEL BREAD BIN CREAM,342.6,28,0.02766510845190866,12041.23,172,0.0441025641025641,0.4324414227633491
22149,12373.880000000001,6078,547,FELTCRAFT 6 FLOWER FRIENDS,1158.3,623,0.09360847203948962,11215.580000000002,173,0.04435897435897436,0.4336461582617528
23174,12350.73,3057,322,REGENCY SUGAR BOWL GREEN,345.2,88,0.027949764912681276,12005.529999999999,174,0.04461538461538461,0.4348486398489509
21977,12245.02,24854,869,PACK OF 60 PINK PAISLEY CAKE CASES,55.550000000000004,101,0.004536538119170079,12189.470000000001,175,0.04487179487179487,0.43604082938632027
48188,12114.97,2065,287,DOORMAT WELCOME PUPPIES,40.05,5,0.003305827418474829,12074.92,176,0.04512820512820513,0.43722035710285667
47590B,12071.92,2327,393,PINK HAPPY BIRTHDAY BUNTING,124.10000000000001,26,0.010280054871138974,11947.82,177,0.045384615384615384,0.43839569342080137
22273,12016.34,4514,331,FELTCRAFT DOLL MOLLY,3512.6499999999996,1447,0.29232278713818016,8503.69,178,0.045641025641025644,0.43956561840462927
22191,11971.15,1452,415,IVORY DINER WALL CLOCK,2653.7000000000003,344,0.2216746093733685,9317.449999999999,179,0.0458974358974359,0.44073114363695054
22158,11944.880000000001,3463,303,3 HEARTS HANGING DECORATION RUSTIC,71.75,25,0.006006757707067797,11873.130000000001,180,0.046153846153846156,0.4418941111911997
21430,11928.45,3040,477,SET/3 RED GINGHAM ROSE STORAGE BOX,144.03,41,0.012074494171497554,11784.42,181,0.04641025641025641,0.4430554791013405
22087,11893.230000000001,4089,326,PAPER BUNTING WHITE LACE,223.8,76,0.018817428066219184,11669.430000000002,182,0.04666666666666667,0.4442134179508913
22193,11882.57,1403,460,RED DINER WALL CLOCK,192.95000000000002,24,0.016238069710508757,11689.619999999999,183,0.04692307692307692,0.4453703189303147
23300,11815.689999999999,6827,758,GARDENERS KNEELING PAD CUP OF TEA,231.6,152,0.01960105588416758,11584.089999999998,184,0.04717948717948718,0.44652070839434166
21936,11671.09,3987,531,RED RETROSPOT PICNIC BAG,157.10000000000002,56,0.013460610791279994,11513.99,185,0.047435897435897434,0.44765701943243674
23581,11613.03,5035,338,JUMBO BAG PAISLEY PARK,224.76,122,0.019354122050834276,11388.27,186,0.047692307692307694,0.44878767768070066
22692,11555.56,1524,443,DOORMAT WELCOME TO OUR HOME,23.85,3,0.0020639415138686487,11531.71,187,0.047948717948717946,0.4499127405822265
21217,11532.39,1089,344,RED RETROSPOT ROUND CAKE TINS,89.55,9,0.007765085988247016,11442.84,188,0.048205128205128206,0.4510355476253234
22730,11479.65,2892,570,ALARM CLOCK BAKELIKE IVORY,195,52,0.016986580601324953,11284.65,189,0.04846153846153846,0.45215321984004103
21481,11466.37,3313,490,FAWN BLUE HOT WATER BOTTLE,239.6,88,0.020895889457605153,11226.77,190,0.04871794871794872,0.45326959909835224
22356,11420.289999999999,9719,742,CHARLOTTE BAG PINK POLKADOT,201.53,266,0.017646662212605812,11218.759999999998,191,0.04897435897435897,0.45438149195371086
21216,11407.56,2133,430,"SET 3 RETROSPOT TEA,COFFEE,SUGAR",78.5,16,0.006881401456577919,11329.06,192,0.04923076923076923,0.4554921454013093
22041,11354.560000000001,4374,361,"RECORD FRAME 7"" SINGLE SIZE",93.75,38,0.008256594707324634,11260.810000000001,193,0.04948717948717949,0.456597638706623
21340,11338.27,978,290,CLASSIC METAL BIRDCAGE PLANT HOLDER,298.2,28,0.02630030860087121,11040.07,194,0.04974358974358974,0.45770154599839286
21080,11319.36,13210,986,SET/20 RED RETROSPOT PAPER NAPKINS,14.45,17,0.0012765739405761454,11304.91,195,0.05,0.45880361219034005
47566B,11290.12,2382,365,TEA TIME PARTY BUNTING,3692.9499999999994,1424,0.32709572617474386,7597.170000000002,196,0.050256410256410255,0.4599028315415248
22605,11276.21,782,299,WOODEN CROQUET GARDEN SET,97,8,0.00860218105196693,11179.21,197,0.050512820512820515,0.46100069659876264
22570,11227.47,3092,386,FELTCRAFT CUSHION RABBIT,832.35,245,0.07413513462961825,10395.119999999999,198,0.05076923076923077,0.462093816272322
23170,11117.05,6869,445,REGENCY TEA PLATE ROSES,1046.3,718,0.09411669462672202,10070.75,199,0.05102564102564103,0.46317618532491733
22413,11104.79,3777,412,METAL SIGN TAKE IT OR LEAVE IT,53.10000000000001,18,0.004781720320690441,11051.69,200,0.05128205128205128,0.46425736072950496
22662,11090.58,6724,682,LUNCH BAG DOLLY GIRL DESIGN,28.049999999999997,17,0.0025291734066207536,11062.53,201,0.05153846153846154,0.46533715263179315
20711,11014.62,5007,522,JUMBO BAG TOYS,40.31,22,0.0036596814052595548,10974.310000000001,202,0.05179487179487179,0.46640954897921433
85014B,10981.95,1915,350,RED RETROSPOT UMBRELLA,11.9,2,0.0010835962647799343,10970.050000000001,203,0.05205128205128205,0.4674787645370422
22988,10938.310000000001,9137,418,SOLDIERS EGG CUP,132.78,112,0.012138986735610893,10805.53,204,0.052307692307692305,0.4685437312531848
85048,10910.61,1359,261,15CM CHRISTMAS GLASS BALL 20 LIGHTS,307.95,41,0.02822481969385763,10602.66,205,0.052564102564102565,0.46960600106477496
71459,10858.89,13605,440,HANGING JAM JAR T-LIGHT HOLDER,105.88,129,0.009750536196609413,10753.01,206,0.05282051282051282,0.47066323535638444
22617,10745.050000000001,2209,464,BAKING SET SPACEBOY DESIGN,142.15,29,0.013229347466973164,10602.900000000001,207,0.05307692307692308,0.4717093860518108
22846,10676.619999999999,665,278,BREAD BIN DINER STYLE RED,416.7,26,0.03902920587227044,10259.919999999998,208,0.05333333333333334,0.4727488743220193
22734,10621.6,3265,422,SET OF 6 RIBBONS VINTAGE CHRISTMAS,86.7,30,0.008162612035851472,10534.9,209,0.05358974358974359,0.4737830057803691
21791,10535.65,7889,607,VINTAGE HEADS AND TAILS CARD GAME,45,36,0.0042712125023135735,10490.65,210,0.05384615384615385,0.47480876904571157
21891,10526,8145,425,TRADITIONAL WOODEN SKIPPING ROPE,59.32,46,0.005635569067072012,10466.68,211,0.0541025641025641,0.4758335927757136
84755,10518.25,16449,621,COLOUR GLASS T-LIGHT HOLDER HANGING,44.85,69,0.004264017303258622,10473.4,212,0.05435897435897436,0.4768576619566079
47590A,10502.650000000001,1992,390,BLUE HAPPY BIRTHDAY BUNTING,114.8,24,0.010930574664489436,10387.850000000002,213,0.054615384615384614,0.47788021230316935
23208,10498.01,6342,668,LUNCH BAG VINTAGE LEAF DESIGN,109.85,73,0.010463887917805373,10388.16,214,0.054871794871794874,0.4789023108938779
22992,10379.84,5236,348,REVOLVER WOODEN RULER,1193.3999999999999,716,0.11497287048740634,9186.44,215,0.05512820512820513,0.47991290431451483
22169,10354.26,1198,372,FAMILY ALBUM WHITE PICTURE FRAME,257.55,32,0.02487382005087761,10096.710000000001,216,0.055384615384615386,0.48092100723629055
21914,10343.56,7879,603,BLUE HARMONICA IN BOX,45,36,0.004350533085320721,10298.56,217,0.05564102564102564,0.4819280683934917
84947,10297.27,8706,347,ANTIQUE SILVER TEA GLASS ENGRAVED,38.29,32,0.0037184613009079103,10258.98,218,0.0558974358974359,0.4829306227018935
23582,10233.45,4815,259,VINTAGE DOILY JUMBO BAG RED,222.68,121,0.021760012508000724,10010.77,219,0.05615384615384615,0.48392696342009506
22970,10224.75,4367,317,LONDON BUS COFFEE MUG,33.6,16,0.0032861439154991566,10191.15,220,0.05641025641025641,0.48492245709607246
22569,10133.33,2765,348,FELTCRAFT CUSHION BUTTERFLY,658.38,194,0.06497173189859602,9474.95,221,0.056666666666666664,0.4859090500134144
21218,10116.49,2433,394,RED SPOTTY BISCUIT TIN,165.25,49,0.01633471688302959,9951.24,222,0.056923076923076923,0.48689400336856625
22556,10070.109999999999,6118,571,PLASTERS IN TIN CIRCUS PARADE,108.89999999999999,66,0.010814181771599318,9961.21,223,0.057179487179487176,0.487874441112413
22633,10057.320000000002,4867,479,HAND WARMER UNION JACK,54.60000000000001,26,0.0054288816503800215,10002.720000000001,224,0.057435897435897436,0.48885363360682904
22621,10056.949999999999,6150,609,TRADITIONAL KNITTING NANCY,64.75,51,0.006438333689637515,9992.199999999999,225,0.057692307692307696,0.4898327900776103
23171,10051.99,6247,381,REGENCY TEA PLATE GREEN,146.25,97,0.014549357888338528,9905.74,226,0.05794871794871795,0.4908114636369627
48173C,10025.11,1802,188,DOORMAT BLACK FLOCK,40.95,5,0.004084743209800192,9984.16,227,0.05820512820512821,0.49178752012792604
20679,10021.42,1710,326,EDWARDIAN PARASOL RED,53.550000000000004,9,0.005343554107102587,9967.87,228,0.05846153846153846,0.4927632173561531
23076,9965.76,8100,277,ICE CREAM SUNDAE LIP GLOSS,35,28,0.0035120251741964487,9930.76,229,0.05871794871794872,0.4937334954613692
22791,9963.880000000001,8027,345,T-LIGHT GLASS FLUTED ANTIQUE,192.75000000000003,177,0.01934487368374569,9771.130000000001,230,0.05897435897435897,0.4947035905275759
22690,9959.6,1621,285,DOORMAT HOME SWEET HOME BLUE,48.3,6,0.00484959235310655,9911.300000000001,231,0.05923076923076923,0.4956732688879529
84997A,9933.880000000001,2573,260,CHILDRENS CUTLERY POLKADOT GREEN,49.95,13,0.005028246767627553,9883.93,232,0.059487179487179485,0.49664044311890404
22619,9921.289999999999,2487,443,SET OF 6 SOLDIER SKITTLES,15,4,0.0015119001662082252,9906.289999999999,233,0.059743589743589745,0.4976063915726597
22654,9898.95,1412,328,DELUXE SEWING KIT,193.35000000000002,33,0.019532374645795766,9705.6,234,0.06,0.4985701649777617
22555,9863.279999999999,6023,515,PLASTERS IN TIN STRONGMAN,34.65,21,0.0035130301481859994,9828.63,235,0.06025641025641026,0.49953046550974484
22766,9843.59,3297,504,PHOTO FRAME CORNICE,156.35000000000002,53,0.015883432771986644,9687.24,236,0.06051282051282051,0.5004888490001885
21314,9811.58,4252,541,SMALL GLASS HEART TRINKET POT,270.15000000000003,139,0.027533791703273074,9541.43,237,0.06076923076923077,0.5014441159594145
22838,9765.11,689,168,3 TIER CAKE TIN RED AND CREAM,1671.6,128,0.1711808673942229,8093.51,238,0.06102564102564102,0.5023948585448298
22561,9749.82,5888,433,WOODEN SCHOOL COLOURING SET,405,276,0.04153922841652461,9344.82,239,0.06128205128205128,0.5033441124778762
21559,9748.13,3938,573,STRAWBERRY LUNCH BOX WITH CUTLERY,35.25,14,0.0036160781606318342,9712.88,240,0.06153846153846154,0.5042932018705368
22844,9686.82,1006,416,VINTAGE CREAM DOG FOOD CONTAINER,227.8,28,0.023516489415515103,9459.02,241,0.061794871794871795,0.5052363220495467
22144,9681.18,4082,544,CHRISTMAS CRAFT LITTLE FRIENDS,92.4,44,0.009544291088483016,9588.78,242,0.062051282051282054,0.5061788931115285
22560,9602.32,8168,389,TRADITIONAL MODELLING CLAY,1.06,1,1.103899890859709e-4,9601.26,243,0.06230769230769231,0.5071137862712353
23175,9600.15,3164,329,REGENCY MILK JUG PINK,225.5,80,0.02348921631432842,9374.65,244,0.06256410256410257,0.5080484681571918
22978,9568.73,2465,238,PANTRY ROLLING PIN,272.61,75,0.028489674178286985,9296.119999999999,245,0.06282051282051282,0.5089800909550241
22456,9554.470000000001,1731,476,NATURAL SLATE CHALKBOARD LARGE,326.8,68,0.034203885720505686,9227.670000000002,246,0.06307692307692307,0.5099103253824981
35970,9546.53,5070,456,ZINC FOLKART SLEIGH BELLS,121.17,73,0.012692569970449995,9425.36,247,0.06333333333333334,0.5108397867622413
22952,9524.720000000001,16079,619,60 CAKE CASES VINTAGE CHRISTMAS,140.4,312,0.014740590799519565,9384.320000000002,248,0.06358974358974359,0.5117671246947536
21174,9413.82,4179,538,POTTERING IN THE SHED METAL SIGN,0,0,0,9413.82,249,0.06384615384615384,0.5126836652729378
84375,9404.150000000001,4321,517,SET OF 20 KIDS COOKIE CUTTERS,27.300000000000004,13,0.002902973687148759,9376.850000000002,250,0.0641025641025641,0.5135992643685582
85150,9388.53,4039,478,LADIES & GENTLEMEN METAL SIGN,12.299999999999999,5,0.0013101092503299237,9376.230000000001,251,0.06435897435897436,0.5145133426826219
21155,9301.4,3157,485,RED RETROSPOT PEG BAG,510.6,238,0.05489496204872385,8790.8,252,0.06461538461538462,0.5154189379174918
23319,9266.84,3739,403,BOX OF 6 MINI 50'S CRACKERS,244.97,116,0.026435117040976213,9021.87,253,0.06487179487179487,0.5163211683501474
22749,9264.91,2375,449,FELTCRAFT PRINCESS CHARLOTTE DOLL,0,0,0,9264.91,254,0.06512820512820512,0.5172232108757348
22966,9212.15,7448,670,GINGERBREAD MAN COOKIE CUTTER,6.25,5,6.78451827206461e-4,9205.9,255,0.06538461538461539,0.5181201166257194
84991,9183.720000000001,18214,828,60 TEATIME FAIRY CAKE CASES,95.7,174,0.01042061386888973,9088.02,256,0.06564102564102564,0.5190142543974935
23318,9167.390000000001,3811,376,BOX OF 6 MINI VINTAGE CRACKERS,368.71000000000004,168,0.04021973538815301,8798.68,257,0.0658974358974359,0.5199068022612768
20972,9159.31,7362,616,PINK CREAM FELT CRAFT TRINKET BOX,30,24,0.0032753558947125933,9129.31,258,0.06615384615384616,0.5207985634467647
23080,9158.87,1079,257,RED METAL BOX TOP SECRET,90.75,11,0.00990842756802968,9068.12,259,0.06641025641025641,0.5216902817933354
48116,9088.63,1492,201,DOORMAT MULTICOLOUR STRIPE,24.15,3,0.002657166151554195,9064.48,260,0.06666666666666667,0.5225751614909611
22729,9080.2,2326,445,ALARM CLOCK BAKELIKE ORANGE,115.89,31,0.012762934737120327,8964.310000000001,261,0.06692307692307692,0.52345922043388
22771,9050.44,6635,441,CLEAR DRAWER KNOB ACRYLIC EDWARDIAN,37.5,30,0.004143444959582076,9012.94,262,0.06717948717948719,0.5243403819082253
22759,9043.939999999999,5445,422,SET OF 3 NOTEBOOKS IN PARCEL,39.599999999999994,24,0.004378622591481147,9004.339999999998,263,0.06743589743589744,0.525220910534932
22989,9012.27,2815,372,SET 2 PANTRY DESIGN TEA TOWELS,78,24,0.00865486719772044,8934.27,264,0.06769230769230769,0.5260983557332205
22632,8995.43,4474,392,HAND WARMER RED RETROSPOT,59.150000000000006,29,0.006575561146048605,8936.28,265,0.06794871794871794,0.5269741613693191
23439,8941.61,4027,397,HAND WARMER RED LOVE HEART,0,0,0,8941.61,266,0.06820512820512821,0.5278447270269689
23322,8925.410000000002,3085,562,LARGE WHITE HEART OF WICKER,169.85,63,0.019029938120489698,8755.560000000001,267,0.06846153846153846,0.5287137154335809
82582,8862.990000000002,4367,437,AREA PATROLLED METAL SIGN,39.900000000000006,19,0.004501866751513879,8823.090000000002,268,0.06871794871794872,0.5295766265556378
21889,8862.29,6402,587,WOODEN BOX OF DOMINOES,32.5,26,0.0036672237085448567,8829.79,269,0.06897435897435897,0.530439469524872
84945,8754.63,10557,347,MULTI COLOUR SILVER T-LIGHT HOLDER,97.46,103,0.011132395086942568,8657.17,270,0.06923076923076923,0.5312918305899857
22947,8714.24,746,137,WOODEN ADVENT CALENDAR RED,72.92,6,0.008367912749706228,8641.32,271,0.06948717948717949,0.5321402592372338
23256,8675.37,2115,368,CHILDRENS CUTLERY SPACEBOY,338,88,0.0389608742912406,8337.37,272,0.06974358974358974,0.5329849034556023
22147,8626.94,6230,481,FELTCRAFT BUTTERFLY HEARTS,1103.65,877,0.12793064516502956,7523.290000000001,273,0.07,0.5338248324722566
22652,8620.32,5096,467,TRAVEL SEWING KIT,24.75,15,0.002871123113759118,8595.57,274,0.07025641025641026,0.5346641169579314
23534,8614.85,1388,260,WALL ART STOP FOR TEA,41.650000000000006,7,0.004834675008850996,8573.2,275,0.07051282051282051,0.5355028688779776
22795,8578,1212,368,SWEETHEART RECIPE BOOK STAND,78.45,17,0.009145488458848217,8499.55,276,0.07076923076923076,0.5363380330387184
23082,8577.51,2333,297,SET 6 PAPER TABLE LANTERN HEARTS,103.16,28,0.012026800318507351,8474.35,277,0.07102564102564103,0.5371731494924833
23078,8553.34,6831,257,ICE CREAM PEN LIP GLOSS,60,48,0.0070148035738085935,8493.34,278,0.07128205128205128,0.5380059127266441
21035,8549.85,2603,394,SET/2 RED RETROSPOT TEA TOWELS,550,200,0.06432861395229156,7999.85,279,0.07153846153846154,0.5388383361703033
84378,8540.9,6350,685,SET OF 3 HEART COOKIE CUTTERS,90,72,0.010537531173529723,8450.9,280,0.07179487179487179,0.5396698882314448
21484,8535.52,1881,402,CHICK GREY HOT WATER BOTTLE,147.60000000000002,48,0.017292443811273362,8387.92,281,0.07205128205128206,0.5405009164894636
23493,8509.68,3970,415,VINTAGE DOILY TRAVEL SEWING KIT,11.4,6,0.0013396508446851115,8498.28,282,0.07230769230769231,0.5413294289347157
23321,8473.269999999999,4737,629,SMALL WHITE HEART OF WICKER,64.35,39,0.007594470611700088,8408.919999999998,283,0.07256410256410256,0.5421543964595793
23535,8469.99,1329,215,WALL ART BICYCLE SAFETY,5.95,1,7.02480168217436e-4,8464.039999999999,284,0.07282051282051281,0.5429790446397883
71053,8441.82,1950,333,WHITE METAL LANTERN,139.77,39,0.016556856222947187,8302.05,285,0.07307692307692308,0.5438009501556923
21213,8418.44,15176,663,PACK OF 72 SKULL CAKE CASES,26.400000000000002,48,0.003135972935603271,8392.04,286,0.07333333333333333,0.5446205793673204
21210,8374.189999999999,5812,453,SET OF 72 RETROSPOT PAPER  DOILIES,173.65,133,0.02073633390214457,8200.539999999999,287,0.07358974358974359,0.5454359003469467
22768,8268.539999999999,868,260,FAMILY PHOTO FRAME CORNICE,355.29999999999995,36,0.04297010113030837,7913.239999999999,288,0.07384615384615385,0.5462409351184145
72741,8225,5978,292,GRAND CHOCOLATECANDLE,36.25,25,0.004407294832826748,8188.75,289,0.0741025641025641,0.5470417307843148
22192,8189.29,954,365,BLUE DINER WALL CLOCK,168.3,21,0.02055123215809918,8020.99,290,0.07435897435897436,0.5478390496826493
22725,8168.6,1984,428,ALARM CLOCK BAKELIKE CHOCOLATE,187.5,50,0.022953749724555002,7981.1,291,0.07461538461538461,0.5486343541782692
84380,8161.46,5805,688,SET OF 3 BUTTERFLY COOKIE CUTTERS,98.75,75,0.012099550815662883,8062.71,292,0.07487179487179488,0.5494289635150982
22804,8135.4000000000005,3142,474,CANDLEHOLDER PINK HANGING HEART,455.2,176,0.05595299555031098,7680.200000000001,293,0.07512820512820513,0.5502210356197018
22655,8125,60,38,VINTAGE RED KITCHEN CABINET,1730.5,10,0.21298461538461538,6394.5,294,0.07538461538461538,0.5510120951680836
22667,8101.1500000000005,2901,464,RECIPE BOX RETROSPOT,260.75,93,0.03218678829548891,7840.4000000000005,295,0.07564102564102564,0.5518008326524372
22909,8050.53,8987,610,SET OF 20 VINTAGE CHRISTMAS NAPKINS,195.19,259,0.02424560867421151,7855.34,296,0.0758974358974359,0.5525846417141029
21121,8033.85,6634,379,SET/10 RED POLKADOT PARTY CANDLES,120,96,0.014936798670624918,7913.85,297,0.07615384615384616,0.5533668267913665
22616,7980.92,26135,512,PACK OF 12 LONDON TISSUES,8.16,24,0.001022438515860327,7972.76,298,0.07641025641025641,0.5541438585416275
22940,7954,1930,321,FELTCRAFT CHRISTMAS FAIRY,99.5,34,0.01250942921800352,7854.5,299,0.07666666666666666,0.5549182693290525
21770,7938.780000000001,1641,388,OPEN CLOSED METAL SIGN,29.700000000000003,6,0.0037411289895928593,7909.080000000001,300,0.07692307692307693,0.5556911982793913
22487,7919.23,785,429,WHITE WOOD GARDEN PLANT LADDER,232.79999999999998,25,0.029396797415910385,7686.429999999999,301,0.07717948717948718,0.5564622238187551
22352,7873.719999999999,3093,482,LUNCH BOX WITH CUTLERY RETROSPOT,40.8,16,0.005181794628206235,7832.919999999999,302,0.07743589743589743,0.5572288184510363
22968,7861.929999999999,795,189,ROSE COTTAGE KEEPSAKE BOX,188.85,20,0.024020819315358953,7673.079999999999,303,0.07769230769230769,0.557994265195062
21136,7830.32,4709,370,PAINTED METAL PEARS ASSORTED,15.209999999999999,9,0.0019424493507289612,7815.11,304,0.07794871794871795,0.5587566343523401
23238,7825.56,1862,274,SET OF 4 KNICK KNACK TINS LONDON,65.60000000000001,16,0.008382786663190877,7759.96,305,0.0782051282051282,0.5595185400704243
22557,7777.089999999999,4721,566,PLASTERS IN TIN VINTAGE PAISLEY,44.55,27,0.005728363693875215,7732.539999999999,306,0.07846153846153846,0.5602757266923474
22173,7773.7,2446,493,METAL 4 HOOK HANGER FRENCH CHATEAU,279.77,101,0.035989297245841746,7493.93,307,0.07871794871794872,0.5610325832598865
23007,7758.699999999999,499,184,SPACEBOY BABY GIFT SET,101.69999999999999,6,0.013107866008480802,7656.999999999999,308,0.07897435897435898,0.5617879794097979
21908,7756.420000000001,3773,468,CHOCOLATE THIS WAY METAL SIGN,54.60000000000001,26,0.007039330000180496,7701.820000000001,309,0.07923076923076923,0.5625431535762297
23204,7741.94,7976,583,CHARLOTTE BAG APPLES DESIGN,138.34,186,0.017868906243138027,7603.5999999999995,310,0.07948717948717948,0.5632969179528449
48111,7732.93,1175,233,DOORMAT 3 SMILEY CATS,15.9,2,0.002056141721184596,7717.030000000001,311,0.07974358974358975,0.5640498051052717
21258,7674.8,532,163,VICTORIAN SEWING BOX LARGE,679.7499999999999,61,0.08856908323343929,6995.05,312,0.08,0.564797032652585
84970S,7672.41,8905,537,HANGING HEART ZINC T-LIGHT HOLDER,20.2,25,0.002632810290378121,7652.21,313,0.08025641025641025,0.5655440275066895
84406B,7657.320000000001,2016,284,CREAM CUPID HEARTS COAT HANGER,162.5,42,0.021221523979669126,7494.820000000001,314,0.08051282051282051,0.5662895531806607
84949,7642.44,4801,290,SILVER HANGING T-LIGHT HOLDER,412.34999999999997,263,0.05395528129759605,7230.089999999999,315,0.08076923076923077,0.5670336301203448
21231,7628.530000000001,6063,509,SWEETHEART CERAMIC TRINKET BOX,188.08,157,0.02465481554113309,7440.450000000001,316,0.08102564102564103,0.5677763527660823
22991,7608.79,3889,274,GIRAFFE WOODEN RULER,1185.9,714,0.15585921020293636,6422.889999999999,317,0.08128205128205128,0.5685171535022215
21955,7597.02,1230,206,DOORMAT UNION JACK GUNS AND ROSES,0,0,0,7597.02,318,0.08153846153846153,0.5692568082973289
22750,7563.08,2020,413,FELTCRAFT PRINCESS LOLA DOLL,22.5,6,0.0029749784479339105,7540.58,319,0.0817948717948718,0.5699931586541505
22585,7561.64,6232,395,PACK OF 6 BIRDY GIFT TAGS,56.25,45,0.007438862468988209,7505.39,320,0.08205128205128205,0.5707293688108798
22627,7547.39,855,357,MINT KITCHEN SCALES,117.21000000000001,15,0.015529871915986851,7430.18,321,0.0823076923076923,0.5714641915708627
21668,7527.66,5528,437,RED STRIPE CERAMIC DRAWER KNOB,102.67,84,0.013639032581173964,7424.99,322,0.08256410256410257,0.5721970933948591
22367,7520.28,3755,550,CHILDRENS APRON SPACEBOY DESIGN,70.2,36,0.009334758812171887,7450.08,323,0.08282051282051282,0.5729292766933827
22381,7437.94,3441,469,TOY TIDY PINK POLKADOT,56.45,27,0.007589466976071333,7381.49,324,0.08307692307692308,0.5736534432727416
84836,7426.82,5944,535,ZINC METAL HEART DECORATION,43.75,35,0.005890811949124929,7383.07,325,0.08333333333333333,0.5743765271958324
22741,7363.86,8547,233,FUNKY DIVA PEN,43.349999999999994,51,0.005886858250971637,7320.509999999999,326,0.0835897435897436,0.5750934812593335
23382,7356.18,1875,220,BOX OF 6 CHRISTMAS CAKE DECORATIONS,63.75,17,0.008666182719835566,7292.43,327,0.08384615384615385,0.5758096875890092
21169,7320.36,4424,450,YOU'RE CONFUSING ME METAL SIGN,29.220000000000002,18,0.00399160697014901,7291.139999999999,328,0.0841025641025641,0.5765224064413896
23083,7254.6500000000005,1933,246,SET 6 PAPER TABLE LANTERN STARS,214.17000000000002,63,0.029521755012302454,7040.4800000000005,329,0.08435897435897435,0.5772287276909488
20969,7236.93,1962,305,RED FLORAL FELTCRAFT SHOULDER BAG,980.07,289,0.13542620973258,6256.860000000001,330,0.08461538461538462,0.5779333237004836
22179,7232.95,967,289,SET 10 NIGHT OWL LIGHTS,178.95,29,0.024740942492344063,7054,331,0.08487179487179487,0.5786375322125412
22631,7207.37,3681,396,CIRCUS PARADE LUNCH BOX,64.35,33,0.008928360830649736,7143.0199999999995,332,0.08512820512820513,0.5793392502257375
22634,7191.15,766,222,CHILDS BREAKFAST SET SPACEBOY,381.84999999999997,41,0.05309999096111192,6809.299999999999,333,0.08538461538461538,0.5800393890406723
22485,7190.3499999999995,526,208,SET OF 2 WOODEN MARKET CRATES,76.5,6,0.01063925956316452,7113.8499999999995,334,0.08564102564102564,0.580739449966667
22553,7176.669999999999,4269,560,PLASTERS IN TIN SKULLS,138.6,84,0.019312578117706404,7038.069999999999,335,0.0858974358974359,0.5814381789917852
22767,7173.549999999999,774,218,TRIPLE PHOTO FRAME CORNICE,348.25,35,0.04854639613580446,6825.299999999999,336,0.08615384615384615,0.5821366042500368
21787,7163.65,8878,243,RAIN PONCHO RETROSPOT,420,528,0.05862933002031088,6743.65,337,0.08641025641025642,0.5828340656326539
22834,7136.2300000000005,4970,368,HAND WARMER BABUSHKA DESIGN,306.05,203,0.042886790364099814,6830.18,338,0.08666666666666667,0.5835288573718476
21669,7136,5285,425,BLUE STRIPE CERAMIC DRAWER KNOB,115.00999999999999,80,0.016116872197309416,7020.99,339,0.08692307692307692,0.5842236267179709
22950,7133,5210,185,36 DOILIES VINTAGE CHRISTMAS,413.65,325,0.05799102761811299,6719.35,340,0.08717948717948718,0.5849181039805688
22637,7121.38,2764,329,PIGGY BANK RETROSPOT,136.2,55,0.019125506573164187,6985.18,341,0.08743589743589744,0.5856114499063109
21259,7106.950000000001,1184,285,VICTORIAN SEWING BOX SMALL,92.2,16,0.012973216358634857,7014.750000000001,342,0.0876923076923077,0.586303390910295
23236,7106.21,2509,327,STORAGE TIN VINTAGE DOILY,95.37,33,0.013420656017764744,7010.84,343,0.08794871794871795,0.5869952598670096
22505,7104.22,1461,311,MEMO BOARD COTTAGE DESIGN,24.75,5,0.0034838448133644507,7079.47,344,0.0882051282051282,0.5876869350749857
23320,7072.16,2668,333,GIANT 50'S CHRISTMAS CRACKER,37.57,13,0.0053123798104115294,7034.59,345,0.08846153846153847,0.5883754888836851
21912,7062.7,1790,396,VINTAGE SNAKES & LADDERS,0,0,0,7062.7,346,0.08871794871794872,0.5890631216556674
22663,7053.28,3420,450,JUMBO BAG DOLLY GIRL DESIGN,21.45,11,0.003041138307283987,7031.83,347,0.08897435897435897,0.5897498372853794
22333,7047.24,4494,317,RETROSPOT PARTY BAG + STICKER SET,135.29999999999998,82,0.019199005568137313,6911.94,348,0.08923076923076922,0.5904359648535933
22946,7047.17,454,137,WOODEN ADVENT CALENDAR CREAM,237.75,17,0.03373694688789968,6809.42,349,0.08948717948717949,0.591122085606525
23215,7044.64,3567,210,JINGLE BELL HEART ANTIQUE SILVER,214.8,120,0.030491267119398577,6829.84,350,0.08974358974358974,0.5918079600356834
23543,7019.01,1237,103,WALL ART KEEP CALM,0,0,0,7019.01,351,0.09,0.5924913390979217
22839,7011.57,447,201,3 TIER CAKE TIN GREEN AND CREAM,209.29999999999998,14,0.029850661121546242,6802.2699999999995,352,0.09025641025641026,0.5931739937930168
23283,7003.38,994,233,DOORMAT VINTAGE LEAF,57.45,7,0.008203181892172066,6945.93,353,0.09051282051282052,0.593855851100087
23293,7001.99,8486,552,SET OF 12 FAIRY CAKE BAKING CASES,26.56,32,0.0037932073596220503,6975.429999999999,354,0.09076923076923077,0.5945375730751238
22170,6977.6,1068,265,PICTURE FRAME WOOD TRIPLE PORTRAIT,118.65,19,0.01700441412520064,6858.950000000001,355,0.09102564102564102,0.5952169204110977
21922,6952.31,899,208,UNION STRIPE WITH FRINGE  HAMMOCK,0,0,0,6952.31,356,0.09128205128205129,0.5958938054829513
21877,6942.33,5418,349,HOME SWEET HOME MUG,1134.3200000000002,1052,0.16339182954425965,5808.01,357,0.09153846153846154,0.5965697188902765
21165,6939.08,4156,449,BEWARE OF THE CAT METAL SIGN,20.28,12,0.0029225776327697624,6918.8,358,0.0917948717948718,0.5972453158737824
21094,6933.259999999999,8758,527,SET/6 RED SPOTTY PAPER PLATES,0,0,0,6933.259999999999,359,0.09205128205128205,0.5979203462152486
23254,6932.160000000001,1710,299,CHILDRENS CUTLERY DOLLY GIRL,83,20,0.011973180076628351,6849.160000000001,360,0.09230769230769231,0.5985952694594221
22109,6928.65,1642,296,FULL ENGLISH BREAKFAST PLATE,114.39,33,0.016509709683704618,6814.259999999999,361,0.09256410256410257,0.5992698509658707
22840,6927.64,916,271,ROUND CAKE TIN VINTAGE RED,158,20,0.022807189750044747,6769.64,362,0.09282051282051282,0.5999443341375325
21257,6909.37,689,261,VICTORIAN SEWING BOX MEDIUM,88.4,12,0.012794220022954337,6820.97,363,0.09307692307692307,0.6006170385205235
22294,6901.33,5534,299,HEART FILIGREE DOVE  SMALL,42.5,34,0.006158233268080211,6858.83,364,0.09333333333333334,0.601288960119666
21326,6890.47,10583,340,AGED GLASS SILVER T-LIGHT HOLDER,13.65,21,0.001980996942153438,6876.820000000001,365,0.09358974358974359,0.6019598243764462
23109,6878.37,2401,268,PACK OF SIX LED TEA LIGHTS,239.04000000000002,96,0.0347524195412576,6639.33,366,0.09384615384615384,0.6026295105630065
22580,6860.09,1313,246,ADVENT CALENDAR GINGHAM SACK,314.95000000000005,61,0.04591047639316686,6545.14,367,0.0941025641025641,0.6032974169872845
23103,6859.359999999999,4080,365,JINGLE BELL HEART DECORATION,46.199999999999996,28,0.00673532224580719,6813.159999999999,368,0.09435897435897436,0.6039652523379044
75049L,6827.98,7114,205,LARGE CIRCULAR MIRROR MOBILE,204.2,228,0.029906355906139152,6623.78,369,0.09461538461538462,0.6046300324948473
23541,6823.91,872,152,WALL ART CLASSIC PUDDINGS,16.5,2,0.002417968583993634,6807.41,370,0.09487179487179487,0.6052944163918069
21672,6815.9,5022,409,WHITE SPOT RED CERAMIC DRAWER KNOB,77.55,59,0.011377807773001365,6738.3499999999995,371,0.09512820512820513,0.6059580204257534
23297,6792.23,4303,161,SET 40 HEART SHAPE PETIT FOUR CASES,42.9,26,0.006316040534551981,6749.33,372,0.09538461538461539,0.6066193199206833
22620,6789.46,4894,483,4 TRADITIONAL SPINNING TOPS,12.9,10,0.0019000038294650827,6776.56,373,0.09564102564102564,0.6072803497251579
22943,6785.17,1361,209,CHRISTMAS LIGHTS 10 VINTAGE BAUBLES,165.5,34,0.02439143013365914,6619.67,374,0.09589743589743589,0.6079409618501909
23008,6753.509999999999,435,133,DOLLY GIRL BABY GIFT SET,118.64999999999999,7,0.017568642083894154,6634.86,375,0.09615384615384616,0.6085984915204176
23229,6739.71,1869,256,VINTAGE DONKEY TAIL GAME,40.89,11,0.006067026622807213,6698.82,376,0.09641025641025641,0.6092546776064267
23480,6726.64,1800,215,MINI LIGHTS WOODLAND MUSHROOMS,68.1,20,0.010123925169178073,6658.54,377,0.09666666666666666,0.6099095911818762
23247,6715.93,2206,309,BISCUIT TIN 50'S CHRISTMAS,118.54000000000002,46,0.017650571104820927,6597.39,378,0.09692307692307692,0.6105634620191394
22668,6710.42,2190,345,PINK BABY BUNTING,157,60,0.023396449104526987,6553.42,379,0.09717948717948718,0.6112167963963272
21533,6701.22,1361,339,RETROSPOT LARGE MILK JUG,147.9,32,0.022070608038536266,6553.320000000001,380,0.09743589743589744,0.6118692350507035
85014A,6684.67,1164,278,BLACK/BLUE POLKADOT UMBRELLA,35.7,6,0.0053405777697328365,6648.97,381,0.09769230769230769,0.6125200623776303
21871,6681.21,5454,357,SAVE THE PLANET MUG,740.94,685,0.11089907367078719,5940.27,382,0.09794871794871794,0.6131705528348911
84988,6672.7,4312,510,SET OF 72 PINK HEART PAPER DOILIES,18.849999999999998,13,0.0028249434261992893,6653.8499999999995,383,0.09820512820512821,0.6138202147485511
23169,6671.14,1558,314,CLASSIC GLASS COOKIE JAR,379.15000000000003,93,0.056834364141660945,6291.990000000001,384,0.09846153846153846,0.6144697247787777
21888,6667.04,1690,378,BINGO SET,56.25,15,0.008437027526458519,6610.79,385,0.09871794871794871,0.6151188356281861
20718,6613.04,4776,575,RED RETROSPOT SHOPPER BAG,42.99,35,0.006500792373855292,6570.05,386,0.09897435897435898,0.6157626889741344
84992,6555.33,13360,615,72 SWEETHEART FAIRY CAKE CASES,62.14,130,0.009479309203350557,6493.19,387,0.09923076923076923,0.6164009236066629
22508,6544.63,1599,296,DOORSTOP RETROSPOT HEART,82.5,22,0.012605754641591655,6462.13,388,0.09948717948717949,0.6170381164746168
21122,6496.04,5331,344,SET/10 PINK POLKADOT PARTY CANDLES,61.25,49,0.00942882125110067,6434.79,389,0.09974358974358974,0.6176705785630684
23311,6488.2,2390,344,VINTAGE CHRISTMAS STOCKING,38.25,15,0.005895317653586511,6449.95,390,0.1,0.6183022773399067
22141,6474.290000000001,2796,457,CHRISTMAS CRAFT TREE TOP ANGEL,33.6,16,0.0051897582592068,6440.6900000000005,391,0.10025641025641026,0.6189326218227981
23553,6457.15,569,68,LANDMARK FRAME CAMDEN TOWN,0,0,0,6457.15,392,0.10051282051282051,0.6195612975351468
84030E,6452.94,1506,334,ENGLISH ROSE HOT WATER BOTTLE,12.75,3,0.0019758435689778615,6440.19,393,0.10076923076923076,0.620189563356948
23188,6451.07,3473,333,VINTAGE  2 METER FOLDING RULER,23.099999999999998,14,0.0035808013244314507,6427.969999999999,394,0.10102564102564103,0.6208176471133515
20676,6441.06,5076,448,RED RETROSPOT BOWL,27.5,22,0.004269483594315221,6413.56,395,0.10128205128205128,0.6214447562843916
23571,6436.61,2859,257,TRADITIONAL NAUGHTS & CROSSES,0,0,0,6436.61,396,0.10153846153846154,0.6220714321982019
23134,6431.11,1065,38,LARGE ZINC HEART WALL ORGANISER,0,0,0,6431.11,397,0.10179487179487179,0.6226975726255488
22635,6422.28,682,194,CHILDS BREAKFAST SET DOLLY GIRL,727.05,84,0.11320745903324053,5695.23,398,0.10205128205128206,0.6233228533537188
84970L,6412.7699999999995,6065,457,SINGLE HEART ZINC T-LIGHT HOLDER,11.399999999999999,12,0.0017777029271282144,6401.37,399,0.10230769230769231,0.6239472081771128
22784,6405.54,1281,299,LANTERN CREAM GAZEBO,200.85000000000002,41,0.03135567024794163,6204.69,400,0.10256410256410256,0.6245708590792102
22979,6401.969999999999,4097,381,PANTRY WASHING UP BRUSH,117.55,91,0.01836153558982626,6284.419999999999,401,0.10282051282051283,0.6251941624019122
23307,6379.59,12063,629,SET OF 60 PANTRY DESIGN CAKE CASES,48.400000000000006,88,0.007586694442746321,6331.1900000000005,402,0.10307692307692308,0.6258152867815134
23172,6360.909999999999,3871,305,REGENCY TEA PLATE PINK,154.29999999999998,102,0.024257535478414253,6206.609999999999,403,0.10333333333333333,0.6264345924543623
22303,6353.55,2822,261,COFFEE MUG APPLES DESIGN,171.15,74,0.02693769624855396,6182.4000000000005,404,0.10358974358974359,0.6270531815489618
22895,6349.95,2063,284,SET OF 2 TEA TOWELS APPLE AND PEARS,17.700000000000003,6,0.002787423523019867,6332.25,405,0.10384615384615385,0.6276714201433307
22151,6332.29,15150,332,PLACE SETTING WHITE HEART,321.96,890,0.05084416538092854,6010.33,406,0.1041025641025641,0.6282879393393457
21154,6321.76,4035,451,RED RETROSPOT OVEN GLOVE,227,212,0.03590772190023032,6094.76,407,0.10435897435897436,0.628903433322186
21380,6316.360000000001,2168,290,WOODEN HAPPY BIRTHDAY GARLAND,2.95,1,4.670411439499965e-4,6313.410000000001,408,0.10461538461538461,0.6295184015546804
21935,6298.61,3393,530,SUKI  SHOULDER BAG,1.65,1,2.619625599933954e-4,6296.96,409,0.10487179487179488,0.6301316416263153
22826,6210,58,41,LOVE SEAT ANTIQUE WHITE METAL,517.5,4,0.08333333333333333,5692.5,410,0.10512820512820513,0.6307362545242169
23192,6142.289999999999,3533,345,BUNDLE OF 3 ALPHABET EXERCISE BOOKS,4.949999999999999,3,8.058883575995272e-4,6137.339999999999,411,0.10538461538461538,0.6313342750969467
21670,6141.29,4370,374,BLUE SPOT CERAMIC DRAWER KNOB,96.25,69,0.015672602987320254,6045.04,412,0.10564102564102563,0.6319321983085013
21975,6117.91,12340,601,PACK OF 60 DINOSAUR CAKE CASES,36.06,71,0.0058941697409736335,6081.8499999999995,413,0.1058974358974359,0.6325278452157801
23118,6102.18,813,258,PARISIENNE JEWELLERY DRAWER,180,24,0.02949765493643255,5922.18,414,0.10615384615384615,0.6331219606317733
21156,6093.05,3171,358,RETROSPOT CHILDRENS APRON,76.05,39,0.012481433764699124,6017,415,0.10641025641025641,0.6337151871402369
21671,6078.54,4421,369,RED SPOT CERAMIC DRAWER KNOB,214.81,152,0.035339078133893996,5863.73,416,0.10666666666666667,0.6343070009380487
21673,6071.75,4395,365,WHITE SPOT BLUE CERAMIC DRAWER KNOB,143.95,103,0.023708156627002097,5927.8,417,0.10692307692307693,0.6348981536534809
47591D,6060.25,3211,439,PINK FAIRY CAKE CHILDRENS APRON,3.9,2,6.43537807846211e-4,6056.35,418,0.10717948717948718,0.6354881867153985
47556B,6045,2600,2,TEA TIME TEA TOWELS,0,0,0,6045,419,0.10743589743589743,0.6360767350193945
17003,6036.39,23056,239,BROCADE RING PURSE,172.8,3,0.02862638099923961,5863.59,420,0.1076923076923077,0.6366644450436723
22366,6034.9,800,220,DOORMAT AIRMAIL,194.07000000000002,27,0.03215794793617128,5840.83,421,0.10794871794871795,0.6372520099997989
23526,6021.4,1012,143,WALL ART DOG LICENCE,95.2,16,0.0158102766798419,5926.2,422,0.1082051282051282,0.6378382605800605
22174,6013.429999999999,3239,321,PHOTO CUBE,0,0,0,6013.429999999999,423,0.10846153846153846,0.638423735191756
21535,6011.51,2497,343,RED RETROSPOT SMALL MILK JUG,80.69999999999999,32,0.013424247817935924,5930.81,424,0.10871794871794872,0.6390090228699951
48129,6009.84,904,205,DOORMAT TOPIARY,159.15,23,0.026481570224831278,5850.6900000000005,425,0.10897435897435898,0.6395941479550715
23296,5988.05,4981,378,SET OF 6 TEA TIME BAKING CASES,33.75,27,0.005636225482419151,5954.3,426,0.10923076923076923,0.6401771515401408
23312,5968.3,1424,214,VINTAGE CHRISTMAS GIFT SACK,4.15,1,6.953403816832264e-4,5964.1500000000005,427,0.10948717948717948,0.6407582322420001
22783,5961.25,463,33,SET 3 WICKER OVAL BASKETS W LIDS,0,0,0,5961.25,428,0.10974358974358975,0.6413386265475743
22584,5954.61,2333,196,PACK OF 6 PANNETONE GIFT BOXES,38.24999999999999,15,0.0064235944923345095,5916.36,429,0.11,0.6419183743749453
23052,5949.34,654,278,RECYCLED ACAPULCO MAT TURQUOISE,8.25,1,0.001386708441608649,5941.09,430,0.11025641025641025,0.6424976091089231
22150,5925.389999999999,3030,468,3 STRIPEY MICE FELTCRAFT,21.45,11,0.0036200148850961712,5903.94,431,0.1105128205128205,0.6430745120427552
23154,5907.360000000001,2732,235,SET OF 4 JAM JAR MAGNETS,126.88000000000001,61,0.02147829148722949,5780.4800000000005,432,0.11076923076923077,0.6436496595545986
23113,5868.5,1154,57,PANTRY CHOPPING BOARD,4803.0599999999995,946,0.8184476442020958,1065.4400000000005,433,0.11102564102564103,0.6442210236111745
22971,5849.29,2431,272,QUEENS GUARD COFFEE MUG,37.65,16,0.006436678639629767,5811.64,434,0.11128205128205128,0.6447905173595749
23485,5843.92,262,83,BOTANICAL GARDENS WALL CLOCK,407.4,18,0.06971347999288148,5436.52,435,0.11153846153846154,0.6453594882784647
22207,5837.84,1334,208,FRYING PAN UNION FLAG,282.25,75,0.04834836172282899,5555.59,436,0.1117948717948718,0.6459278672414094
22751,5812.72,1566,290,FELTCRAFT PRINCESS OLIVIA DOLL,7.5,2,0.0012902737444776284,5805.22,437,0.11205128205128205,0.6464938004916333
22796,5807.3499999999995,584,232,PHOTO FRAME 3 CLASSIC HANGING,524.05,55,0.09023909356246826,5283.299999999999,438,0.1123076923076923,0.6470592109123464
22779,5802.6,1540,149,WOODEN OWLS LIGHT GARLAND,106.25,25,0.018310757246751456,5696.35,439,0.11256410256410257,0.6476241588674776
22740,5793.62,6842,170,POLKADOT PEN,0,0,0,5793.62,440,0.11282051282051282,0.6481882325192555
22365,5762.28,790,179,DOORMAT RESPECTABLE HOUSE,15.9,2,0.0027593244340781775,5746.38,441,0.11307692307692307,0.648749254871803
82001S,5750.21,1582,127,VINYL RECORD FRAME SILVER,25.53,7,0.004439837849400283,5724.68,442,0.11333333333333333,0.6493091020749662
22595,5731.259999999999,6801,467,GINGHAM HEART DECORATION,103.67999999999999,144,0.01809026287413239,5627.579999999999,443,0.1135897435897436,0.6498671042838595
23205,5728.08,5859,467,CHARLOTTE BAG VINTAGE ALPHABET,140.25,191,0.02448464406921691,5587.83,444,0.11384615384615385,0.6504247968842157
62018,5716.85,4415,61,SOMBRERO,0,0,0,5716.85,445,0.1141025641025641,0.6509813961185748
21242,5704.78,3376,304,RED RETROSPOT PLATE,59.15,35,0.01036849799641704,5645.63,446,0.11435897435897435,0.6515368202035492
22646,5695.7699999999995,4168,390,CERAMIC STRAWBERRY CAKE MONEY BANK,41.9,31,0.007356336368919391,5653.87,447,0.11461538461538462,0.6520913670643351
22907,5681.9,6587,670,PACK OF 20 NAPKINS PANTRY DESIGN,44.199999999999996,52,0.007779087981133071,5637.7,448,0.11487179487179487,0.6526445635256214
22837,5662.58,1174,178,HOT WATER BOTTLE BABUSHKA,157.65,37,0.02784066626873263,5504.93,449,0.11512820512820512,0.653195878969003
22088,5661.05,1893,238,PAPER BUNTING COLOURED LACE,149.2,56,0.026355534750620465,5511.85,450,0.11538461538461539,0.6537470454497866
22466,5607.74,3070,209,FAIRY TALE COTTAGE NIGHT LIGHT,35.849999999999994,21,0.006392949744460335,5571.889999999999,451,0.11564102564102564,0.654293021606321
22418,5585.45,6564,318,10 COLOUR SPACEBOY PEN,146.2,172,0.02617515150972616,5439.25,452,0.1158974358974359,0.6548368275822605
22488,5575.33,3196,415,NATURAL SLATE RECTANGLE CHALKBOARD,57.74999999999999,35,0.010358131267566224,5517.58,453,0.11615384615384615,0.6553796482631071
21558,5568.07,2138,412,SKULL LUNCH BOX WITH CUTLERY,10.2,4,0.0018318735217050072,5557.87,454,0.11641025641025642,0.6559217621018221
22798,5564.25,1799,267,ANTIQUE GLASS DRESSING TABLE POT,132.75,45,0.023857662757784066,5431.5,455,0.11666666666666667,0.6564635040208476
23531,5559.11,979,112,WALL ART BIG LOVE,0,0,0,5559.11,456,0.11692307692307692,0.6570047455034329
23126,5556.79,1114,291,FELTCRAFT GIRL AMELIE KIT,79.2,16,0.014252833020502845,5477.59,457,0.11717948717948717,0.6575457611080916
22429,5549.68,1272,376,ENAMEL MEASURING JUG CREAM,140.25,33,0.025271727378875897,5409.43,458,0.11743589743589744,0.6580860844747948
23177,5528.04,2535,267,TREASURE ISLAND BOOK BOX,45,20,0.008140317363839624,5483.04,459,0.1176923076923077,0.6586243009456669
23133,5525.4,782,155,LARGE IVORY HEART WALL ORGANISER,8.25,1,0.0014931045716147248,5517.15,460,0.11794871794871795,0.6591622603830365
22464,5519.419999999999,3423,351,HANGING METAL HEART LANTERN,186.89999999999998,122,0.033862253642592884,5332.5199999999995,461,0.1182051282051282,0.6596996376005787
23158,5517.99,2635,255,SET OF 5 LUCKY CAT MAGNETS,124.8,60,0.02261693116515253,5393.19,462,0.11846153846153847,0.6602368755916401
23583,5513.83,3395,325,LUNCH BAG PAISLEY PARK,16.5,10,0.002992475284874579,5497.33,463,0.11871794871794872,0.6607737085602129
22964,5481.09,2628,378,3 PIECE SPACEBOY COOKIE CUTTER SET,29.400000000000002,14,0.005363896597209679,5451.6900000000005,464,0.11897435897435897,0.6613073539239102
22904,5479.06,1838,271,CALENDAR PAPER CUT DESIGN,5.9,2,0.001076827046975211,5473.160000000001,465,0.11923076923076924,0.6618408016444217
22297,5468.66,4171,378,HEART IVORY TRELLIS SMALL,0,0,0,5468.66,466,0.11948717948717949,0.6623732368087114
23135,5416.18,1541,45,SMALL ZINC HEART WALL ORGANISER,0,0,0,5416.18,467,0.11974358974358974,0.6629005624585272
22827,5415,35,26,RUSTIC  SEVENTEEN DRAWER SIDEBOARD,415,3,0.07663896583564174,5000,468,0.12,0.6634277732221565
22845,5403.28,803,316,VINTAGE CREAM CAT FOOD CONTAINER,88.1,14,0.016304911091040996,5315.179999999999,469,0.12025641025641026,0.6639538429128126
22349,5389.0199999999995,1368,131,DOG BOWL CHASING BALL DESIGN,48.75,13,0.009046171660153424,5340.2699999999995,470,0.12051282051282051,0.6644785242331104
23494,5377.81,813,205,VINTAGE DOILY DELUXE SEWING KIT,386.75,65,0.07191589141304731,4991.06,471,0.12076923076923077,0.6650021141346345
21172,5345.88,3490,467,PARTY METAL SIGN,18.849999999999998,13,0.0035260798970422075,5327.03,472,0.12102564102564102,0.6655225952938348
22998,5314.9,12490,534,TRAVEL CARD WALLET KEEP CALM,74.34,177,0.013987092889800374,5240.5599999999995,473,0.12128205128205129,0.6660400602038279
22120,5276.94,526,188,WELCOME  WOODEN BLOCK LETTERS,119.39999999999999,12,0.022626749593514423,5157.54,474,0.12153846153846154,0.6665538292836111
22296,5274.119999999999,3156,318,HEART IVORY TRELLIS LARGE,1.65,1,3.128483993538259e-4,5272.469999999999,475,0.12179487179487179,0.6670673238048801
22623,5248.21,939,235,BOX OF VINTAGE JIGSAW BLOCKS,85.2,16,0.01623410648583041,5163.01,476,0.12205128205128205,0.6675782956981001
22848,5225.4,324,128,BREAD BIN DINER STYLE PINK,176.45,11,0.03376774983733303,5048.95,477,0.12230769230769231,0.6680870467829141
23132,5219.1,1034,152,SMALL IVORY HEART WALL ORGANISER,23,4,0.00440689007683317,5196.1,478,0.12256410256410256,0.6685951844923246
22772,5211.7,3869,254,PINK DRAWER KNOB ACRYLIC EDWARDIAN,3.75,3,7.19534892645394e-4,5207.95,479,0.12282051282051282,0.6691026017290386
22781,5198.66,622,232,GUMBALL MAGAZINE RACK,352.35,49,0.06777708101703132,4846.3099999999995,480,0.12307692307692308,0.6696087493760281
22665,5195.030000000001,1517,356,RECIPE BOX BLUE SKETCHBOOK DESIGN,62.10000000000001,22,0.011953732702217312,5132.93,481,0.12333333333333334,0.6701145436019518
23263,5184.69,3893,445,SET OF 3 WOODEN HEART DECORATIONS,58.75,47,0.011331439295309846,5125.94,482,0.12358974358974359,0.6706193311133241
22689,5176.25,673,146,DOORMAT MERRY CHRISTMAS RED,354,52,0.06838927795218547,4822.25,483,0.12384615384615384,0.6711232968963777
22898,5174.32,2426,365,CHILDRENS APRON APPLES DESIGN,0,0,0,5174.32,484,0.12410256410256411,0.6716270747723632
21844,5170.64,1848,156,RED RETROSPOT MUG,58.60000000000001,20,0.011333219872201507,5112.04,485,0.12435897435897436,0.6721304943592241
23157,5170.1,2570,163,SET OF 6 NATIVITY MAGNETS,444,240,0.08587841627821512,4726.1,486,0.12461538461538461,0.6726338613710504
21428,5167.88,1208,262,SET3 BOOK BOX GREEN GINGHAM FLOWER,136.25,35,0.026364776271894857,5031.63,487,0.12487179487179487,0.6731370122410677
21164,5161.88,1768,282,HOME SWEET HOME METAL SIGN,17.700000000000003,6,0.003428983238664983,5144.18,488,0.12512820512820513,0.6736395789440339
23165,5147.66,3118,280,LARGE CERAMIC TOP STORAGE JAR,154.5,102,0.030013637264310385,4993.16,489,0.12538461538461537,0.6741407611710891
23162,5143.6900000000005,1412,176,REGENCY TEA STRAINER,0,0,0,5143.6900000000005,490,0.12564102564102564,0.6746415568742787
22302,5136.84,2330,212,COFFEE MUG PEARS  DESIGN,30.599999999999998,12,0.005956969654495759,5106.24,491,0.1258974358974359,0.6751416856534184
37449,5127.24,564,154,CERAMIC CAKE STAND + HANGING CAKES,446.7,50,0.08712289652912679,4680.54,492,0.12615384615384614,0.6756408797652762
23397,5097.65,489,217,FOOT STOOL HOME SWEET HOME,59.699999999999996,6,0.011711278726472003,5037.95,493,0.1264102564102564,0.6761371929599602
21098,5093.76,3731,248,CHRISTMAS TOILET ROLL,41.910000000000004,39,0.00822771390878251,5051.85,494,0.12666666666666668,0.676633127419673
22371,5093.57,1091,392,AIRLINE BAG VINTAGE TOKYO 78,57.78,14,0.01134371374104999,5035.79,495,0.12692307692307692,0.6771290433807622
21756,5089.56,823,270,BATH BUILDING BLOCK WORD,11.9,2,0.002338119601694449,5077.660000000001,496,0.12717948717948718,0.6776245689235392
23234,5088.45,1725,277,BISCUIT TIN VINTAGE CHRISTMAS,46.24,16,0.009087246607513094,5042.21,497,0.12743589743589745,0.6781199863954115
23295,5078.429999999999,6140,444,SET OF 12 MINI LOAF BAKING CASES,10.79,13,0.0021246723889075956,5067.639999999999,498,0.1276923076923077,0.6786144283083085
23198,5068.4,3346,475,PANTRY MAGNETIC  SHOPPING LIST,92.8,64,0.018309525688580224,4975.5999999999995,499,0.12794871794871795,0.6791078936886183
22849,5061.63,325,129,BREAD BIN DINER STYLE MINT,234.25,15,0.04627955816604532,4827.38,500,0.1282051282051282,0.6796006999337724
22780,5044.34,1346,132,LIGHT GARLAND BUTTERFILES PINK,106.25,25,0.02106321144094173,4938.09,501,0.12846153846153846,0.6800918228042073
23314,5037.96,409,117,VINTAGE CHRISTMAS TABLECLOTH,62.5,5,0.012405815052124273,4975.46,502,0.12871794871794873,0.6805823245103446
22301,5031.83,2225,252,COFFEE MUG CAT + BIRD DESIGN,59.4,24,0.01180485032284477,4972.43,503,0.12897435897435897,0.681072229392478
21907,5031.38,2373,367,I'M ON HOLIDAY METAL SIGN,27.300000000000004,13,0.005425946758145877,5004.08,504,0.12923076923076923,0.6815620904620825
22957,5023.5,1778,214,SET 3 PAPER VINTAGE CHICK PAPER EGG,71.9,26,0.014312730168209416,4951.6,505,0.1294871794871795,0.6820511843256266
22271,5022.1,1706,301,FELTCRAFT DOLL ROSIE,23.6,8,0.004699229406025368,4998.5,506,0.12974358974358974,0.6825401418835254
22636,5009.56,595,198,CHILDS BREAKFAST SET CIRCUS PARADE,239.70000000000002,29,0.047848513641916654,4769.860000000001,507,0.13,0.6830278785322875
21932,5001.98,2724,446,SCANDINAVIAN PAISLEY PICNIC BAG,55.35,33,0.011065618015265956,4946.629999999999,508,0.13025641025641024,0.6835148771833416
23310,4997.28,12050,245,BUBBLEGUM RING ASSORTED,0,0,0,4997.28,509,0.1305128205128205,0.6840014182368723
23556,4974.51,439,53,LANDMARK FRAME COVENT GARDEN,12.5,1,0.0025128103069448045,4962.01,510,0.13076923076923078,0.684485742376444
21933,4964.03,2676,410,PINK VINTAGE PAISLEY PICNIC BAG,34.45,13,0.006939925826395087,4929.58,511,0.13102564102564102,0.6849690461708999
22142,4950.54,3250,377,CHRISTMAS CRAFT WHITE FAIRY,15.95,11,0.0032218707454136314,4934.59,512,0.13128205128205128,0.6854510365631025
23570,4944.37,2782,276,TRADITIONAL PICK UP STICKS GAME,0,0,0,4944.37,513,0.13153846153846155,0.6859324262368541
84212,4934.87,10315,111,"ASSORTED FLOWER COLOUR ""LEIS""",0,0,0,4934.87,514,0.1317948717948718,0.6864128909794416
22110,4914.69,1173,279,BIRD HOUSE HOT WATER BOTTLE,5.1,2,0.0010377053283116533,4909.589999999999,515,0.13205128205128205,0.6868913909735137
21937,4901.8,1708,251,STRAWBERRY   PICNIC BAG,47.2,16,0.009629115834999388,4854.6,516,0.13230769230769232,0.6873686359820377
22748,4897.63,2125,436,POPPY'S PLAYHOUSE KITCHEN,35.7,17,0.007289239897664789,4861.93,517,0.13256410256410256,0.6878454749944611
23010,4896.549999999999,316,111,CIRCUS PARADE BABY GIFT SET,50.849999999999994,3,0.010384862811571412,4845.699999999999,518,0.13282051282051283,0.6883222088568155
23351,4880.65,3539,354,ROLL WRAP 50'S CHRISTMAS,104.88,96,0.021488941022199913,4775.7699999999995,519,0.13307692307692306,0.6887973946764844
21124,4868.05,4015,240,SET/10 BLUE POLKADOT PARTY CANDLES,61.25,49,0.012582040036564948,4806.8,520,0.13333333333333333,0.6892713537453459
23503,4864.3,3646,335,PLAYING CARDS KEEP CALM & CARRY ON,2.5,2,5.139485640277121e-4,4861.8,521,0.1335897435897436,0.6897449477098004
21086,4861.9000000000005,7137,428,SET/6 RED SPOTTY PAPER CUPS,0,0,0,4861.9000000000005,522,0.13384615384615384,0.6902183080074346
21033,4853.81,1933,300,JUMBO BAG CHARLIE AND LOLA TOYS,1.79,1,3.6878246161263007e-4,4852.02,523,0.1341025641025641,0.6906908806531614
21390,4851.88,3906,212,FILIGRIS HEART WITH BUTTERFLY,3.75,3,7.728962793803639e-4,4848.13,524,0.13435897435897437,0.6911632653918203
21876,4834.51,3796,333,POTTERING MUG,58.9,42,0.012183240907558367,4775.610000000001,525,0.1346153846153846,0.691633958966866
23554,4830.53,424,57,LANDMARK FRAME OXFORD STREET,0,0,0,4830.53,526,0.13487179487179488,0.6921042650444346
23555,4818.07,424,50,LANDMARK FRAME NOTTING HILL,0,0,0,4818.07,527,0.13512820512820511,0.6925733580017602
22549,4799.83,3189,356,PICTURE DOMINOES,0,0,0,4799.83,528,0.13538461538461538,0.6930406750912507
23389,4780.54,1122,237,SPACEBOY MINI BACKPACK,8.3,2,0.0017362055332661166,4772.24,529,0.13564102564102565,0.6935061140836717
23159,4771.76,2321,223,SET OF 5 PANCAKE DAY MAGNETS,52,25,0.010897446644424698,4719.76,530,0.1358974358974359,0.6939706982449747
23184,4764.5,874,264,BULL DOG BOTTLE OPENER,64.35000000000001,13,0.013506139154160985,4700.15,531,0.13615384615384615,0.6944345755641457
84050,4761.78,3234,256,PINK HEART SHAPE EGG FRYING PAN,22.699999999999996,14,0.004767124898672344,4739.08,532,0.13641025641025642,0.6948981880609202
21539,4758.75,972,238,RED RETROSPOT BUTTER DISH,108.95,23,0.022894667717362753,4649.8,533,0.13666666666666666,0.695361505553334
22243,4753.29,3099,131,5 HOOK HANGER RED MAGIC TOADSTOOL,18.15,11,0.003818407881698781,4735.14,534,0.13692307692307693,0.6958242914537311
23569,4752.31,961,192,TRADTIONAL ALPHABET STAMP SET,9.9,2,0.0020831974345107956,4742.410000000001,535,0.1371794871794872,0.6962869819401768
20677,4749.84,3676,333,PINK POLKADOT BOWL,6.25,5,0.0013158337965068297,4743.59,536,0.13743589743589743,0.6967494319445197
23286,4747.62,5048,222,BLUE VINTAGE SPOT BEAKER,41.65,49,0.00877281669552323,4705.97,537,0.1376923076923077,0.6972116658070535
23558,4741.37,418,52,LANDMARK FRAME LONDON BRIDGE,0,0,0,4741.37,538,0.13794871794871794,0.6976732911622426
20979,4729.9800000000005,3739,325,36 PENCILS TUBE RED RETROSPOT,200,160,0.04228347688573736,4529.9800000000005,539,0.1382051282051282,0.6981338075736462
22645,4721.73,2363,351,CERAMIC HEART FAIRY CAKE MONEY BANK,24.45,17,0.005178186808648525,4697.28,540,0.13846153846153847,0.6985935207553546
22082,4716.33,2713,409,RIBBON REEL STRIPES DESIGN,33,20,0.006996965861167476,4683.33,541,0.1387179487179487,0.699052708186717
23241,4709.070000000001,2184,363,TREASURE TIN GYMKHANA DESIGN,14.56,7,0.0030919056204303606,4694.51,542,0.13897435897435897,0.6995111887759475
23176,4697.58,2167,226,ABC TREASURE BOOK BOX,101.25,45,0.02155365102882761,4596.33,543,0.13923076923076924,0.6999685506852752
82552,4680.63,3016,364,WASHROOM METAL SIGN,0,0,0,4680.63,544,0.13948717948717948,0.7004242623226834
22721,4678.71,1022,297,SET OF 3 CAKE TINS SKETCHBOOK,0,0,0,4678.71,545,0.13974358974358975,0.7008797870266353
22745,4678.59,2029,423,POPPY'S PLAYHOUSE BEDROOM,27.300000000000004,13,0.0058350913416221565,4651.29,546,0.14,0.7013353000472462
22504,4674.62,247,68,CABIN BAG VINTAGE RETROSPOT,132.55,5,0.02835524598790918,4542.07,547,0.14025641025641025,0.7017904265439916
22606,4670.36,315,142,WOODEN SKITTLES GARDEN SET,118.25,11,0.025319247338534932,4552.11,548,0.14051282051282052,0.7022451382821308
47599A,4649.5,2456,165,PINK PARTY BAGS,12.600000000000001,6,0.002709968813850952,4636.9,549,0.14076923076923076,0.7026978190661555
22295,4643.669999999999,2807,250,HEART FILIGREE DOVE LARGE,19.799999999999997,12,0.004263868879571546,4623.869999999999,550,0.14102564102564102,0.7031499322345288
22813,4640.78,2372,218,PACK 3 BOXES BIRD PANNETONE,0,0,0,4640.78,551,0.1412820512820513,0.703601764029106
22628,4625.86,966,190,PICNIC BOXES SET OF 3 RETROSPOT,103.95,21,0.022471497191873514,4521.91,552,0.14153846153846153,0.7040521431949492
22775,4621.87,3227,237,PURPLE DRAWERKNOB ACRYLIC EDWARDIAN,35,28,0.007572692438342057,4586.87,553,0.1417948717948718,0.7045021338897036
21833,4594.43,2726,168,CAMOUFLAGE LED TORCH,50.7,30,0.011035101198625292,4543.7300000000005,554,0.14205128205128206,0.704949452993811
23285,4572.41,4807,191,PINK VINTAGE SPOT BEAKER,1.7,2,3.7179518022224605e-4,4570.71,555,0.1423076923076923,0.7053946282048406
22417,4566.54,8426,520,PACK OF 60 SPACEBOY CAKE CASES,25.300000000000004,46,0.005540299657946717,4541.24,556,0.14256410256410257,0.7058392319057719
23404,4561.76,1011,169,HOME SWEET HOME BLACKBOARD,143.55,29,0.031468117568657715,4418.21,557,0.1428205128205128,0.706283370220286
23168,4559.92,3292,337,CLASSIC CAFE SUGAR DISPENSER,65.61,54,0.014388410322988121,4494.31,558,0.14307692307692307,0.7067273293902376
23275,4557.97,3749,325,SET OF 3 HANGING OWLS OLLIE BEAK,95.41,77,0.02093256427751828,4462.56,559,0.14333333333333334,0.7071710987058976
82551,4542.889999999999,2918,351,LAUNDRY 15C METAL SIGN,5.2,4,0.0011446458091655314,4537.69,560,0.14358974358974358,0.7076133998150358
20974,4531.9800000000005,6983,355,12 PENCILS SMALL TUBE SKULL,367.9,566,0.08117864597813758,4164.080000000001,561,0.14384615384615385,0.7080546387137527
23309,4527.2,8332,407,SET OF 60 I LOVE LONDON CAKE CASES,48.400000000000006,88,0.010690934794133241,4478.8,562,0.1441025641025641,0.7084954122260524
23163,4515.22,1832,209,REGENCY SUGAR TONGS,114.4,55,0.025336528452655684,4400.820000000001,563,0.14435897435897435,0.7089350193514732
23112,4514.58,547,241,PARISIENNE CURIO CABINET,239.85000000000002,33,0.053127865715083135,4274.73,564,0.14461538461538462,0.70937456416574185
22938,4488.63,2367,186,CUPCAKE LACE PAPER SET 6,117,60,0.02606585973894039,4371.63,565,0.14487179487179488,0.7098115824575145
21934,4480.28,2421,411,SKULL SHOULDER BAG,16.5,10,0.003682805538939531,4463.78,566,0.14512820512820512,0.7102477877834744
23167,4476.009999999999,5847,231,SMALL CERAMIC TOP STORAGE JAR,365.19,525,0.08158828957039865,4110.82,567,0.1453846153846154,0.7106835773772162
84987,4474.07,3053,334,SET OF 36 TEATIME PAPER DOILIES,21.75,15,0.004861345486324532,4452.32,568,0.14564102564102563,0.7111191780902781
21906,4470.8099999999995,581,173,PHARMACIE FIRST AID TIN,114.75,17,0.02566648996490569,4356.0599999999995,569,0.1458974358974359,0.71155446140590894
22942,4469.04,609,152,CHRISTMAS LIGHTS 10 SANTAS,604.35,76,0.13523038504913806,3864.69,570,0.14615384615384616,0.7119895723922598
23530,4465.97,1062,87,WALL ART ONLY ONE PERSON,0,0,0,4465.97,571,0.1464102564102564,0.7124243844798027
22089,4460.38,1424,272,PAPER BUNTING VINTAGE PAISLEY,0,0,0,4460.38,572,0.14666666666666667,0.7128586523183763
23288,4444.23,4625,185,GREEN VINTAGE SPOT BEAKER,15.17,18,0.0034134146972591432,4429.0599999999995,573,0.14692307692307693,0.7132913477739709
22626,4427.360000000001,520,199,BLACK KITCHEN SCALES,76.5,9,0.017278920169130133,4350.860000000001,574,0.14717948717948717,0.7137224007465399
20975,4387.820000000001,6640,362,12 PENCILS SMALL TUBE RED RETROSPOT,78,120,0.017776481259486485,4309.820000000001,575,0.14743589743589744,0.714149604058242
15056P,4366.820000000001,778,144,EDWARDIAN PARASOL PINK,58.2,10,0.013327776276558227,4308.620000000001,576,0.1476923076923077,0.7145747627852653
23349,4355.1,3231,337,ROLL WRAP VINTAGE CHRISTMAS,30,24,0.006888475580354067,4325.1,577,0.14794871794871794,0.7149987804393154
22327,4336.7,1178,287,ROUND SNACK BOXES SET OF 4 SKULLS,44.25000000000001,15,0.010203611040653033,4292.45,578,0.1482051282051282,0.7154210066477422
16014,4335.76,13328,54,SMALL CHINESE STYLE SCISSOR,0,0,0,4335.76,579,0.14846153846153845,0.7158431413366643
84692,4329.48,7908,583,BOX OF 24 COCKTAIL PARASOLS,13.02,31,0.0030072895590232546,4316.459999999999,580,0.14871794871794872,0.7162646645974062
22899,4328.530000000001,2070,313,CHILDREN'S APRON DOLLY GIRL,10.5,5,0.002425765791157737,4318.030000000001,581,0.14897435897435898,0.7166860953650317
21498,4322.42,10551,336,RED RETROSPOT WRAP,21,50,0.004858389513281911,4301.42,582,0.14923076923076922,0.7171069312558768
21892,4322.16,3196,412,TRADITIONAL WOODEN CATCH CUP GAME,16.25,13,0.003759694226960594,4305.91,583,0.1494871794871795,0.7175277418328163
23050,4286.55,497,205,RECYCLED ACAPULCO MAT GREEN,8.25,1,0.001924624698183854,4278.3,584,0.14974358974358976,0.7179450853783075
22723,4282.570000000001,1169,295,SET OF 6 HERB TINS SKETCHBOOK,7.9,2,0.0018446867184891314,4274.670000000001,585,0.15,0.7183620414263213
23237,4278.54,1054,177,SET OF 4 KNICK KNACK TINS LEAF,69.35000000000001,17,0.016208800198198453,4209.19,586,0.15025641025641026,0.7187786051087993
22694,4260.12,1846,405,WICKER STAR,109.2,52,0.0256330807582885,4150.92,587,0.1505128205128205,0.7191933753984303
20970,4235.88,1117,262,PINK FLORAL FELTCRAFT SHOULDER BAG,11.25,3,0.002655882602906598,4224.63,588,0.15076923076923077,0.7196057856531748
22661,4231.95,5214,415,CHARLOTTE BAG DOLLY GIRL DESIGN,10.79,13,0.0025496520516546744,4221.16,589,0.15102564102564103,0.7200178132785009
22061,4228.01,583,146,LARGE CAKE STAND  HANGING STRAWBERY,149.04999999999998,16,0.035252991360001505,4078.96,590,0.15128205128205127,0.7204294573007967
23089,4217.73,2355,225,GLASS BON BON JAR,25.65,15,0.006081470364390324,4192.08,591,0.15153846153846154,0.7208401004502116
22801,4215.14,1030,220,ANTIQUE GLASS PEDESTAL BOWL,70.89,19,0.01681794673486527,4144.25,592,0.1517948717948718,0.72125049143418285
23012,4208.96,1074,246,GLASS APOTHECARY BOTTLE PERFUME,31.6,8,0.007507792898958413,4177.36,593,0.15205128205128204,0.7216602807260913
23144,4197.83,5089,274,ZINC T-LIGHT HOLDER STARS SMALL,36.519999999999996,44,0.008699732957266015,4161.3099999999995,594,0.1523076923076923,0.7220689863881201
22550,4194.89,1162,217,HOLIDAY FUN LUDO,30,8,0.007151558205340306,4164.89,595,0.15256410256410258,0.7224774058082938
20682,4190.83,1241,237,RED RETROSPOT CHILDRENS UMBRELLA,65,20,0.015510054094296356,4125.83,596,0.15282051282051282,0.7228854299420963
23110,4158.68,702,255,PARISIENNE KEY CABINET,293.25,51,0.07051516346533034,3865.4300000000003,597,0.15307692307692308,0.7232903239141164
72760B,4155.34,410,153,VINTAGE CREAM 3 BASKET CAKE STAND,14.6,2,0.0035135512376845215,4140.74,598,0.15333333333333332,0.7236948926998116
21874,4149.929999999999,2981,295,GIN AND TONIC MUG,27.71,22,0.006677221061560075,4122.219999999999,599,0.1535897435897436,0.7240989347615489
22649,4147.7300000000005,798,200,STRAWBERRY FAIRY CAKE TEAPOT,195.20000000000002,40,0.047061886863416856,3952.5300000000007,600,0.15384615384615385,0.7245027626287008
23486,4145.47,275,74,ANTIQUE HEART SHELF UNIT,199.65,13,0.04816100466292121,3945.82,601,0.1541025641025641,0.7249063704595968
22596,4142.92,3502,262,CHRISTMAS STAR WISH LIST CHALKBOARD,30.72,25,0.007415059909435856,4112.2,602,0.15435897435897436,0.7253097300194961
23306,4123.38,2808,277,SET OF 36 DOILIES PANTRY DESIGN,10.149999999999999,7,0.002461572787373465,4113.2300000000005,603,0.15461538461538463,0.7257111871420322
22841,4109.72,530,213,ROUND CAKE TIN VINTAGE GREEN,103.35000000000001,13,0.02514769862667043,4006.3700000000003,604,0.15487179487179487,0.7261113143109155
23255,4101.37,1015,158,CHILDRENS CUTLERY CIRCUS PARADE,37.35,9,0.009106713122688273,4064.02,605,0.15512820512820513,0.7265106285139858
23193,4097.28,1930,175,BUFFALO BILL TREASURE BOOK BOX,45,20,0.010982895970009373,4052.2799999999997,606,0.15538461538461537,0.7269095445098496
23194,4086.37,1839,214,GYMKHANA TREASURE BOOK BOX,83.25,37,0.02037260453654466,4003.12,607,0.15564102564102564,0.7273073982952921
23009,4082.5199999999995,263,103,I LOVE LONDON BABY GIFT SET,0,0,0,4082.5199999999995,608,0.1558974358974359,0.7277048772402103
22577,4075.9399999999996,10610,538,WOODEN HEART CHRISTMAS SCANDINAVIAN,83.05,101,0.02037566794408161,3992.8899999999994,609,0.15615384615384614,0.7281017155485956
22489,4072.97,9721,443,PACK OF 12 TRADITIONAL CRAYONS,0.84,2,2.0623770860084902e-4,4072.1299999999997,610,0.1564102564102564,0.7284982646942906
22896,4063.7599999999998,1592,288,PEG BAG APPLES DESIGN,45.9,18,0.011294958363682895,4017.8599999999997,611,0.15666666666666668,0.7288939171435623
23340,4053.8799999999997,2512,151,VINTAGE CHRISTMAS CAKE FRILL,0,0,0,4053.8799999999997,612,0.15692307692307692,0.729288607664423
21116,4051.79,695,251,OWL DOORSTOP,0,0,0,4051.79,613,0.15717948717948718,0.7296830947004277
23081,4046.5,484,139,GREEN METAL BOX ARMY SUPPLIES,49.5,6,0.012232793772395898,3997,614,0.15743589743589745,0.7300770666958156
21704,4039.2799999999997,5144,248,BAG 250g SWIRLY MARBLES,3.86,5,9.556158523301183e-4,4035.4199999999996,615,0.1576923076923077,0.7304703357435186
22219,4037.9799999999996,4138,544,LOVEBIRD HANGING DECORATION WHITE,22.099999999999998,26,0.0054730335464762084,4015.8799999999997,616,0.15794871794871795,0.7308634782216941
72351B,4012.05,2098,186,SET/6 PINK  BUTTERFLY T-LIGHTS,6.300000000000001,3,0.0015702695629416384,4005.75,617,0.1582051282051282,0.7312540961245968
22951,4010.55,7518,437,60 CAKE CASES DOLLY GIRL DESIGN,66,120,0.01645659572876538,3944.55,618,0.15846153846153846,0.7316445679857367
22431,4002.6099999999997,2060,334,WATERING CAN BLUE ELEPHANT,15.6,8,0.0038974569093666385,3987.0099999999998,619,0.15871794871794873,0.7320342667991458
22890,3999.5699999999997,391,165,NOVELTY BISCUITS CAKE STAND 3 TIER,268.25,29,0.06706970999382435,3731.3199999999997,620,0.15897435897435896,0.7324236696345823
23129,3999.5000000000005,950,172,HEART SHAPED HOLLY WREATH,4.15,1,0.0010376297037129642,3995.3500000000004,621,0.15923076923076923,0.7328130656547365
22956,3992.5800000000004,2055,198,36 FOIL HEART CAKE CASES,283.20000000000005,152,0.07093157807733345,3709.38,622,0.1594871794871795,0.7332017879355585
22493,3989.9399999999996,2463,220,PAINT YOUR OWN CANVAS SET,396.45,273,0.09936239642701394,3593.49,623,0.15974358974358974,0.7335902531828777
23130,3988.98,962,184,MISTLETOE HEART WREATH GREEN,37.35,9,0.009363295880149813,3951.63,624,0.16,0.7339786249634691
20675,3984.3700000000003,3121,322,BLUE POLKADOT BOWL,15,12,0.003764710606695663,3969.3700000000003,625,0.16025641025641027,0.7343665479090428
84792,3978.9700000000003,834,241,ENCHANTED BIRD COATHANGER 5 HOOK,114.69,29,0.02882404240293342,3864.28,626,0.1605128205128205,0.7347539451042703
22274,3974.1300000000006,1347,267,FELTCRAFT DOLL EMILY,20.650000000000002,7,0.005196105814354336,3953.4800000000005,627,0.16076923076923078,0.73514087107141
22131,3952.19,2039,291,FOOD CONTAINER SET 3 LOVE HEART,1.95,1,4.93397331606021e-4,3950.2400000000002,628,0.16102564102564101,0.7355256609343662
23557,3930.27,350,32,LANDMARK FRAME BAKER STREET,0,0,0,3930.27,629,0.16128205128205128,0.7359083166403624
22148,3929.1499999999996,1939,186,EASTER CRAFT 4 CHICKS,29.25,15,0.007444358194520444,3899.8999999999996,630,0.16153846153846155,0.7362908633018422
22980,3914.9599999999996,2366,291,PANTRY SCRUBBING BRUSH,124.04999999999998,81,0.031686147495759855,3790.9099999999994,631,0.1617948717948718,0.7366720284082463
21716,3913.72,1441,244,BOYS VINTAGE TIN SEASIDE BUCKET,20.4,8,0.005212432161728483,3893.3199999999997,632,0.16205128205128205,0.737053072786793
21041,3909.63,921,255,RED RETROSPOT OVEN GLOVE DOUBLE,8.850000000000001,3,0.0022636413164417095,3900.78,633,0.16230769230769232,0.7374337189581334
23049,3896.84,456,186,RECYCLED ACAPULCO MAT RED,24.75,3,0.0063513000277147635,3872.09,634,0.16256410256410256,0.737813119880043
22117,3896.4500000000003,1320,95,METAL SIGN HER DINNER IS SERVED,0,0,0,3896.4500000000003,635,0.16282051282051282,0.7381924828310943
23552,3883.9900000000002,1864,116,BICYCLE PUNCTURE REPAIR KIT,0,0,0,3883.9900000000002,636,0.16307692307692306,0.7385706326619028
22222,3880.2000000000003,1057,222,CAKE PLATE LOVEBIRD WHITE,0,0,0,3880.2000000000003,637,0.16333333333333333,0.7389484134938574
22578,3877.68,10462,512,WOODEN STAR CHRISTMAS SCANDINAVIAN,112.49,133,0.029009613995997607,3765.19,638,0.1635897435897436,0.7393259489756505
21749,3877.09,1963,140,LARGE RED RETROSPOT WINDMILL,16.8,8,0.004333146767291964,3860.29,639,0.16384615384615384,0.7397034270143502
23032,3876.7799999999997,2342,199,DRAWER KNOB CRACKLE GLAZE IVORY,75.89999999999999,46,0.01957810347762834,3800.8799999999997,640,0.1641025641025641,0.7400808748710858
22738,3856.07,2189,275,RIBBON REEL SNOWY VILLAGE,190.5,130,0.04940263013897569,3665.57,641,0.16435897435897437,0.740456306377883
23253,3848.86,258,70,16 PIECE CUTLERY SET PANTRY DESIGN,31.9,2,0.00828816844468232,3816.96,642,0.1646153846153846,0.7408310359106073
85049A,3847.36,3005,323,TRADITIONAL CHRISTMAS RIBBONS,15,12,0.0038987773434251017,3832.36,643,0.16487179487179487,0.7412056194015688
37370,3844.81,2571,159,RETRO COFFEE MUGS ASSORTED,27.8,23,0.0072305263459052594,3817.0099999999998,644,0.16512820512820514,0.7415799546215335
23131,3840.13,943,115,MISTLETOE HEART WREATH CREAM,24.9,6,0.00648415548431954,3815.23,645,0.16538461538461538,0.7419538341911984
23111,3839.2400000000002,312,138,PARISIENNE SEWING BOX,283.2,24,0.07376459924360029,3556.0400000000004,646,0.16564102564102565,0.7423276271094174
21243,3827.16,2285,210,PINK  POLKADOT PLATE,13.52,8,0.0035326456171155636,3813.64,647,0.16589743589743589,0.7427002439046402
22842,3823.21,589,162,BISCUIT TIN VINTAGE RED,127.45,19,0.03333586174968155,3695.76,648,0.16615384615384615,0.7430724761232209
22809,3822.5000000000005,1254,204,SET OF 6 T-LIGHTS SANTA,83.7,30,0.021896664486592544,3738.8000000000006,649,0.16641025641025642,0.7434446392153673
21110,3822.45,1106,134,LARGE CAKE TOWEL PINK SPOTS,13.5,2,0.003531766275556253,3808.95,650,0.16666666666666666,0.743816797439455
22350,3822.12,1410,120,ILLUSTRATED CAT BOWL,2.55,1,6.671690056827101e-4,3819.5699999999997,651,0.16692307692307692,0.7441889235343547
23542,3800.16,506,89,WALL ART 70'S ALPHABET,48.7,6,0.012815249884215403,3751.46,652,0.1671794871794872,0.7445589115778474
85049E,3791.11,2866,409,SCANDINAVIAN REDS RIBBONS,18.75,15,0.004945781050932313,3772.36,653,0.16743589743589743,0.7449280185027047
21244,3789.3199999999997,2282,196,BLUE POLKADOT PLATE,25.349999999999998,15,0.006689854644105011,3763.97,654,0.1676923076923077,0.7452969511510584
23299,3784.13,1015,146,FOOD COVER WITH BEADS SET 2,30,8,0.007927846030659623,3754.13,655,0.16794871794871793,0.745665378494913
23092,3773.5800000000004,525,135,LARGE ANTIQUE WHITE PHOTO FRAME,77.75,10,0.02060377678490982,3695.8300000000004,656,0.1682051282051282,0.7460327786783693
21746,3766.93,3075,226,SMALL RED RETROSPOT WINDMILL,18.75,15,0.004977528119715524,3748.18,657,0.16846153846153847,0.7463995314100106
23127,3763.9500000000003,737,194,FELTCRAFT GIRL NICOLE KIT,64.35000000000001,13,0.017096401386840952,3699.6000000000004,658,0.1687179487179487,0.7467659940053498
21527,3756.79,481,144,RED RETROSPOT TRADITIONAL TEAPOT,260.3,34,0.06928787608570083,3496.49,659,0.16897435897435897,0.7471317594946748
22195,3725.6099999999997,1979,373,LARGE HEART MEASURING SPOONS,1.65,1,4.428804947377745e-4,3723.9599999999996,660,0.16923076923076924,0.7474944892625575
23091,3725.07,591,209,ZINC HERB GARDEN CONTAINER,43.75,7,0.011744745736321734,3681.32,661,0.16948717948717948,0.7478571664554055
21260,3722.23,1161,166,FIRST AID TIN,139.75,43,0.03754469766779592,3582.48,662,0.16974358974358975,0.748219567142516
21658,3721.63,881,212,GLASS  BEURRE DISH,124.58,32,0.03347457968685764,3597.05,663,0.17,0.7485819094129215
23182,3718.0899999999997,3777,433,TOILET SIGN OCCUPIED OR VACANT,11.62,14,0.003125260550443911,3706.47,664,0.17025641025641025,0.7489439070247667
23064,3717.56,221,23,CINDERELLA CHANDELIER,1514.05,71,0.40726982214140456,2203.51,665,0.17051282051282052,0.749305853035189
22212,3713.5400000000004,1615,399,FOUR HOOK  WHITE LOVEBIRDS,50.400000000000006,24,0.013571955600316678,3663.1400000000003,666,0.17076923076923076,0.7496674076536872
22854,3708.52,767,161,CREAM SWEETHEART EGG HOLDER,14.850000000000001,3,0.004004292817619968,3693.67,667,0.17102564102564102,0.750028473519086
21531,3692.37,1520,246,RED RETROSPOT SUGAR JAM BOWL,36.449999999999996,15,0.009871708414920497,3655.92,668,0.1712820512820513,0.7503879670015055
21890,3689.46,1152,231,S/6 WOODEN SKITTLES IN COTTON BAG,18.4,6,0.004987179695673622,3671.06,669,0.17153846153846153,0.7507471771629052
22656,3685,26,20,VINTAGE BLUE KITCHEN CABINET,800,6,0.21709633649932158,2885,670,0.1717948717948718,0.7511059530934635
23013,3678.11,925,223,GLASS APOTHECARY BOTTLE TONIC,23.700000000000003,6,0.00644352670257279,3654.4100000000003,671,0.17205128205128206,0.7514640582055249
22926,3674.7000000000003,597,195,IVORY GIANT GARDEN THERMOMETER,89.25,15,0.024287696954853454,3585.4500000000003,672,0.1723076923076923,0.7518218313159788
85053,3666.2900000000004,1701,317,FRENCH ENAMEL CANDLEHOLDER,57.160000000000004,28,0.0155906924984112,3609.1300000000006,673,0.17256410256410257,0.7521787856189495
23497,3660.37,2561,195,CLASSIC CHROME BICYCLE BELL,17.4,12,0.0047536178036646564,3642.97,674,0.17282051282051283,0.752535163543763
23191,3656.9399999999996,2218,281,BUNDLE OF 3 RETRO NOTE BOOKS,4.949999999999999,3,0.001353590706984528,3651.99,675,0.17307692307692307,0.7528912075197457
22378,3649.0699999999997,2288,293,WALL TIDY RETROSPOT,2.1,1,5.75489097222032e-4,3646.97,676,0.17333333333333334,0.7532464852632796
23085,3635.23,381,78,ANTIQUE SILVER BAUBLE LAMP,128.75,13,0.035417291340575426,3506.48,677,0.17358974358974358,0.753600415528149
22468,3633.17,517,153,BABUSHKA LIGHTS STRING OF 10,19.45,3,0.005353451668928236,3613.7200000000003,678,0.17384615384615384,0.7539541452289976
23294,3631.0499999999997,4420,354,SET OF 6 SNACK LOAF BAKING CASES,10.79,13,0.0029715922391594716,3620.2599999999998,679,0.1741025641025641,0.7543076685241547
22236,3624.5999999999995,308,88,CAKE STAND 3 TIER MAGIC GARDEN,508.94999999999993,45,0.1404154941234895,3115.6499999999996,680,0.17435897435897435,0.7546605638397319
23210,3617.7799999999997,2902,192,WHITE ROCKING HORSE HAND PAINTED,219.76,200,0.06074443443216558,3398.0199999999995,681,0.17461538461538462,0.7550127951520943
22812,3610.2499999999995,1726,185,PACK 3 BOXES CHRISTMAS PANNETONE,40.949999999999996,21,0.011342704798836646,3569.2999999999997,682,0.17487179487179488,0.7553642933348075
22053,3606.4199999999996,4244,28,EMPIRE DESIGN ROSETTE,1.25,1,3.46604111556613e-4,3605.1699999999996,683,0.17512820512820512,0.7557154186242198
84968C,3585.99,317,104,SET OF 16 VINTAGE PISTACHIO CUTLERY,51,4,0.01422201400450085,3534.99,684,0.1753846153846154,0.756064554824823
22739,3585.02,1835,318,RIBBON REEL CHRISTMAS SOCK BAUBLE,16.5,10,0.004602484783906366,3568.52,685,0.17564102564102563,0.7564135965850864
22348,3584.99,4086,358,TEA BAG PLATE RED RETROSPOT,10.2,12,0.002845196220909961,3574.79,686,0.1758974358974359,0.7567626354245145
21494,3578.83,1934,313,ROTATING LEAVES T-LIGHT HOLDER,2.5,2,6.985523201716762e-4,3576.33,687,0.17615384615384616,0.7571110745191034
22908,3573.83,4385,375,PACK OF 20 NAPKINS RED APPLES,2.55,3,7.135202289980216e-4,3571.2799999999997,688,0.1764102564102564,0.7574590268078164
23332,3570.7599999999998,2076,287,IVORY WICKER HEART LARGE,3.3,2,9.241730051865709e-4,3567.4599999999996,689,0.17666666666666667,0.7578066801977216
22800,3564.4900000000002,871,203,ANTIQUE TALL SWIRLGLASS TRINKET POT,37.5,10,0.010520439109101162,3526.9900000000002,690,0.17692307692307693,0.7581537231330584
20717,3564.48,2857,412,STRAWBERRY SHOPPER BAG,27.5,22,0.007715010324086543,3536.98,691,0.17717948717948717,0.7585007650947835
85132C,3562.3199999999997,1520,211,CHARLIE AND LOLA FIGURES TINS,9.75,5,0.0027369803947988954,3552.5699999999997,692,0.17743589743589744,0.75884759675637
22180,3561.3399999999997,334,155,RETROSPOT LAMP,194.64999999999998,20,0.05465639338001988,3366.6899999999996,693,0.1776923076923077,0.7591943330040051
22669,3559,1128,234,RED BABY BUNTING,127.49999999999999,50,0.03582466985108176,3431.5,694,0.17794871794871794,0.75954084142649
21974,3545.6,2219,360,SET OF 36 PAISLEY FLOWER DOILIES,88.44999999999999,61,0.024946412454873643,3457.15,695,0.1782051282051282,0.7598860452092275
21992,3529.12,1913,436,VINTAGE PAISLEY STATIONERY SET,0,0,0,3529.12,696,0.17846153846153845,0.760229644479798
21703,3528.89,9390,294,BAG 125g SWIRLY MARBLES,36.54,87,0.010354530744795106,3492.35,697,0.17871794871794872,0.7605732213572981
22688,3519.66,705,32,DOORMAT PEACE ON EARTH BLUE,0,0,0,3519.66,698,0.17897435897435898,0.7609158995911514
23353,3517.5199999999995,4016,327,6 GIFT TAGS VINTAGE CHRISTMAS,19.919999999999998,24,0.005663080806932157,3497.5999999999995,699,0.17923076923076922,0.7612583694720897
23189,3507.51,1249,141,SET OF 12 FORK CANDLES,2.89,1,8.239463322984111e-4,3504.6200000000003,700,0.1794871794871795,0.7615998647676644
21715,3507.17,1330,231,GIRLS VINTAGE TIN SEASIDE BUCKET,0,0,0,3507.17,701,0.17974358974358975,0.7619413269604396
22760,3491.8599999999997,275,80,"TRAY, BREAKFAST IN BED",74.7,6,0.02139261024210593,3417.16,702,0.18,0.7622812985536226
21238,3488.44,3969,387,RED RETROSPOT CUP,43.22,51,0.012389492151219456,3445.2200000000003,703,0.18025641025641026,0.7626209371715865
21745,3486.98,938,214,GAOLERS KEYS DECORATIVE GARDEN,15,4,0.004301716671733133,3471.98,704,0.18051282051282053,0.7629604336422346
23232,3478.92,8626,238,WRAP VINTAGE LEAF DESIGN,21.42,51,0.006157083232727399,3457.5,705,0.18076923076923077,0.7632991453818109
82580,3474.31,5883,631,BATHROOM METAL SIGN,127,290,0.03655402079837435,3347.31,706,0.18102564102564103,0.7636374082863694
22065,3470.83,6751,241,CHRISTMAS PUDDING TRINKET POT,22.02,22,0.006344303812056482,3448.81,707,0.18128205128205127,0.7639753323740383
22435,3456.75,2766,266,SET OF 9 HEART SHAPED BALLOONS,15,12,0.004339336081579518,3441.75,708,0.18153846153846154,0.7643118856163605
23350,3456.33,2721,305,ROLL WRAP VINTAGE SPOT,30,24,0.008679726762201526,3426.33,709,0.1817948717948718,0.7646483979669892
47567B,3456.15,609,133,TEA TIME KITCHEN APRON,46.300000000000004,8,0.0133964092993649,3409.85,710,0.18205128205128204,0.7649848927926065
23426,3450.21,1277,206,METAL SIGN DROP YOUR PANTS,17.34,6,0.005025781039414992,3432.87,711,0.1823076923076923,0.7653208092928431
21588,3450.15,1497,132,RETROSPOT GIANT TUBE MATCHES,2.55,1,7.390983000739097e-4,3447.6,712,0.18256410256410258,0.765656719951409
23388,3448.69,825,154,WOODLAND MINI BACKPACK,0,0,0,3448.69,713,0.18282051282051281,0.7659924884626594
84508A,3448.05,1631,36,CAMOUFLAGE DESIGN TEDDY,2.55,1,7.395484404228476e-4,3445.5,714,0.18307692307692308,0.7663281946627576
21385,3447.5499999999997,3889,317,IVORY HANGING DECORATION  HEART,1.7,2,4.931037983495526e-4,3445.85,715,0.18333333333333332,0.7666638521822682
21463,3446.9500000000003,651,134,MIRRORED DISCO BALL,216.9,42,0.06292519473737652,3230.05,716,0.1835897435897436,0.7669994512850736
22300,3444.91,1542,196,COFFEE MUG DOG + BALL DESIGN,33.15,13,0.009622892905765318,3411.7599999999998,717,0.18384615384615385,0.7673348517710817
23536,3442.13,626,85,WALL ART VILLAGE SHOW,23.8,4,0.006914323398593313,3418.33,718,0.1841025641025641,0.7676699815930228
23065,3439.94,274,99,LARGE DECO JEWELLERY STAND,12.5,1,0.003633784310191457,3427.44,719,0.18435897435897436,0.7680048981939902
23156,3437.85,1672,205,SET OF 5 MINI GROCERY MAGNETS,49.92,24,0.01452070334656835,3387.93,720,0.18461538461538463,0.7683396113101015
23354,3431.89,3743,322,6 GIFT TAGS 50'S CHRISTMAS,49.8,60,0.014510954605188394,3382.0899999999997,721,0.18487179487179486,0.7686737441536087
21497,3430,8600,230,FANCY FONTS BIRTHDAY WRAP,0,0,0,3430,722,0.18512820512820513,0.7690076929844948
23014,3427.48,858,209,GLASS APOTHECARY BOTTLE ELIXIR,35.550000000000004,9,0.010372051769813392,3391.93,723,0.1853846153846154,0.7693413964652195
22311,3418.51,1137,142,OFFICE MUG WARMER BLACK+SILVER,20.650000000000002,7,0.0060406434382230855,3397.86,724,0.18564102564102564,0.7696742266162027
84509A,3417.28,896,230,SET OF 4 ENGLISH ROSE PLACEMATS,33.75,9,0.009876275868527015,3383.53,725,0.1858974358974359,0.7700069370129404
22782,3399.95,241,74,SET 3 WICKER STORAGE BASKETS,0,0,0,3399.95,726,0.18615384615384614,0.770337960140512
23239,3399.4900000000002,853,178,SET OF 4 KNICK KNACK TINS POPPIES,115.80000000000001,28,0.03406393311937967,3283.69,727,0.1864102564102564,0.7706689384819433
21429,3398.95,1744,286,RED GINGHAM ROSE JEWELLERY BOX,74.1,42,0.021800850262581092,3324.85,728,0.18666666666666668,0.7709998642483399
22029,3397.65,8185,527,SPACEBOY BIRTHDAY CARD,5.04,12,0.0014833782172972495,3392.61,729,0.18692307692307691,0.7713306634452087
84032A,3390.88,1005,313,CHARLIE+LOLA PINK HOT WATER BOTTLE,82.60000000000001,28,0.024359458311706696,3308.28,730,0.18717948717948718,0.7716608035069216
22653,3380.45,1877,250,BUTTON BOX,58.5,30,0.017305388335872442,3321.95,731,0.18743589743589745,0.7719899280915772
79000,3377.74,4186,125,MOROCCAN TEA GLASS,6.050000000000001,9,0.0017911384535221778,3371.6899999999996,732,0.18769230769230769,0.7723187888274481
21993,3363.34,1943,425,FLORAL FOLK STATIONERY SET,15,12,0.004459852408617624,3348.34,733,0.18794871794871795,0.7726462475623963
22563,3358.1800000000003,2831,281,HAPPY STENCIL CRAFT,1.25,1,3.7222543163261047e-4,3356.9300000000003,734,0.1882051282051282,0.7729732039136806
22687,3354.22,590,52,DOORMAT CHRISTMAS VILLAGE,0,0,0,3354.22,735,0.18846153846153846,0.7732997747147111
22432,3350.62,1720,277,WATERING CAN PINK BUNNY,27.299999999999997,14,0.008147745790331342,3323.3199999999997,736,0.18871794871794872,0.773625995015511
22079,3348.39,1911,323,RIBBON REEL HEARTS DESIGN,49.5,30,0.014783224176395224,3298.89,737,0.18897435897435896,0.7739519982008901
22165,3328.2,415,146,"DIAMANTE HEART SHAPED WALL MIRROR,",12.75,1,0.003830899585361457,3315.45,738,0.18923076923076923,0.7742760356641424
23395,3305.83,761,210,BELLE JARDINIERE CUSHION COVER,26.25,7,0.007940517207478908,3279.58,739,0.1894871794871795,0.7745978951579057
22855,3304.23,2644,237,FINE WICKER HEART,15,12,0.004539635558057399,3289.23,740,0.18974358974358974,0.7749195988737887
22962,3294.91,3904,342,JAM JAR WITH PINK LID,72.97,86,0.02214628017153731,3221.94,741,0.19,0.775240395183519
22460,3289.75,2559,211,EMBOSSED GLASS TEALIGHT HOLDER,23.75,19,0.007219393570940041,3266,742,0.19025641025641027,0.7755606891095852
22567,3282.2999999999997,2470,222,20 DOLLY PEGS RETROSPOT,32.7,26,0.00996252627730555,3249.6,743,0.1905128205128205,0.7758802576948965
22244,3280.1099999999997,1705,159,3 HOOK HANGER MAGIC GARDEN,31.2,16,0.009511876126105528,3248.91,744,0.19076923076923077,0.776199613059234
23308,3279.21,6151,382,SET OF 60 VINTAGE LEAF CAKE CASES,0,0,0,3279.21,745,0.191025641025641,0.7765188807985138
22967,3277.3100000000004,1173,138,SET 3 SONG BIRD PAPER EGGS ASSORTED,64.9,22,0.019802826098233,3212.4100000000003,746,0.19128205128205128,0.7768379635515609
22430,3266.09,622,195,ENAMEL WATERING CAN CREAM,99,20,0.03031147335192845,3167.09,747,0.19153846153846155,0.7771559539122224
23053,3262.57,365,164,RECYCLED ACAPULCO MAT PINK,8.25,1,0.002528681376951299,3254.32,748,0.19179487179487179,0.7774736015615472
21868,3262.25,2479,302,POTTING SHED TEA MUG,99.41,85,0.03047283316729251,3162.84,749,0.19205128205128205,0.7777912180552959
22187,3245.68,1266,192,GREEN CHRISTMAS TREE CARD HOLDER,14.7,4,0.004529097138350053,3230.98,750,0.19230769230769232,0.7781072212743717
22746,3244.94,1451,328,POPPY'S PLAYHOUSE LIVINGROOM,25.200000000000003,12,0.007765937120563093,3219.7400000000002,751,0.19256410256410256,0.778423152446178
23393,3230.41,807,229,HOME SWEET HOME CUSHION COVER,78.75,21,0.02437771056924663,3151.66,752,0.19282051282051282,0.7787376689601088
23230,3228.42,8001,235,WRAP ALPHABET DESIGN,31.5,75,0.009757094801791589,3196.92,753,0.1930769230769231,0.779051991725301
23035,3226.0899999999997,2209,191,DRAWER KNOB CERAMIC IVORY,13.049999999999999,9,0.004045144431804444,3213.0399999999995,754,0.19333333333333333,0.7793660876389551
23051,3223.49,365,162,RECYCLED ACAPULCO MAT BLUE,16.5,2,0.005118675721035275,3206.99,755,0.1935897435897436,0.7796799304135535
20973,3216.1200000000003,4506,355,12 PENCIL SMALL TUBE WOODLAND,2.6,4,8.08427546235837e-4,3213.5200000000004,756,0.19384615384615383,0.779993055636291
22360,3210.52,1016,214,GLASS JAR ENGLISH CONFECTIONERY,284.95,105,0.08875509263296912,2925.57,757,0.1941025641025641,0.7803056356364474
21135,3207.69,2870,177,VICTORIAN  METAL POSTCARD SPRING,128.72,296,0.04012856603973576,3078.9700000000003,758,0.19435897435897437,0.7806179401044779
22491,3193.83,3959,219,PACK OF 12 COLOURED PENCILS,10.2,12,0.0031936577713904623,3183.63,759,0.1946153846153846,0.7809288951466206
23342,3193.41,375,163,MINT DINER WALL CLOCK,8.5,1,0.0026617315033146387,3184.91,760,0.19487179487179487,0.7812398092970695
21115,3174.84,566,162,ROSE CARAVAN DOORSTOP,0,0,0,3174.84,761,0.19512820512820514,0.7815489154504952
23323,3155.1800000000003,1473,294,WHITE WICKER STAR,6.300000000000001,3,0.001996716510626969,3148.88,762,0.19538461538461538,0.7818561074832169
22465,3153.0899999999997,2060,198,HANGING METAL STAR LANTERN,42.15,27,0.013367839167293036,3110.9399999999996,763,0.19564102564102565,0.7821630960310824
22778,3146.82,808,143,GLASS CLOCHE SMALL,223.12,64,0.0709033246261305,2923.7000000000003,764,0.19589743589743588,0.7824694741243794
72807C,3145.05,721,157,SET/3 VANILLA SCENTED CANDLE IN BOX,516.7,134,0.16428991589958825,2628.3500000000004,765,0.19615384615384615,0.7827756798883964
84968A,3139.2999999999997,267,98,SET OF 16 VINTAGE ROSE CUTLERY,127.5,10,0.04061414965119613,3011.7999999999997,766,0.19641025641025642,0.7830813258256561
21381,3138,1815,224,MINI WOODEN HAPPY BIRTHDAY GARLAND,42.25,25,0.013463989802421925,3095.75,767,0.19666666666666666,0.7833868451933881
21561,3127.38,1281,213,DINOSAUR LUNCH BOX WITH CUTLERY,5.1,2,0.0016307580146960074,3122.28,768,0.19692307692307692,0.7836913305854395
23346,3117.34,2632,184,SPACEBOY BEAKER,7.5,6,0.0024058973355488974,3109.84,769,0.1971794871794872,0.7839948384712921
21240,3112.81,3573,325,BLUE POLKADOT CUP,30.34,36,0.009746820397004636,3082.47,770,0.19743589743589743,0.7842979053110211
20754,3090.96,1458,304,RETROSPOT RED WASHING UP GLOVES,2.1,1,6.794005745787716e-4,3088.86,771,0.1976923076923077,0.7845988448090723
23461,3082.71,857,94,SWEETHEART BIRD HOUSE,16.6,4,0.005384872401231385,3066.11,772,0.19794871794871796,0.7848989810774282
20828,3079.88,1130,241,GLITTER BUTTERFLY CLIPS,0,0,0,3079.88,773,0.1982051282051282,0.7851988418136584
22972,3072.5899999999997,1798,229,CHILDREN'S SPACEBOY MUG,56.099999999999994,34,0.01825821212722817,3016.49,774,0.19846153846153847,0.7854979927869215
22564,3063.52,2702,186,ALPHABET STENCIL CRAFT,464.17,437,0.1515152504308769,2599.35,775,0.1987179487179487,0.7857962606943255
23329,3056.3399999999997,1778,233,DECORATIVE WICKER HEART LARGE,4.949999999999999,3,0.0016195842085631833,3051.39,776,0.19897435897435897,0.7860938295484918
84997b,3052.9199999999996,364,67,CHILDRENS CUTLERY RETROSPOT RED,0,0,0,3052.9199999999996,777,0.19923076923076924,0.786391065427439
22810,3045.6800000000003,952,165,SET OF 6 T-LIGHTS SNOWMEN,140.1,54,0.045999579732604864,2905.5800000000004,778,0.19948717948717948,0.7866875964114779
22604,3044.76,1253,125,SET OF 4 NAPKIN CHARMS CUTLERY,0,0,0,3044.76,779,0.19974358974358974,0.7869840378232354
23390,3042.19,751,163,DOLLY GIRL MINI BACKPACK,4.15,1,0.001364148853293187,3038.04,780,0.2,0.787280229016773
23242,3037.11,1476,214,TREASURE TIN BUFFALO BILL,56.160000000000004,27,0.018491263075752936,2980.9500000000003,781,0.20025641025641025,0.7875759256155404
22892,3029.1,2478,199,SET OF SALT AND PEPPER TOADSTOOLS,115.19,96,0.03802779703542306,2913.91,782,0.20051282051282052,0.7878708423512947
22894,3027.3799999999997,305,122,TABLECLOTH RED APPLES DESIGN,0,0,0,3027.3799999999997,783,0.20076923076923076,0.7881655916258276
21810,3022.79,5945,252,CHRISTMAS HANGING STAR WITH BELL,73.75,59,0.02439798993644944,2949.04,784,0.20102564102564102,0.7884598940125663
22592,3021.12,658,135,CARDHOLDER HOLLY WREATH METAL,7.5,2,0.002482523037813791,3013.62,785,0.2012820512820513,0.7887540338061426
22945,3019.12,3003,172,CHRISTMAS METAL TAGS ASSORTED,200.57999999999998,258,0.06643657754577492,2818.54,786,0.20153846153846153,0.7890479788773684
21714,3018.15,1657,225,CITRONELLA CANDLE GARDEN POT,25,20,0.008283219853221344,2993.15,787,0.2017948717948718,0.7893418295082544
23231,3008.34,7277,260,WRAP DOILEY DESIGN,0,0,0,3008.34,788,0.20205128205128206,0.7896347250260118
22644,3000.02,2223,276,CERAMIC CHERRY CAKE MONEY BANK,13.05,9,0.0043499710001933325,2986.97,789,0.2023076923076923,0.7899268104987917
85184C,2997.64,1656,193,S/4 VALENTINE DECOUPAGE HEART BOX,0,0,0,2997.64,790,0.20256410256410257,0.7902186642519745
16161P,2990.92,7226,248,WRAP ENGLISH ROSE,10.5,25,0.0035106254931592954,2980.42,791,0.20282051282051283,0.7905098637380602
21201,2987.82,1240,101,TROPICAL  HONEYCOMB PAPER GARLAND,2.55,1,8.534650681767977e-4,2985.27,792,0.20307692307692307,0.7908007614045028
21411,2982.0299999999997,793,241,GINGHAM HEART  DOORSTOP RED,25.5,6,0.008551221818693978,2956.5299999999997,793,0.20333333333333334,0.7910910953497411
22331,2975.14,1840,183,WOODLAND PARTY BAG + STICKER SET,3.3,2,0.001109191500231922,2971.8399999999997,794,0.20358974358974358,0.7913807584764823
21625,2967.31,411,169,VINTAGE UNION JACK APRON,0,0,0,2967.31,795,0.20384615384615384,0.7916696592652218
22906,2959.4199999999996,1740,251,12 MESSAGE CARDS WITH ENVELOPES,1.65,1,5.575416804644153e-4,2957.7699999999995,796,0.2041025641025641,0.791957791874289
22777,2951.53,352,58,GLASS CLOCHE LARGE,41.65,5,0.014111325312634463,2909.88,797,0.20435897435897435,0.7922451563036842
21918,2950.67,7200,369,SET 12 KIDS COLOUR  CHALK STICKS,6.72,16,0.002277448850600033,2943.9500000000003,798,0.20461538461538462,0.7925324370024687
22078,2948.41,1381,192,RIBBON REEL LACE DESIGN,0,0,0,2948.41,799,0.20487179487179488,0.7928194976649972
85174,2946.88,617,157,S/4 CACTI CANDLES,14.15,3,0.004801688565533717,2932.73,800,0.20512820512820512,0.7931064093649277
22990,2942.1800000000003,638,164,COTTON APRON PANTRY DESIGN,553.7,126,0.18819378827943906,2388.4800000000005,801,0.2053846153846154,0.7933928634673348
35004B,2934.8100000000004,577,111,SET OF 3 BLACK FLYING DUCKS,136.8,30,0.04661289827961605,2798.01,802,0.20564102564102565,0.7936786000178808
23211,2933.07,2331,160,RED ROCKING HORSE HAND PAINTED,30,24,0.010228190939868464,2903.07,803,0.2058974358974359,0.7939641671599821
84568,2923.13,13882,147,GIRLS ALPHABET IRON ON PATCHES,0,0,0,2923.13,804,0.20615384615384616,0.7942487665320018
23056,2916.87,966,39,FLOWERS CHANDELIER T-LIGHT HOLDER,1859.07,579,0.6373509961019861,1057.8,805,0.2064102564102564,0.7945327564230651
22965,2914.8100000000004,1373,236,3 TRADITIONAl BISCUIT CUTTERS  SET,79.80000000000001,38,0.027377427688254123,2835.01,806,0.20666666666666667,0.7948165457501073
22843,2911.27,451,126,BISCUIT TIN VINTAGE GREEN,67.5,10,0.02318575741858364,2843.77,807,0.20692307692307693,0.7950999904185895
21313,2906.52,3336,214,GLASS HEART T-LIGHT HOLDER,23.62,31,0.008126556844611426,2882.9,808,0.20717948717948717,0.7953829726214895
22774,2901.75,2278,140,RED DRAWER KNOB ACRYLIC EDWARDIAN,19.81,16,0.006826914792797449,2881.94,809,0.20743589743589744,0.7956654904115839
23290,2899.1,2437,214,SPACEBOY CHILDRENS BOWL,12.5,10,0.004311682936083612,2886.6,810,0.2076923076923077,0.7959477501945639
23345,2891.25,2455,174,DOLLY GIRL BEAKER,8.75,7,0.0030263726761781237,2882.5,811,0.20794871794871794,0.7962292456923188
21976,2886.9500000000003,5230,393,PACK OF 60 MUSHROOM CAKE CASES,15.950000000000001,29,0.0055248618784530384,2871.0000000000005,812,0.2082051282051282,0.7965103225370205
21112,2885.13,1359,82,"SWISS ROLL TOWEL, PINK  SPOTS",0,0,0,2885.13,813,0.20846153846153845,0.7967912221843833
21990,2880.45,1679,366,MODERN FLORAL STATIONERY SET,15,12,0.0052075196583867105,2865.45,814,0.20871794871794871,0.7970716661814462
23427,2873.08,238,114,STOOL HOME SWEET HOME,22.9,2,0.00797054032606123,2850.18,815,0.20897435897435898,0.797351392626648
23212,2865.89,2300,186,HEART WREATH DECORATION WITH BELL,75,60,0.026169880909595274,2790.89,816,0.20923076923076922,0.7976304190450002
22354,2860.98,750,83,RETROSPOT PADDED SEAT CUSHION,3.39,1,0.0011849086676593336,2857.59,817,0.2094871794871795,0.7979089674199823
22426,2858.96,743,208,ENAMEL WASH BOWL CREAM,45,12,0.015739989366762738,2813.96,818,0.20974358974358975,0.7981873191253904
23504,2857.64,1934,208,PLAYING CARDS JUBILEE UNION JACK,0,0,0,2857.64,819,0.21,0.7984655423140474
22797,2851.3599999999997,163,91,CHEST OF DRAWERS GINGHAM HEART,237.29999999999998,14,0.08322344425116436,2614.0599999999995,820,0.21025641025641026,0.7987431540745242
22930,2849.35,1109,189,BAKING MOULD HEART MILK CHOCOLATE,201.60000000000002,96,0.07075297874953938,2647.75,821,0.21051282051282053,0.7990205701390388
23196,2848.04,1876,298,VINTAGE LEAF MAGNETIC NOTEPAD,18.849999999999998,13,0.006618586817600876,2829.19,822,0.21076923076923076,0.799297858660414
22476,2844.16,881,125,EMPIRE UNION JACK TV DINNER TRAY,39.6,8,0.013923267326732675,2804.56,823,0.21102564102564103,0.7995747694204295
22072,2831.17,854,162,RED RETROSPOT TEA CUP AND SAUCER,71.25,19,0.025166274013923573,2759.92,824,0.21128205128205127,0.7998504154587792
22380,2823.86,1316,285,TOY TIDY SPACEBOY,77.7,37,0.027515528390217644,2746.1600000000003,825,0.21153846153846154,0.8001253497869384
85178,2823.83,2519,140,VICTORIAN SEWING KIT,322.85,289,0.11433053689492641,2500.98,826,0.2117948717948718,0.8004002811942623
47599B,2822.32,1480,118,BLUE PARTY BAGS,109.2,52,0.03869157289038805,2713.1200000000003,827,0.21205128205128204,0.8006750655862118
21499,2819.84,6952,217,BLUE POLKADOT WRAP,82.5,225,0.02925697911938266,2737.34,828,0.2123076923076923,0.8009496085224467
21563,2803.13,1395,159,RED HEART SHAPE LOVE BUCKET,0,0,0,2803.13,829,0.21256410256410257,0.8012225245534442
22762,2786.0299999999997,171,112,CUPBOARD 3 DRAWER MA CAMPAGNE,244.9,18,0.08790285818889244,2541.1299999999997,830,0.21282051282051281,0.8014937757083462
22794,2784.9,326,182,SWEETHEART WIRE MAGAZINE RACK,39.75,5,0.014273402994721534,2745.15,831,0.21307692307692308,0.8017649168451201
23396,2780.5299999999997,662,196,LE JARDIN BOTANIQUE CUSHION COVER,15,4,0.005394654975849928,2765.5299999999997,832,0.21333333333333335,0.8020356325135585
22963,2778.8399999999997,3291,307,JAM JAR WITH GREEN LID,90.86,115,0.0326970966302486,2687.9799999999996,833,0.21358974358974359,0.8023061836416108
22224,2767.01,835,164,WHITE LOVEBIRD LANTERN,11.8,4,0.004264531028077239,2755.21,834,0.21384615384615385,0.8025755829869606
21109,2765.15,937,112,LARGE CAKE TOWEL CHOCOLATE SPOTS,0,0,0,2765.15,835,0.2141025641025641,0.8028448012405247
22925,2763.42,450,182,BLUE GIANT GARDEN THERMOMETER,47.6,8,0.01722503274927445,2715.82,836,0.21435897435897436,0.8031138510592557
23190,2761.8999999999996,1702,202,BUNDLE OF 3 SCHOOL EXERCISE BOOKS,3.3,2,0.001194829646258011,2758.5999999999995,837,0.21461538461538462,0.8033827528890004
22196,2759.2599999999998,2853,472,SMALL HEART MEASURING SPOONS,24.13,29,0.008745098323463537,2735.1299999999997,838,0.21487179487179486,0.8036513976852426
23266,2757.57,2064,319,SET OF 3 WOODEN STOCKING DECORATION,15,12,0.005439571796908147,2742.57,839,0.21512820512820513,0.8039198779410986
23147,2755.1,1870,261,SINGLE ANTIQUE ROSE HOOK IVORY,21.75,15,0.007894450292185402,2733.35,840,0.2153846153846154,0.8041881177148522
22773,2754.4,2087,191,GREEN DRAWER KNOB ACRYLIC EDWARDIAN,0,0,0,2754.4,841,0.21564102564102564,0.804456289335783
23341,2749.85,308,121,PINK DINER WALL CLOCK,0,0,0,2749.85,842,0.2158974358974359,0.8047240179633667
22823,2745,24,13,CHEST NATURAL WOOD 20 DRAWERS,0,0,0,2745,843,0.21615384615384614,0.8049912743892507
22974,2744.5399999999995,1607,204,CHILDRENS DOLLY GIRL MUG,33,20,0.012023872853009978,2711.5399999999995,844,0.2164102564102564,0.8052584860289942
23100,2743.13,2169,257,SILVER BELLS TABLE DECORATION,1.25,1,4.5568383561843585e-4,2741.88,845,0.21666666666666667,0.8055255603894806
22283,2742.33,301,155,6 EGG HOUSE PAINTED WOOD,31.8,4,0.011595978602137598,2710.5299999999997,846,0.2169230769230769,0.8057925568610269
21985,2737.6299999999997,8803,427,PACK OF 12 HEARTS DESIGN TISSUES,0,0,0,2737.6299999999997,847,0.21717948717948718,0.8060590957350499
23407,2729.33,267,133,SET OF 2 TRAYS HOME SWEET HOME,59.699999999999996,6,0.02187350008976562,2669.63,848,0.21743589743589745,0.8063248265113188
20829,2725.05,1315,194,GLITTER HANGING BUTTERFLY STRING,205.26,120,0.07532338856167776,2519.79,849,0.21769230769230768,0.8065901405817578
23333,2721.7,2110,233,IVORY WICKER HEART MEDIUM,15,12,0.0055112613440129335,2706.7,850,0.21794871794871795,0.8068551284922602
23164,2718.65,578,92,REGENCY CAKE SLICE,4.95,1,0.001820756625531054,2713.7000000000003,851,0.21820512820512822,0.80711981945117794
84832,2713.5499999999997,2934,268,ZINC WILLIE WINKIE  CANDLE STICK,10.2,12,0.0037589136002653353,2703.35,852,0.21846153846153846,0.8073840138681025
22278,2709.3,406,178,OVERNIGHT BAG VINTAGE ROSE PAISLEY,29.700000000000003,6,0.010962241169305725,2679.6000000000004,853,0.21871794871794872,0.8076477945000324
23489,2709.23,913,159,VINTAGE BELLS GARLAND,0,0,0,2709.23,854,0.21897435897435896,0.8079115683166801
21239,2709.04,3018,307,PINK  POLKADOT CUP,17.85,21,0.006589049995570387,2691.19,855,0.21923076923076923,0.8081753236347045
22927,2704.71,430,148,GREEN GIANT GARDEN THERMOMETER,83.3,14,0.030798126231647755,2621.41,856,0.2194871794871795,0.8084386573788402
23292,2704.58,2182,222,SPACEBOY CHILDRENS CUP,26.25,21,0.009705758380229093,2678.33,857,0.21974358974358973,0.8087019784660233
22737,2695.8,1389,259,RIBBON REEL CHRISTMAS PRESENT,66,40,0.02448252837747607,2629.8,858,0.22,0.8089644447220883
23264,2694.56,1966,299,SET OF 3 WOODEN SLEIGH DECORATIONS,1.25,1,4.638976307820201e-4,2693.31,859,0.22025641025641027,0.809226790250296
72802C,2692.44,1396,105,VANILLA SCENT CANDLE JEWELLED BOX,579.81,505,0.2153474172126398,2112.63,860,0.2205128205128205,0.8094889293728124
21811,2687.4,4854,245,HANGING HEART WITH BELL,18.72,48,0.00696584058941728,2668.6800000000003,861,0.22076923076923077,0.8097505777950056
22691,2686.72,372,120,DOORMAT WELCOME SUNRISE,24.15,3,0.008988655312053359,2662.5699999999997,862,0.221025641025641,0.8100121600115998
22702,2684.6499999999996,1363,49,BLACK AND WHITE CAT BOWL,0,0,0,2684.6499999999996,863,0.22128205128205128,0.8102735406905615
22045,2683.84,6552,208,SPACEBOY GIFT WRAP,31.5,75,0.011736914272087754,2652.34,864,0.22153846153846155,0.8105348425069712
22660,2678.96,364,102,DOORMAT I LOVE LONDON,0,0,0,2678.96,865,0.22179487179487178,0.810795669200846
21781,2676.75,169,101,MA CAMPAGNE CUTLERY BOX,283.15,21,0.10578126459325674,2393.6,866,0.22205128205128205,0.8110562807265237
22433,2667.5,1394,227,WATERING CAN GREEN DINOSAUR,5.85,3,0.0021930646672914714,2661.65,867,0.22230769230769232,0.8113159916613308
22130,2664.6299999999997,2277,110,PARTY CONE CHRISTMAS DECORATION,104.52999999999999,145,0.03922871092797124,2560.0999999999995,868,0.22256410256410256,0.8115754231695652
22329,2663.5399999999995,1604,238,ROUND CONTAINER SET OF 5 RETROSPOT,28.049999999999997,17,0.0105310977120674,2635.4899999999993,869,0.22282051282051282,0.8118347485541186
84997d,2657.79,319,73,CHILDRENS CUTLERY POLKADOT PINK,0,0,0,2657.79,870,0.2230769230769231,0.8120935141119148
23146,2655.13,801,227,TRIPLE HOOK ANTIQUE IVORY ROSE,164.1,50,0.06180488337670848,2491.03,871,0.22333333333333333,0.8123520206889849
22902,2650.08,1296,136,TOTE BAG I LOVE LONDON,50.400000000000006,24,0.019018293787357365,2599.68,872,0.2235897435897436,0.8126100355921204
22582,2649.35,1061,102,PACK OF 6 SWEETIE GIFT BOXES,30.599999999999998,12,0.011550002830883047,2618.75,873,0.22384615384615383,0.812867979421598
22792,2643.33,2809,206,FLUTED ANTIQUE CANDLE HOLDER,10.2,12,0.0038587690526721975,2633.13,874,0.2241025641025641,0.8131253371368009
22241,2641.93,1978,239,GARLAND WOODEN HAPPY EASTER,4.8100000000000005,4,0.0018206386997384491,2637.12,875,0.22435897435897437,0.8133825585463587
35961,2640.8599999999997,2999,244,FOLKART ZINC HEART CHRISTMAS DEC,0.85,1,3.21864847057398e-4,2640.0099999999998,876,0.2246153846153846,0.8136396757794588
23054,2621.43,297,130,RECYCLED ACAPULCO MAT LAVENDER,8.25,1,0.0031471372495164855,2613.18,877,0.22487179487179487,0.8138949012849253
21012,2618.25,1171,199,ANTIQUE ALL GLASS CANDLESTICK,6.300000000000001,3,0.002406187338871384,2611.95,878,0.22512820512820514,0.8141498171818545
22830,2610.2900000000004,131,6,UTILTY CABINET WITH HOOKS,0,0,0,2610.2900000000004,879,0.22538461538461538,0.8144039580838294
22700,2608.08,1198,52,BLACK AND WHITE DOG BOWL,31.300000000000004,22,0.012001165608416922,2576.7799999999997,880,0.22564102564102564,0.8146578838176071
22833,2603.5299999999997,76,5,HALL CABINET WITH 3 DRAWERS,0,0,0,2603.5299999999997,881,0.2258974358974359,0.8149113665580375
22175,2600.13,879,171,PINK OWL SOFT TOY,5.9,2,0.002269117313365101,2594.23,882,0.22615384615384615,0.8151645182704725
22361,2598.23,729,268,GLASS JAR DAISY FRESH COTTON WOOL,35,12,0.013470708905678096,2563.23,883,0.22641025641025642,0.8154174849966745
22805,2593.53,1904,195,BLUE DRAWER KNOB ACRYLIC EDWARDIAN,16.25,13,0.006265591683921142,2577.28,884,0.22666666666666666,0.8156699941253533
21500,2593,6350,213,PINK POLKADOT WRAP,0,0,0,2593,885,0.22692307692307692,0.8159224516526092
22822,2588.7000000000003,434,158,CREAM WALL PLANTER HEART SHAPED,11.9,2,0.004596901919882566,2576.8,886,0.2271794871794872,0.8161744905268118
47559B,2588.65,2080,287,TEA TIME OVEN GLOVE,37.5,30,0.014486315260850249,2551.15,887,0.22743589743589743,0.8164265245329555
22933,2585.92,940,122,BAKING MOULD EASTER EGG MILK CHOC,337.80000000000007,156,0.13063049127583223,2248.12,888,0.2276923076923077,0.8166782927430911
22610,2578.24,9608,216,PENS ASSORTED FUNNY FACE,0,0,0,2578.24,889,0.22794871794871796,0.8169293132194012
21735,2577.45,212,83,TWO DOOR CURIO CABINET,382.95,33,0.14857708199965083,2194.5,890,0.2282051282051282,0.8171802567803829
84596B,2570.52,5078,522,SMALL DOLLY MIX DESIGN ORANGE BOWL,6.72,16,0.0026142570374865786,2563.8,891,0.22846153846153847,0.8174305256284207
22937,2568.3399999999997,974,160,BAKING MOULD CHOCOLATE CUPCAKES,33.15,13,0.012907169611500036,2535.1899999999996,892,0.2287179487179487,0.8176805822290965
22358,2557.1200000000003,700,255,KINGS CHOICE TEA CADDY,23.6,8,0.009229132774371167,2533.5200000000004,893,0.22897435897435897,0.8179295464373866
22064,2556.2,1734,241,PINK DOUGHNUT TRINKET POT,57.599999999999994,36,0.022533448087004145,2498.6,894,0.22923076923076924,0.8181784210733958
21452,2549.11,817,184,TOADSTOOL MONEY BOX,83.15,29,0.0326192278873803,2465.96,895,0.22948717948717948,0.8184266054186727
21078,2540.39,2780,313,SET/20 STRAWBERRY PAPER NAPKINS,0,0,0,2540.39,896,0.22974358974358974,0.8186739407745021
23424,2529.42,466,135,GINGHAM RECIPE BOOK BOX,4.95,1,0.0019569703726546005,2524.4700000000003,897,0.23,0.8189202080782396
72351A,2528.15,1278,153,SET/6 TURQUOISE BUTTERFLY T-LIGHTS,0,0,0,2528.15,898,0.23025641025641025,0.8191663517332846
23681,2526.69,1577,132,LUNCH BAG RED VINTAGE DOILY,0,0,0,2526.69,899,0.23051282051282052,0.819412353241014
21730,2519.38,518,131,GLASS STAR FROSTED T-LIGHT HOLDER,68.60000000000001,14,0.027228921401297148,2450.78,900,0.23076923076923078,0.8196576430385527
22670,2518,1883,301,FRENCH WC SIGN BLUE METAL,6.25,5,0.002482128673550437,2511.75,901,0.23102564102564102,0.8199027984776697
21556,2515.52,977,114,CERAMIC STRAWBERRY MONEY BOX,2.55,1,0.0010137069075181273,2512.97,902,0.2312820512820513,0.8201477124610722
23316,2511.59,251,110,RED REFECTORY CLOCK,9.95,1,0.003961633865400005,2501.6400000000003,903,0.23153846153846153,0.8203922438150563
22672,2511.22,1476,219,FRENCH BATHROOM SIGN BLUE METAL,26.4,16,0.010512818470703483,2484.8199999999997,904,0.2317948717948718,0.8206367391454054
22075,2503.3399999999997,1800,200,6 RIBBONS ELEGANT CHRISTMAS,19.799999999999997,12,0.00790943299751532,2483.5399999999995,905,0.23205128205128206,0.8208804672696941
21107,2501.56,904,97,CREAM SLICE FLANNEL PINK SPOT,0,0,0,2501.56,906,0.2323076923076923,0.821124022091091
23367,2495.75,3285,282,SET 12 COLOUR PENCILS SPACEBOY,10.4,16,0.004167084042872884,2485.35,907,0.23256410256410256,0.8213670112440601
21903,2494.3300000000004,1162,180,MAN FLU METAL SIGN,27.300000000000004,13,0.010944822858242494,2467.03,908,0.23282051282051283,0.8216098621441604
22215,2471.39,343,101,CAKE STAND WHITE TWO TIER LACE,17,2,0.0068787200725098025,2454.39,909,0.23307692307692307,0.821850479578902
23352,2462.95,1803,212,ROLL WRAP 50'S RED CHRISTMAS,15,12,0.006090257617897238,2447.95,910,0.23333333333333334,0.822090275285325
85062,2449.2999999999997,1474,159,PEARL CRYSTAL PUMPKIN T-LIGHT HLDR,6.6,4,0.00269464745029192,2442.7,911,0.23358974358974358,0.8223287420117068
22374,2440.27,549,223,AIRLINE BAG VINTAGE JET SET RED,17,4,0.0069664422379490795,2423.27,912,0.23384615384615384,0.8225663295666765
84032B,2430.44,939,255,CHARLIE + LOLA RED HOT WATER BOTTLE,133.5,66,0.05492832573525781,2296.94,913,0.2341025641025641,0.8228029600612942
21875,2429.38,2055,148,KINGS CHOICE MUG,35,28,0.014406968032996072,2394.38,914,0.23435897435897435,0.8230394873530663
23406,2428.9100000000003,457,111,HOME SWEET HOME KEY HOLDER,18.75,3,0.007719512044497325,2410.1600000000003,915,0.23461538461538461,0.823275968885086
22807,2428.1800000000003,825,195,SET OF 6 T-LIGHTS TOADSTOOLS,0,0,0,2428.1800000000003,916,0.23487179487179488,0.8235123793434478
22573,2427.25,2689,221,STAR WOODEN CHRISTMAS DECORATION,0,0,0,2427.25,917,0.23512820512820512,0.8237486992559166
23265,2423.54,1784,293,SET OF 3 WOODEN TREE DECORATIONS,18.75,15,0.007736616684684387,2404.79,918,0.2353846153846154,0.8239846579584255
22743,2420.34,934,206,MAKE YOUR OWN FLOWERPOWER CARD KIT,17.700000000000003,6,0.007313022137385657,2402.6400000000003,919,0.23564102564102565,0.8242203051051739
22811,2419.29,881,108,SET OF 6 T-LIGHTS CACTI,2.95,1,0.0012193660123424642,2416.34,920,0.2358974358974359,0.8244558500226883
22437,2418.94,2830,226,SET OF 9 BLACK SKULL BALLOONS,8.5,10,0.0035139358562014766,2410.44,921,0.23615384615384616,0.8246913608637914
21328,2418.68,1342,346,BALLOONS  WRITING SET,0,0,0,2418.68,922,0.2364102564102564,0.8249268463909888
23400,2409.34,461,107,SHELF WITH 4 HOOKS HOME SWEET HOME,12.5,2,0.00518814281089427,2396.84,923,0.23666666666666666,0.8251614225648102
22939,2407.52,472,125,APRON APPLE DELIGHT,69.30000000000001,14,0.028784807602844426,2338.22,924,0.23692307692307693,0.8253958215412928
22167,2401.0699999999997,237,156,OVAL WALL MIRROR DIAMANTE,49.75,5,0.020719929031640064,2351.3199999999997,925,0.23717948717948717,0.8256295925381951
20978,2400.05,1799,263,36 PENCILS TUBE SKULLS,20,16,0.008333159725839045,2380.05,926,0.23743589743589744,0.825863264226699
84796B,2393.5899999999997,256,124,BLUE SAVANNAH PICNIC HAMPER FOR 2,0,0,0,2393.5899999999997,927,0.2376923076923077,0.8260963069620111
84969,2389.52,558,210,BOX OF 6 ASSORTED COLOUR TEASPOONS,8.5,2,0.0035571997723392148,2381.02,928,0.23794871794871794,0.8263289534373403
11001,2389.44,1615,113,ASSTD DESIGN RACING CAR PEN,237.04999999999998,185,0.09920734565421185,2152.39,929,0.2382051282051282,0.8265615921237754
23028,2387.0299999999997,1375,137,DRAWER KNOB CRACKLE GLAZE BLUE,11.55,7,0.004838648864907438,2375.4799999999996,930,0.23846153846153847,0.8267939961697783
22440,2385.12,6034,154,BALLOON WATER BOMB PACK OF 35,4.2,10,0.0017609176896759913,2380.92,931,0.2387179487179487,0.8270262142559366
23048,2384.9700000000003,581,99,SET OF 10 LANTERNS FAIRY LIGHT STAR,136.95000000000002,33,0.05742210593843948,2248.0200000000004,932,0.23897435897435898,0.8272584177379186
20983,2382.46,2746,268,12 PENCILS TALL TUBE RED RETROSPOT,5.95,7,0.0024974186345206218,2376.51,933,0.23923076923076922,0.827490376843351
22282,2378.52,149,99,12 EGG HOUSE PAINTED WOOD,12.75,1,0.005360476262549821,2365.77,934,0.23948717948717949,0.8277219523457531
23498,2378.48,1644,99,CLASSIC BICYCLE CLIPS,0,0,0,2378.48,935,0.23974358974358975,0.8279535239537082
22851,2375.44,2749,350,SET 20 NAPKINS FAIRY CAKES DESIGN,11.049999999999999,13,0.004651769777388609,2364.39,936,0.24,0.8281847995836907
84997c,2374.4399999999996,284,62,CHILDRENS CUTLERY POLKADOT BLUE,0,0,0,2374.4399999999996,937,0.24025641025641026,0.828415977852498
23437,2373.63,1939,131,50'S CHRISTMAS GIFT BAG LARGE,2.5,2,0.0010532391316254008,2371.13,938,0.24051282051282052,0.8286470772587535
23436,2367.39,1979,114,VINTAGE CHRISTMAS GIFT BAG LARGE,18.75,15,0.007920114556536946,2348.64,939,0.24076923076923076,0.8288775691312756
37500,2360.68,380,113,TEA TIME TEAPOT IN GIFT BOX,24.849999999999998,3,0.010526627920768592,2335.83,940,0.24102564102564103,0.8291074077103125
22070,2358.15,949,116,SMALL RED RETROSPOT MUG IN BOX,336.54,296,0.14271356783919598,2021.6100000000001,941,0.24128205128205127,0.829336999965576
21495,2356,5800,165,SKULLS AND CROSSBONES WRAP,10.5,25,0.004456706281833617,2345.5,942,0.24153846153846154,0.829566382894313
23401,2354.8700000000003,459,83,RUSTIC MIRROR WITH LACE HEART,18.75,3,0.00796222296772221,2336.1200000000003,943,0.2417948717948718,0.829795655804922
23412,2354.8,358,76,HEART MIRROR ANTIQUE WHITE,15,2,0.006369967725496857,2339.8,944,0.24205128205128204,0.8300249219002486
22548,2351.44,1977,209,HEADS AND TAILS SPORTING FUN,0,0,0,2351.44,945,0.2423076923076923,0.8302538608620268
22425,2346.1200000000003,460,166,ENAMEL COLANDER CREAM,29.700000000000003,6,0.012659199017953045,2316.4200000000005,946,0.24256410256410257,0.8304822818623527
21700,2334.94,1726,198,BIG DOUGHNUT FRIDGE MAGNETS,30.599999999999998,36,0.013105261805442537,2304.34,947,0.2428205128205128,0.8307096143647402
20977,2331.14,1741,185,36 PENCILS TUBE WOODLAND,93.75,75,0.04021637482090308,2237.39,948,0.24307692307692308,0.830936576894662
16156S,2331,5800,167,WRAP PINK FAIRY CAKES,0,0,0,2331,949,0.24333333333333335,0.8311635257940193
23197,2323.7999999999997,1492,249,SKETCHBOOK MAGNETIC SHOPPING LIST,36.25,25,0.015599449178070404,2287.5499999999997,950,0.24358974358974358,0.8313897736929153
22829,2315.33,229,109,SWEETHEART WIRE WALL TIDY,87.9,10,0.03796435065411842,2227.43,951,0.24384615384615385,0.8316151969426575
22736,2315.25,1233,223,RIBBON REEL MAKING SNOWMEN,21.45,13,0.00926465824425008,2293.8,952,0.2441025641025641,0.8318406124035056
22483,2314.7400000000002,774,169,RED GINGHAM TEDDY BEAR,2.95,1,0.0012744411899392588,2311.7900000000004,953,0.24435897435897436,0.8320659782101544
23371,2313.53,1712,185,SET 36 COLOUR PENCILS SPACEBOY,0,0,0,2313.53,954,0.24461538461538462,0.8322912262097811
84950,2304.83,3631,120,ASSORTED COLOUR T-LIGHT HOLDER,6.1000000000000005,10,0.002646616019402733,2298.73,955,0.24487179487179486,0.8325156271671837
21982,2304.14,7612,359,PACK OF 12 SUKI TISSUES,0.39,1,1.6926054840417685e-4,2303.75,956,0.24512820512820513,0.8327399609453756
23029,2303.9199999999996,1352,156,DRAWER KNOB CRACKLE GLAZE GREEN,46.199999999999996,28,0.02005277961040314,2257.72,957,0.2453846153846154,0.8329642733041088
22441,2301.31,1051,219,GROW YOUR OWN BASIL IN ENAMEL MUG,6.300000000000001,3,0.0027375712094415794,2295.0099999999998,958,0.24564102564102563,0.8331883315501748
23330,2299.47,1804,216,DECORATIVE WICKER HEART MEDIUM,7.5,6,0.003261621156179468,2291.97,959,0.2458974358974359,0.8334122106516785
23360,2296.15,1187,114,SET 8 CANDLES VINTAGE DOILY,0,0,0,2296.15,960,0.24615384615384617,0.8336357665140807
85175,2292.34,5353,143,CACTI T-LIGHT CANDLES,41.160000000000004,98,0.01795545163457428,2251.1800000000003,961,0.2464102564102564,0.8338589514304052
22185,2291.4399999999996,1510,162,SLATE TILE NATURAL HANGING,0,0,0,2291.4399999999996,962,0.24666666666666667,0.8340820487216721
23128,2283.41,453,139,FELTCRAFT BOY JEAN-PAUL KIT,34.650000000000006,7,0.015174672967185047,2248.7599999999998,963,0.2469230769230769,0.8343043642027023
21813,2280.4700000000003,549,112,GARLAND WITH STARS AND BELLS,34.650000000000006,7,0.015194236275855416,2245.82,964,0.24717948717948718,0.8345263934418775
21896,2279.09,983,110,POTTING SHED TWINE,9.75,5,0.004278023246120161,2269.34,965,0.24743589743589745,0.8347482883226309
23252,2276.61,607,138,VINTAGE RED ENAMEL TRIM JUG,123.75,33,0.05435713626839907,2152.86,966,0.24769230769230768,0.8349699417476698
22914,2266.1600000000003,468,154,BLUE COAT RACK PARIS FASHION,24.75,5,0.010921558936703497,2241.4100000000003,967,0.24794871794871795,0.8351905777484281
22983,2261.6,5302,443,CARD BILLBOARD FONT,68.75999999999999,181,0.03040325433321542,2192.84,968,0.24820512820512822,0.8354107697822274
46000S,2256.2,1556,185,POLYESTER FILLER PAD 40x40cm,63.8,44,0.02827763496143959,2192.3999999999996,969,0.24846153846153846,0.835630436065681
21069,2251.77,1950,86,VINTAGE BILLBOARD TEA MUG,743.0600000000001,701,0.3299892973083397,1508.71,970,0.24871794871794872,0.8358496710391282
22030,2247.97,5551,274,SWALLOWS GREETING CARD,0,0,0,2247.97,971,0.24897435897435896,0.8360685360401098
23093,2244.2200000000003,941,142,SMALL PARISIENNE HEART PHOTO FRAME,7.470000000000001,3,0.003328550676849863,2236.7500000000005,972,0.24923076923076923,0.8362870359366845
23079,2243.35,253,106,TOADSTOOL BEDSIDE LIGHT,125.29999999999998,14,0.05585396839547997,2118.0499999999997,973,0.2494871794871795,0.8365054511290367
23326,2237.71,3443,76,HANGING MINI COLOURED BOTTLES,0,0,0,2237.71,974,0.24974358974358973,0.8367233172043611
21989,2235.65,2412,335,PACK OF 20 SKULL PAPER NAPKINS,0,0,0,2235.65,975,0.25,0.8369409827156644
21471,2228.09,641,163,STRAWBERRY RAFFIA FOOD COVER,15,4,0.0067322235636801024,2213.09,976,0.25025641025641027,0.8371579121764834
23438,2227.42,1823,109,RED SPOT GIFT BAG LARGE,0,0,0,2227.42,977,0.25051282051282053,0.8373747764053149
22601,2222.3799999999997,2482,200,CHRISTMAS RETROSPOT ANGEL WOOD,3.4,4,0.0015298913777121827,2218.9799999999996,978,0.25076923076923074,0.8375911499338234
23501,2220.37,1823,112,KEY RING BASEBALL BOOT UNION JACK,0,0,0,2220.37,979,0.251025641025641,0.8378073277663701
22478,2218.12,1543,140,BIRDHOUSE GARDEN MARKER,0,0,0,2218.12,980,0.2512820512820513,0.8380232865362723
37448,2214.08,1456,187,CERAMIC CAKE DESIGN SPOTTED MUG,67.05,45,0.030283458592282122,2147.0299999999997,981,0.25153846153846154,0.838238851967027
21794,2213.42,522,106,CLASSIC FRENCH STYLE BASKET NATURAL,11.850000000000001,3,0.005353706029583179,2201.57,982,0.2517948717948718,0.8384543531394059
82494l,2211.6,264,61,WOODEN FRAME ANTIQUE WHITE,0,0,0,2211.6,983,0.2520512820512821,0.838669677114446
23403,2207.86,626,134,LETTER HOLDER HOME SWEET HOME,11.25,3,0.005095431775565479,2196.61,984,0.2523076923076923,0.8388846369586911
10135,2207.39,2231,175,COLOURING PENCILS BROWN TUBE,1.25,1,5.662796334132166e-4,2206.14,985,0.25256410256410255,0.8390995510431836
21042,2205.4700000000003,335,131,RED RETROSPOT APRON,34.4,6,0.015597582374731914,2171.07,986,0.2528205128205128,0.8393142781942199
22574,2202.14,2336,222,HEART WOODEN CHRISTMAS DECORATION,138.24,192,0.06277530038962101,2063.8999999999996,987,0.2530769230769231,0.8395286811325428
21900,2201.07,3234,372,"KEY FOB , SHED",3.25,5,0.0014765545848155668,2197.82,988,0.25333333333333335,0.8397429798944083
23302,2194.62,1544,230,KNEELING MAT HOUSEWORK  DESIGN,54.239999999999995,36,0.024714984826530333,2140.38,989,0.25358974358974357,0.8399566506766937
23020,2191.84,180,76,GLASS  SONGBIRD STORAGE JAR,73.65,6,0.033601905248558286,2118.19,990,0.25384615384615383,0.8401700507949121
22571,2191.43,2441,254,ROCKING HORSE RED CHRISTMAS,80.17,109,0.03658341813336498,2111.2599999999998,991,0.2541025641025641,0.8403834109950488
22763,2186.27,207,108,KEY CABINET MA CAMPAGNE,49.75,5,0.022755652321076538,2136.52,992,0.25435897435897437,0.8405962688115214
23031,2181.9999999999995,1296,155,DRAWER KNOB CRACKLE GLAZE PINK,33,20,0.015123739688359306,2148.9999999999995,993,0.25461538461538463,0.840808710895776
85038,2179.6600000000003,1065,142,6 CHOCOLATE LOVE HEART T-LIGHTS,0,0,0,2179.6600000000003,994,0.2548717948717949,0.8410209251548808
23445,2177.8399999999997,2688,101,ICE CREAM BUBBLES,16.599999999999998,20,0.007622231201557507,2161.24,995,0.2551282051282051,0.8412329622166466
22357,2175.04,468,180,KINGS CHOICE BISCUIT TIN,76.5,18,0.03517176695601001,2098.54,996,0.2553846153846154,0.8414447266671221
21878,2173.0499999999997,2524,224,PACK OF 6 SANDCASTLE FLAGS ASSORTED,11.049999999999999,13,0.00508501875244472,2161.9999999999995,997,0.25564102564102564,0.8416562973688588
22377,2171.53,1330,207,BOTTLE BAG RETROSPOT,18.45,9,0.008496313659033031,2153.0800000000004,998,0.2558974358974359,0.8418677200816093
22704,2168.76,5278,174,WRAP RED APPLES,21,50,0.009682952470536159,2147.76,999,0.2561538461538462,0.8420788731039044
22121,2165.65,353,133,NOEL WOODEN BLOCK LETTERS,5.95,1,0.0027474430309606815,2159.7000000000003,1000,0.2564102564102564,0.8422897233329448
21592,2164.46,2162,216,RETROSPOT CIGAR BOX MATCHES,0,0,0,2164.46,1001,0.25666666666666665,0.8425004577021866
22732,2162.75,1645,188,3D VINTAGE CHRISTMAS STICKERS,0,0,0,2162.75,1002,0.2569230769230769,0.8427110255838189
21249,2160,724,119,WOODLAND  HEIGHT CHART STICKERS,0,0,0,2160,1003,0.2571794871794872,0.8429213257222196
22107,2158.06,594,179,PIZZA PLATE IN BOX,76.25,21,0.035332659888974355,2081.81,1004,0.25743589743589745,0.8431314369799403
23370,2157.85,1555,151,SET 36 COLOURING PENCILS DOILY,1.25,1,5.792803021526056e-4,2156.6,1005,0.25769230769230766,0.8433415277918141
22920,2155.94,3427,242,HERB MARKER BASIL,841.0500000000001,1527,0.39010825904245944,1314.8899999999999,1006,0.25794871794871793,0.8435514326438436
82581,2155.8900000000003,3883,405,TOILET METAL SIGN,11.16,21,0.005176516427090435,2144.7300000000005,1007,0.2582051282051282,0.843761332627814
22588,2149.31,687,175,CARD HOLDER GINGHAM HEART,411.87000000000006,195,0.1916289413811875,1737.4399999999998,1008,0.25846153846153846,0.8439705919752519
23005,2147.55,4783,241,TRAVEL CARD WALLET I LOVE LONDON,0.42,1,1.9557169798142067e-4,2147.13,1009,0.25871794871794873,0.8441796799670215
22973,2145.91,1261,144,CHILDREN'S CIRCUS PARADE MUG,36.3,22,0.016915900480448855,2109.6099999999997,1010,0.258974358974359,0.8443886082864636
23161,2145.3,1715,98,REGENCY CAKE FORK,15,12,0.006992029086841001,2130.3,1011,0.2592307692307692,0.844597477215589
23213,2139.67,1683,152,STAR WREATH DECORATION WITH BELL,15,12,0.00701042684152229,2124.67,1012,0.2594871794871795,0.844805798001298
23066,2137.81,259,85,SMALL DECO JEWELLERY STAND,8.25,1,0.0038590894419990554,2129.56,1013,0.25974358974358974,0.8450139376952213
40016,2136.34,5556,97,CHINESE DRAGON PAPER LANTERNS,0,0,0,2136.34,1014,0.26,0.8452219342682169
22509,2132.44,211,86,SEWING BOX RETROSPOT DESIGN,239.2,16,0.11217197201328055,1893.24,1015,0.2602564102564103,0.8454295511326293
22128,2127.53,1762,76,PARTY CONES CANDY ASSORTED,70,56,0.03290200373202728,2057.53,1016,0.2605128205128205,0.8456366899536717
37450,2126.3900000000003,717,134,CERAMIC CAKE BOWL + HANGING CAKES,96.2,36,0.04524099530189664,2030.1900000000003,1017,0.26076923076923075,0.8458437177829742
22891,2125.18,424,168,TEA FOR ONE POLKADOT,127.5,30,0.059994918077527555,1997.6799999999998,1018,0.261025641025641,0.8460506278052548
84356,2124.15,424,82,POMPOM CURTAIN,0,0,0,2124.15,1019,0.2612820512820513,0.846257437545525
22498,2121.9900000000002,334,150,WOODEN REGATTA BUNTING,0,0,0,2121.9900000000002,1020,0.26153846153846155,0.8464640369856568
21980,2121.7599999999998,6687,297,PACK OF 12 RED RETROSPOT TISSUES,38.28,132,0.018041625820073903,2083.4799999999996,1021,0.2617948717948718,0.8466706140327181
22156,2114.83,2198,256,HEART DECORATION WITH PEARLS,88.21,105,0.04171020838554399,2026.62,1022,0.26205128205128203,0.8468765163668356
21718,2114.64,1494,229,RED METAL BEACH SPADE,1.25,1,5.911171641508721e-4,2113.39,1023,0.2623076923076923,0.8470824002023298
23046,2111.4900000000002,349,36,PAPER LANTERN 9 POINT DELUXE STAR,0,0,0,2111.4900000000002,1024,0.26256410256410256,0.8472879773501222
20751,2108.7200000000003,1003,198,FUNKY WASHING UP GLOVES ASSORTED,2.1,1,9.958647900147957e-4,2106.6200000000003,1025,0.26282051282051283,0.8474932848074591
23251,2107,1713,120,VINTAGE RED ENAMEL TRIM MUG,72.5,58,0.03440911248220219,2034.5,1026,0.2630769230769231,0.8476984248035748
23233,2105.5,5175,158,WRAP POPPIES  DESIGN,10.5,25,0.004986938969365947,2095,1027,0.2633333333333333,0.8479034187579279
21506,2101.0099999999998,4958,323,"FANCY FONT BIRTHDAY CARD,",5.04,12,0.002398846269175302,2095.97,1028,0.2635897435897436,0.8481079755606041
22996,2099.97,4813,408,TRAVEL CARD WALLET VINTAGE TICKET,10.92,26,0.005200074286775526,2089.0499999999997,1029,0.26384615384615384,0.8483124311076584
23152,2095.65,558,159,IVORY SWEETHEART WIRE LETTER RACK,26.25,7,0.012525946603679049,2069.4,1030,0.2641025641025641,0.8485164660544359
22733,2095.08,1583,197,3D TRADITIONAL CHRISTMAS STICKERS,0,0,0,2095.08,1031,0.2643589743589744,0.8487204455053434
22059,2094.24,1790,173,CERAMIC STRAWBERRY DESIGN MUG,35.76,24,0.01707540683016273,2058.4799999999996,1032,0.26461538461538464,0.8489243431728638
23315,2094.24,213,86,IVORY REFECTORY CLOCK,97.80000000000001,12,0.046699518679807484,1996.4399999999998,1033,0.26487179487179485,0.8491282408403842
22744,2091.5400000000004,870,172,MAKE YOUR OWN MONSOON CARD KIT,23.6,8,0.011283551832620939,2067.9400000000005,1034,0.2651282051282051,0.8493318756327315
21609,2089.64,764,76,SET 12 LAVENDER  BOTANICAL T-LIGHTS,0,0,0,2089.64,1035,0.2653846153846154,0.849535325438846
22593,2087.3399999999997,2265,198,CHRISTMAS GINGHAM STAR,103.67999999999999,144,0.04967087297709046,1983.6599999999996,1036,0.26564102564102565,0.8497385513142576
22747,2087.15,957,227,POPPY'S PLAYHOUSE BATHROOM,12.600000000000001,6,0.006036940325324007,2074.55,1037,0.2658974358974359,0.8499417586910459
22055,2086.49,1377,220,MINI CAKE STAND  HANGING STRAWBERY,37.75,23,0.018092586113520794,2048.74,1038,0.26615384615384613,0.8501449018094587
22863,2076.63,721,110,SOAP DISH BROCANTE,38.35000000000001,13,0.018467420773079463,2038.2800000000002,1039,0.2664102564102564,0.8503470849466839
22831,2070.9,706,121,WHITE BROCANTE SOAP DISH,0,0,0,2070.9,1040,0.26666666666666666,0.8505487102043755
22955,2070.15,1048,134,36 FOIL STAR CAKE CASES,0,0,0,2070.15,1041,0.26692307692307693,0.8507502624411857
23227,2070.06,1642,117,FILIGREE HEART BUTTERFLY WHITE,7.5,6,0.0036230833888872787,2062.56,1042,0.2671794871794872,0.8509518059154899
22935,2066.82,690,65,BAKING MOULD ROSE MILK CHOCOLATE,198,72,0.09579934391964466,1868.8200000000002,1043,0.26743589743589746,0.8511530339395867
23291,2060.28,1635,195,DOLLY GIRL CHILDRENS CUP,12.5,10,0.006067136505717669,2047.7800000000002,1044,0.2676923076923077,0.851353625221598
23490,2055.27,548,101,T-LIGHT HOLDER HANGING LOVE BIRD,11.25,3,0.005473733378096308,2044.02,1045,0.26794871794871794,0.8515537287241213
22101,2053.17,1438,69,MIRROR MOSAIC VOTIVE HOLDER,126.36,324,0.061543856573006615,1926.8100000000002,1046,0.2682051282051282,0.8517536277681768
47504K,2049.45,2019,212,ENGLISH ROSE GARDEN SECATEURS,9.48,12,0.004625631266925273,2039.9699999999998,1047,0.2684615384615385,0.8519531646286606
23500,2044.58,1631,98,KEY RING BASEBALL BOOT ASSORTED,0,0,0,2044.58,1048,0.26871794871794874,0.8521522273402212
21864,2043.79,829,184,UNION JACK FLAG PASSPORT COVER,42,20,0.020550056512655412,2001.79,1049,0.26897435897435895,0.8523512131364536
22414,2038.39,279,95,DOORMAT NEIGHBOURHOOD WITCH,16.2,2,0.00794744872178533,2022.19,1050,0.2692307692307692,0.8525496731823397
22803,2038.0900000000001,54,31,IVORY EMBROIDERED QUILT,0,0,0,2038.0900000000001,1051,0.2694871794871795,0.8527481040198736
20674,2032.48,1576,205,GREEN POLKADOT BOWL,7.5,6,0.0036900732110525074,2024.98,1052,0.26974358974358975,0.8529459886612143
22080,2028.23,1221,155,RIBBON REEL POLKADOTS,16.5,10,0.008135172046562767,2011.73,1053,0.27,0.8531434595175608
84880,2027.74,314,76,WHITE WIRE EGG HOLDER,55.1,9,0.02717310897846864,1972.64,1054,0.27025641025641023,0.8533408826669313
22788,2025.96,220,60,BROCANTE COAT RACK,56.8,6,0.028036091531915733,1969.16,1055,0.2705128205128205,0.8535381325134099
22602,2025.57,2217,273,RETROSPOT WOODEN HEART DECORATION,34,40,0.01678539867790301,1991.57,1056,0.27076923076923076,0.8537353443890303
22115,2020.91,1549,228,METAL SIGN EMPIRE TEA,0,0,0,2020.91,1057,0.27102564102564103,0.8539321025615744
23268,2019.59,1448,89,SET OF 2 CERAMIC CHRISTMAS REINDEER,17.4,12,0.008615610099079516,2002.1899999999998,1058,0.2712820512820513,0.8541287322173672
51014A,2018.78,3890,239,"FEATHER PEN,HOT PINK",61.199999999999996,72,0.03031533896709894,1957.58,1059,0.27153846153846156,0.8543252830106082
22897,2016,1352,211,OVEN MITT APPLES DESIGN,60.9,42,0.030208333333333334,1955.1,1060,0.2717948717948718,0.854521563139782
22959,2014.42,4901,142,WRAP CHRISTMAS VILLAGE,126,300,0.0625490215545914,1888.42,1061,0.27205128205128204,0.8547176894382991
23289,2013.7,1622,191,DOLLY GIRL CHILDRENS BOWL,15,12,0.007448974524507126,1998.7,1062,0.2723076923076923,0.8549137456367699
22859,2012.9699999999998,1209,158,EASTER TIN BUNNY BOUQUET,52.79999999999999,32,0.026229899104308556,1960.1699999999998,1063,0.2725641025641026,0.855109730761583
21622,2012.3400000000001,386,104,VINTAGE UNION JACK CUSHION COVER,89.10000000000001,18,0.044276812069531,1923.2400000000002,1064,0.27282051282051284,0.8553056545488558
23358,2012.13,595,89,HOT STUFF HOT WATER BOTTLE,125.94,38,0.06259038928896243,1886.19,1065,0.27307692307692305,0.8555015578902815
23529,2011.99,637,37,WALL ART DOLLY GIRL,0,0,0,2011.99,1066,0.2733333333333333,0.8556974476011429
22364,2010.17,619,164,GLASS JAR DIGESTIVE BISCUITS,182.45000000000002,67,0.09076346776640783,1827.72,1067,0.2735897435897436,0.8558931601146654
22503,2010.12,99,34,CABIN BAG VINTAGE PAISLEY,461.84999999999997,19,0.22976240224464212,1548.27,1068,0.27384615384615385,0.8560888677601293
23274,2009.9499999999998,1183,119,STAR T-LIGHT HOLDER WILLIE WINKIE,4.949999999999999,3,0.0024627478295479984,2004.9999999999998,1069,0.2741025641025641,0.8562845588541932
85049G,2007.94,1615,258,CHOCOLATE BOX RIBBONS,17.5,14,0.008715399862545693,1990.44,1070,0.2743589743589744,0.856480054252295
21591,2001.14,1378,146,COSY HOUR CIGAR BOX MATCHES,67.5,54,0.033730773459128296,1933.64,1071,0.2746153846153846,0.8566748875944057
22932,2000.88,884,72,BAKING MOULD TOFFEE CUP CHOCOLATE,262.8,120,0.13134220942785174,1738.0800000000002,1072,0.27487179487179486,0.8568696956226108
22186,1997.48,848,149,RED STAR CARD HOLDER,132.14999999999998,53,0.06615835953301158,1865.33,1073,0.27512820512820513,0.8570641726228201
22928,1993.75,288,115,YELLOW GIANT GARDEN THERMOMETER,35.7,6,0.017905956112852665,1958.05,1074,0.2753846153846154,0.8572582864658461
23357,1993.6000000000001,453,102,HOT WATER BOTTLE SEX BOMB,0,0,0,1993.6000000000001,1075,0.27564102564102566,0.857452385704696
72802B,1993.48,1028,82,OCEAN SCENT CANDLE IN JEWELLED BOX,662.24,454,0.3322029817204085,1331.24,1076,0.27589743589743587,0.8576464732602045
22579,1988.8899999999999,5170,338,WOODEN TREE CHRISTMAS SCANDINAVIAN,81.6,96,0.04102791004027372,1907.29,1077,0.27615384615384614,0.8578401139279191
37446,1986.24,1361,183,MINI CAKE STAND WITH HANGING CAKES,88.85,69,0.04473276139842113,1897.39,1078,0.2764102564102564,0.8580334965885195
23075,1981.0500000000002,477,80,PARLOUR CERAMIC WALL HOOK,141.10000000000002,34,0.07122485550591859,1839.9500000000003,1079,0.27666666666666667,0.8582263739446208
22477,1980.3999999999999,1374,127,WATERING CAN GARDEN MARKER,1.25,1,6.311856190668552e-4,1979.1499999999999,1080,0.27692307692307694,0.8584191880159578
15039,1979.49,2091,145,SANDALWOOD FAN,22.1,26,0.011164491864065998,1957.39,1081,0.2771794871794872,0.8586119134886256
23145,1979.4799999999998,2084,169,ZINC T-LIGHT HOLDER STAR LARGE,10.45,11,0.005279164224947967,1969.0299999999997,1082,0.2774358974358974,0.8588046379876818
23068,1976.89,813,136,ALUMINIUM STAMPED HEART,0,0,0,1976.89,1083,0.2776923076923077,0.8589971103212942
21916,1973.91,4600,359,SET 12 RETRO WHITE CHALK STICKS,10.08,24,0.00510661580315212,1963.8300000000002,1084,0.27794871794871795,0.8591892925186045
22931,1968.4,815,129,BAKING MOULD HEART WHITE CHOCOLATE,0,0,0,1968.4,1085,0.2782051282051282,0.8593809382558394
20992,1965.81,4451,277,JAZZ HEARTS PURSE NOTEBOOK,0,0,0,1965.81,1086,0.2784615384615385,0.8595723318276308
23374,1962.83,2456,131,RED SPOT PAPER GIFT BAG,13.12,16,0.006684226346652537,1949.71,1087,0.2787179487179487,0.85976343526312
22312,1962.2900000000002,649,131,OFFICE MUG WARMER POLKADOT,76.70000000000002,26,0.039086985104138536,1885.5900000000001,1088,0.27897435897435896,0.8599544861235748
84031A,1961.16,431,165,CHARLIE+LOLA RED HOT WATER BOTTLE,39,20,0.019886189806033162,1922.16,1089,0.2792307692307692,0.8601454269659013
23228,1960,1492,125,FILIGREE HEART BIRD WHITE,149.76,144,0.07640816326530611,1810.24,1090,0.2794871794871795,0.8603362548692648
23235,1957.69,739,105,STORAGE TIN VINTAGE LEAF,40.46,14,0.020667214931884007,1917.23,1091,0.27974358974358976,0.8605268578683137
85123a,1952.4799999999998,292,67,WHITE HANGING HEART T-LIGHT HOLDER,0,0,0,1952.4799999999998,1092,0.28,0.8607169536156397
84596F,1952,3748,435,SMALL MARSHMALLOWS PINK BOWL,6.72,16,0.003442622950819672,1945.28,1093,0.28025641025641024,0.8609070026296016
22291,1946.62,1317,120,HANGING CHICK CREAM DECORATION,34.8,24,0.01787714089036381,1911.82,1094,0.2805128205128205,0.8610965278404412
22824,1938.2500000000002,55,43,3 TIER SWEETHEART GARDEN SHELF,35.95,1,0.018547658970721012,1902.3000000000002,1095,0.28076923076923077,0.8612852381382444
22412,1938.15,914,147,METAL SIGN NEIGHBOURHOOD WITCH,4.2,2,0.0021670149369243867,1933.95,1096,0.28102564102564104,0.8614739386999302
22639,1937.71,806,148,SET OF 4 NAPKIN CHARMS HEARTS,0,0,0,1937.71,1097,0.2812820512820513,0.8616625964226987
22199,1927.84,468,167,FRYING PAN RED RETROSPOT,34,8,0.017636318366669432,1893.84,1098,0.2815384615384615,0.8618502931906682
21192,1924.9399999999998,1093,88,WHITE BELL HONEYCOMB PAPER,0,0,0,1924.9399999999998,1099,0.2817948717948718,0.8620377076112298
23094,1924.92,152,79,LE GRAND TRAY CHIC SET,25,2,0.01298755272946408,1899.92,1100,0.28205128205128205,0.8622251200845678
22183,1916.01,322,129,CAKE STAND VICTORIAN FILIGREE MED,8.95,2,0.0046711655993444704,1907.06,1101,0.2823076923076923,0.8624116650698348
23155,1914.7299999999998,2233,135,KNICKERBOCKERGLORY MAGNET ASSORTED,129.71,169,0.06774323272732971,1785.0199999999998,1102,0.2825641025641026,0.8625980854327977
20963,1913.67,1338,229,APPLE BATH SPONGE,0,0,0,1913.67,1103,0.28282051282051285,0.8627844025929148
21534,1908.88,376,155,DAIRY MAID LARGE MILK JUG,64.35000000000001,13,0.0337108671053183,1844.5300000000002,1104,0.28307692307692306,0.8629702533930027
22594,1905.7699999999998,2006,196,CHRISTMAS GINGHAM TREE,0.85,1,4.460139471184876e-4,1904.9199999999998,1105,0.2833333333333333,0.8631558013998358
84968F,1905.6799999999998,177,65,SET OF 16 VINTAGE SKY BLUE CUTLERY,0,0,0,1905.6799999999998,1106,0.2835897435897436,0.8633413406441633
23491,1897.76,228,78,VINTAGE JINGLE BELLS HEART,8.25,1,0.004347230419020319,1889.51,1107,0.28384615384615386,0.8635261087879833
85061W,1897.4499999999998,2164,162,WHITE JEWELLED HEART DECORATION,5.95,7,0.0031357875042820633,1891.4999999999998,1108,0.2841025641025641,0.8637108467498388
16169E,1892.46,4563,149,WRAP 50'S  CHRISTMAS,52.5,125,0.027741669572936813,1839.96,1109,0.28435897435897434,0.8638950988794304
23434,1892.07,2105,199,3 RAFFIA RIBBONS 50'S CHRISTMAS,7.9,10,0.004175321209046177,1884.1699999999998,1110,0.2846153846153846,0.8640793130381633
21068,1890.3300000000002,1638,198,VINTAGE BILLBOARD LOVE/HATE MUG,45.660000000000004,42,0.024154512704131024,1844.67,1111,0.28487179487179487,0.8642633577884516
23394,1888.8999999999999,438,150,POSTE FRANCE CUSHION COVER,0,0,0,1888.8999999999999,1112,0.28512820512820514,0.8644472633122595
35004C,1888.1000000000001,394,39,SET OF 3 COLOURED  FLYING DUCKS,170.6,36,0.09035538371908267,1717.5000000000002,1113,0.2853846153846154,0.8646310909471271
15058B,1885.27,228,97,PINK POLKADOT GARDEN PARASOL,37.35,5,0.019811485887963,1847.92,1114,0.2856410256410256,0.8648146430498691
20982,1884.9199999999998,2156,256,12 PENCILS TALL TUBE SKULLS,3.4,4,0.001803790081276659,1881.5199999999998,1115,0.2858974358974359,0.8649981610761996
22027,1883.79,4392,362,TEA PARTY BIRTHDAY CARD,61.919999999999995,168,0.032869905881228796,1821.87,1116,0.28615384615384615,0.8651815690844021
23359,1872.31,993,79,SET OF 12 T-LIGHTS VINTAGE DOILY,0,0,0,1872.31,1117,0.2864102564102564,0.8653638593863137
22534,1871.12,4496,261,MAGIC DRAWING SLATE SPACEBOY,0.84,2,4.489289837102912e-4,1870.28,1118,0.2866666666666667,0.8655460338284265
22198,1870.9099999999999,1025,86,LARGE POPCORN HOLDER,69.35,43,0.03706752329080501,1801.56,1119,0.28692307692307695,0.8657281878246927
23090,1870.86,2238,149,VINTAGE GLASS T-LIGHT HOLDER,7.47,9,0.003992816138032777,1863.3899999999999,1120,0.28717948717948716,0.8659103369529003
23525,1867.5700000000002,583,53,WALL ART BUFFALO BILL,22.5,6,0.012047741182392092,1845.0700000000002,1121,0.2874358974358974,0.8660921657628413
22858,1865.7299999999998,1129,136,EASTER TIN KEEPSAKE,16.499999999999996,10,0.008843723368333037,1849.2299999999998,1122,0.2876923076923077,0.8662738154282201
70006,1865.6299999999999,2703,120,LOVE HEART POCKET WARMER,0,0,0,1865.6299999999999,1123,0.28794871794871796,0.8664554553574814
21988,1862.75,2321,193,PACK OF 6 SKULL PAPER PLATES,0,0,0,1862.75,1124,0.2882051282051282,0.8666368148865581
21870,1861.46,1415,163,I CAN ONLY PLEASE ONE PERSON MUG,32.5,26,0.01745941357858885,1828.96,1125,0.28846153846153844,0.8668180488197187
22220,1859.2,232,86,CAKE STAND LOVEBIRD 2 TIER WHITE,201.5,22,0.10837994836488812,1657.7,1126,0.2887179487179487,0.8669990627166235
22428,1854.76,246,114,ENAMEL FIRE BUCKET CREAM,20.85,3,0.011241346589316139,1833.91,1127,0.28897435897435897,0.8671796443299105
72807A,1849.82,394,107,SET/3 ROSE CANDLE IN JEWELLED BOX,38.25,9,0.020677687558789504,1811.57,1128,0.28923076923076924,0.867359744978992
22944,1843.64,3375,111,CHRISTMAS METAL POSTCARD WITH BELLS,5.93,13,0.0032164630838992423,1837.71,1129,0.2894871794871795,0.8675392439360109
21557,1843.6100000000001,551,162,SET OF 6 FUNKY BEAKERS,0,0,0,1843.6100000000001,1130,0.28974358974358977,0.8677187399721946
23378,1842.42,4003,176,PACK OF 12 50'S CHRISTMAS TISSUES,0,0,0,1842.42,1131,0.29,0.8678981201485798
22712,1842.36,4483,312,CARD DOLLY GIRL,10.5,25,0.005699211880414252,1831.86,1132,0.29025641025641025,0.8680774944832944
21034,1842.05,1939,871,REX CASH+CARRY JUMBO SHOPPER,19.95,21,0.010830324909747292,1822.1,1133,0.2905128205128205,0.8682568386360449
21873,1838.05,1621,116,IF YOU CAN'T STAND THE HEAT MUG,100.07000000000001,91,0.0544435679116455,1737.98,1134,0.2907692307692308,0.8684357933440943
22651,1837.4699999999998,2166,170,GENTLEMAN SHIRT REPAIR KIT,0,0,0,1837.4699999999998,1135,0.29102564102564105,0.8686146915826624
21713,1836.64,795,157,CITRONELLA CANDLE FLOWERPOT,32.35,16,0.01761368586113773,1804.2900000000002,1136,0.29128205128205126,0.8687935090114549
21564,1831.6200000000001,1042,123,PINK  HEART SHAPE LOVE BUCKET,8.05,3,0.004395016433539708,1823.5700000000002,1137,0.2915384615384615,0.8689718376871481
22452,1831.1100000000001,746,144,MEASURING TAPE BABUSHKA PINK,2.95,1,0.0016110446668960356,1828.16,1138,0.2917948717948718,0.869150116708642
72807B,1830.71,397,110,SET/3 OCEAN SCENT CANDLE JEWEL BOX,12.75,3,0.0069645110367016075,1817.96,1139,0.29205128205128206,0.8693283567856658
15044D,1822.71,645,84,RED PAPER PARASOL,5.5,2,0.0030174849537227535,1817.21,1140,0.2923076923076923,0.8695058179732879
22223,1821.6100000000001,441,78,CAKE PLATE LOVEBIRD PINK,0,0,0,1821.6100000000001,1141,0.2925641025641026,0.8696831720636176
23148,1820.4599999999998,2144,247,MINIATURE ANTIQUE ROSE HOOK IVORY,10.79,13,0.0059270733770585456,1809.6699999999998,1142,0.2928205128205128,0.8698604141885956
22200,1809.48,398,140,FRYING PAN PINK POLKADOT,15,4,0.008289674381590291,1794.48,1143,0.29307692307692307,0.8700365872878703
23160,1809.48,1462,76,REGENCY TEA SPOON,7.5,6,0.0041448371907951455,1801.98,1144,0.29333333333333333,0.8702127603871448
21114,1809.33,1366,138,LAVENDER SCENTED FABRIC HEART,12.5,10,0.006908634687978423,1796.83,1145,0.2935897435897436,0.8703889188822431
15060B,1807.55,451,131,FAIRY CAKE DESIGN UMBRELLA,3.75,1,0.0020746314071533292,1803.8,1146,0.29384615384615387,0.8705649040744494
22536,1805.21,4755,156,MAGIC DRAWING SLATE PURDEY,47.81999999999999,131,0.02648999285401698,1757.39,1147,0.2941025641025641,0.8707406614415061
85034C,1805,1133,158,3 ROSE MORRIS BOXED CANDLES,73,20,0.04044321329639889,1732,1148,0.29435897435897435,0.8709163983627158
21832,1799.9999999999998,960,198,CHOCOLATE CALCULATOR,41.25,25,0.02291666666666667,1758.7499999999998,1149,0.2946153846153846,0.8710916484780495
21245,1792.27,1078,128,GREEN POLKADOT PLATE,0,0,0,1792.27,1150,0.2948717948717949,0.8712661459914992
23317,1787.4099999999999,174,82,BLUE REFECTORY CLOCK,0,0,0,1787.4099999999999,1151,0.29512820512820515,0.8714401703296374
23057,1783.52,776,45,BEADED CHANDELIER T-LIGHT HOLDER,636.15,433,0.35668229119942585,1147.37,1152,0.2953846153846154,0.8716138159328041
21055,1782.54,180,105,TOOL BOX SOFT TOY,53.699999999999996,6,0.03012555117977717,1728.84,1153,0.2956410256410256,0.8717873661220192
22832,1781.82,162,76,BROCANTE SHELF WITH HOOKS,75.25,7,0.04223209976316351,1706.57,1154,0.2958974358974359,0.8719608462111881
85035C,1779.41,1152,130,ROSE 3 WICK MORRIS BOX CANDLE,0,0,0,1779.41,1155,0.29615384615384616,0.8721340916599248
22710,1774.42,4501,104,WRAP I LOVE LONDON,21,50,0.011834853078752493,1753.42,1156,0.2964102564102564,0.8723068512763974
22562,1773.3700000000001,1421,211,MONSTERS STENCIL CRAFT,0,0,0,1773.3700000000001,1157,0.2966666666666667,0.8724795086636361
21439,1767.15,1430,130,BASKET OF TOADSTOOLS,432.48,408,0.24473304473304472,1334.67,1158,0.2969230769230769,0.8726515604643651
22119,1766.57,351,106,PEACE WOODEN BLOCK LETTERS,6.95,1,0.003934177530468649,1759.62,1159,0.29717948717948717,0.8728235557956123
21056,1765.3999999999999,184,72,DOCTOR'S BAG SOFT TOY,17.9,2,0.010139345190891583,1747.4999999999998,1160,0.29743589743589743,0.8729954372142847
22314,1762.0700000000002,571,133,OFFICE MUG WARMER CHOC+BLUE,5.9,2,0.003348334629157752,1756.17,1161,0.2976923076923077,0.8731669944202437
21899,1761.22,2684,278,GARAGE KEY FOB,27.950000000000003,43,0.01586968124368336,1733.27,1162,0.29794871794871797,0.873338468869204
23096,1759.7899999999997,1047,146,PETIT TRAY CHIC,0,0,0,1759.7899999999997,1163,0.2982051282051282,0.8735098040916834
22852,1757.8799999999999,390,125,DOG BOWL VINTAGE CREAM,21.25,5,0.012088424693380664,1736.6299999999999,1164,0.29846153846153844,0.8736809533543185
21584,1754.8999999999999,1066,146,RETROSPOT SMALL TUBE MATCHES,1.65,1,9.402245142173343e-4,1753.2499999999998,1165,0.2987179487179487,0.8738518124806515
23372,1752.79,1391,147,SET 36 COLOUR PENCILS DOLLY GIRL,20,16,0.011410380022706657,1732.79,1166,0.298974358974359,0.8740224661749048
23399,1752.35,1922,225,HOME SWEET HOME HANGING HEART,0,0,0,1752.35,1167,0.29923076923076924,0.8741930770302409
21812,1751.22,394,100,GARLAND WITH HEARTS AND BELLS,69.30000000000001,14,0.0395724123753726,1681.92,1168,0.2994871794871795,0.8743635778674492
20961,1749.18,1235,228,STRAWBERRY BATH SPONGE,62.5,50,0.03573102825323866,1686.68,1169,0.2997435897435897,0.87453388008786
23101,1744.61,2037,213,SILVER STARS TABLE DECORATION,0,0,0,1744.61,1170,0.3,0.8747037373677002
20981,1742.27,1976,249,12 PENCILS TALL TUBE WOODLAND,16.15,19,0.009269516205869353,1726.12,1171,0.30025641025641026,0.8748733668223908
23244,1733.9799999999998,936,112,ROUND STORAGE TIN VINTAGE LEAF,16.95,9,0.009775199252586535,1717.0299999999997,1172,0.3005128205128205,0.8750421891529387
23181,1733.57,201,82,BULL DOG BOTTLE TOP WALL CLOCK,33,4,0.01903586241109387,1700.57,1173,0.3007692307692308,0.875210971565405
21329,1728.6399999999999,944,287,DINOSAURS  WRITING SET,0,0,0,1728.6399999999999,1174,0.301025641025641,0.8753792739872776
23122,1727.75,2253,133,PARTY CHARMS 50 PIECES,2.4899999999999998,3,0.0014411807263782375,1725.26,1175,0.30128205128205127,0.8755474897577042
47570B,1727.23,185,31,TEA TIME TABLE CLOTH,0,0,0,1727.23,1176,0.30153846153846153,0.8757156549003199
21586,1721.8500000000001,743,67,KINGS CHOICE GIANT TUBE MATCHES,33.15,13,0.019252548131370326,1688.7,1177,0.3017948717948718,0.8758832962398129
21845,1721.0900000000001,1907,82,DAIRY MAID STRIPE MUG,75.64,52,0.04394889285278515,1645.45,1178,0.30205128205128207,0.8760508635848128
22526,1720.26,125,79,WHEELBARROW FOR CHILDREN,76.5,6,0.044470021973422626,1643.76,1179,0.30230769230769233,0.8762183501200372
85015,1719.8400000000001,2182,143,SET OF 12  VINTAGE POSTCARD SET,0,0,0,1719.8400000000001,1180,0.30256410256410254,0.8763857957635682
23073,1719,144,61,GEORGIAN TRINKET BOX,12.5,1,0.007271669575334497,1706.5,1181,0.3028205128205128,0.8765531596237119
22544,1716.1799999999998,4521,175,MINI JIGSAW SPACEBOY,18.06,43,0.010523371674299899,1698.12,1182,0.3030769230769231,0.8767202489253417
22037,1715.48,3977,354,ROBOT BIRTHDAY CARD,0,0,0,1715.48,1183,0.30333333333333334,0.8768872700741489
22986,1712.1,4105,155,WRAP GINGHAM ROSE,10.5,25,0.0061328193446644474,1701.6,1184,0.3035897435897436,0.8770539621421839
22227,1708.0700000000002,2341,289,HANGING HEART MIRROR DECORATION,1.3,2,7.610929294466854e-4,1706.7700000000002,1185,0.3038461538461538,0.8772202618446829
22934,1707.47,589,78,BAKING MOULD EASTER EGG WHITE CHOC,8.850000000000001,3,0.005183107170257751,1698.6200000000001,1186,0.3041025641025641,0.8773865031304768
22816,1706.8799999999999,4023,266,CARD MOTORBIKE SANTA,0,0,0,1706.8799999999999,1187,0.30435897435897435,0.8775526869731773
23214,1705.44,794,103,JINGLE BELL HEART ANTIQUE GOLD,0,0,0,1705.44,1188,0.3046153846153846,0.8777187306157856
21917,1704.03,4156,225,SET 12 KIDS  WHITE CHALK STICKS,5.46,13,0.003204168940687664,1698.57,1189,0.3048717948717949,0.8778846369791369
22674,1697.72,1350,187,FRENCH TOILET SIGN BLUE METAL,16.25,13,0.009571660815682208,1681.47,1190,0.30512820512820515,0.8780499289934728
37340,1695.86,2544,135,MULTICOLOUR SPRING FLOWER MUG,1.17,3,6.899154411331124e-4,1694.6899999999998,1191,0.30538461538461537,0.8782150399160227
51008,1690.55,519,22,AFGHAN SLIPPER SOCK PAIR,6.9,2,0.004081511933985981,1683.6499999999999,1192,0.30564102564102563,0.8783796338507324
21544,1690.23,1975,174,SKULLS  WATER TRANSFER TATTOOS,0,0,0,1690.23,1193,0.3058974358974359,0.8785441966298662
22789,1688.22,860,138,T-LIGHT HOLDER SWEETHEART HANGING,1.95,1,0.0011550627287912711,1686.27,1194,0.30615384615384617,0.8787085637130377
16161U,1687.5,4075,134,WRAP SUKI AND FRIENDS,10.5,25,0.006222222222222222,1677,1195,0.30641025641025643,0.8788728606961632
21207,1686.4999999999998,1068,132,SKULL AND CROSSBONES  GARLAND,0,0,0,1686.4999999999998,1196,0.30666666666666664,0.8790370603181135
23368,1681.5,2382,232,SET 12 COLOUR PENCILS DOLLY GIRL,3.9000000000000004,6,0.0023193577163247102,1677.6,1197,0.3069230769230769,0.8792007731341878
22332,1679.6499999999999,1033,148,SKULLS PARTY BAG + STICKER SET,39.599999999999994,24,0.023576340308992944,1640.05,1198,0.3071794871794872,0.879364305832088
22419,1676.8799999999999,3347,272,LIPSTICK PEN RED,2.52,6,0.0015027908973808503,1674.36,1199,0.30743589743589744,0.8795275688395329
22913,1673.15,352,112,RED COAT RACK PARIS FASHION,19.8,4,0.011833965872754983,1653.3500000000001,1200,0.3076923076923077,0.8796904686897945
22335,1672.7900000000002,2386,225,HEART DECORATION PAINTED ZINC,0,0,0,1672.7900000000002,1201,0.307948717948718,0.879853333490033
23366,1670.5500000000002,2253,195,SET 12 COLOURING PENCILS DOILY,0,0,0,1670.5500000000002,1202,0.3082051282051282,0.880015980201239
22076,1669.5299999999997,1260,225,6 RIBBONS EMPIRE,0,0,0,1669.5299999999997,1203,0.30846153846153845,0.8801785276040462
15058A,1668.49,200,89,BLUE POLKADOT GARDEN PARASOL,37.35,5,0.02238551025178455,1631.14,1204,0.3087179487179487,0.8803409737512314
21577,1664.8999999999999,720,175,SAVE THE PLANET COTTON TOTE BAG,15.75,7,0.009460027629287045,1649.1499999999999,1205,0.308974358974359,0.8805030703717978
21578,1664.51,749,127,WOODLAND DESIGN  COTTON TOTE BAG,4.5,2,0.0027034983268349245,1660.01,1206,0.30923076923076925,0.8806651290215056
84968D,1661.47,157,55,SET OF 16 VINTAGE RED CUTLERY,12.75,1,0.007673927305338044,1648.72,1207,0.30948717948717946,0.8808268916932411
23505,1660.04,1207,115,PLAYING CARDS I LOVE LONDON,0,0,0,1660.04,1208,0.30974358974358973,0.8809885151384959
23270,1659.37,1183,125,SET OF 2 CERAMIC PAINTED HEARTS,8.7,6,0.0052429536510844475,1650.6699999999998,1209,0.31,0.8811500733517634
22479,1658.57,1139,98,DAISY GARDEN MARKER,0,0,0,1658.57,1210,0.31025641025641026,0.8813115536760908
22853,1655.96,472,116,CAT BOWL VINTAGE CREAM,19.5,6,0.01177564675475253,1636.46,1211,0.31051282051282053,0.8814727798877507
21981,1655.36,5482,271,PACK OF 12 WOODLAND TISSUES,2.73,7,0.0016491880920162382,1652.6299999999999,1212,0.31076923076923074,0.8816339476827059
21111,1652.27,901,94,"SWISS ROLL TOWEL, CHOCOLATE  SPOTS",0,0,0,1652.27,1213,0.311025641025641,0.8817948146316295
23483,1651.36,1340,73,HANGING  BUTTERFLY T-LIGHT HOLDER,26.240000000000002,22,0.015889933146012985,1625.12,1214,0.3112820512820513,0.8819555929818836
47566b,1651.1499999999999,199,102,TEA TIME PARTY BUNTING,0,0,0,1651.1499999999999,1215,0.31153846153846154,0.8821163508862911
23273,1649.0499999999997,969,112,HEART T-LIGHT HOLDER WILLIE WINKIE,6.6,4,0.004002304357054062,1642.4499999999998,1216,0.3117948717948718,0.8822769043322306
22161,1647.16,5088,340,HEART DECORATION RUSTIC HANGING,4.5600000000000005,24,0.0027684013696301513,1642.6000000000001,1217,0.3120512820512821,0.8824372737655491
23348,1642.13,750,168,CHILDRENS TOY COOKING UTENSIL SET,47.260000000000005,23,0.028779694664856012,1594.8700000000001,1218,0.3123076923076923,0.8825971534721565
22284,1641.62,954,131,HEN HOUSE DECORATION,21.449999999999996,13,0.013066361277274886,1620.1699999999998,1219,0.31256410256410255,0.8827569835245643
22375,1639.29,349,167,AIRLINE BAG VINTAGE JET SET BROWN,0,0,0,1639.29,1220,0.3128205128205128,0.8829165867254342
22154,1638.35,3749,162,ANGEL DECORATION 3 BUTTONS,2.94,7,0.001794488357188635,1635.4099999999999,1221,0.3130769230769231,0.8830760984067992
84510A,1636.57,1201,239,SET OF 4 ENGLISH ROSE COASTERS,1.25,1,7.637925661597121e-4,1635.32,1222,0.31333333333333335,0.8832354367852725
22474,1636.27,303,132,SPACEBOY TV DINNER TRAY,136,32,0.08311586718573341,1500.27,1223,0.31358974358974356,0.8833947459553931
35953,1634.9199999999998,3582,131,FOLKART STAR CHRISTMAS DECORATIONS,30,24,0.01834952168913464,1604.9199999999998,1224,0.31384615384615383,0.8835539236879273
85034B,1633.78,949,120,3 WHITE CHOC MORRIS BOXED CANDLES,0,0,0,1633.78,1225,0.3141025641025641,0.8837129904287219
23391,1632.3200000000002,390,87,I LOVE LONDON MINI BACKPACK,0,0,0,1632.3200000000002,1226,0.31435897435897436,0.8838719150222004
22799,1631.58,208,89,SWEETHEART WIRE FRUIT BOWL,0,0,0,1631.58,1227,0.31461538461538463,0.8840307675684096
22445,1624.7600000000002,537,130,PENCIL CASE LIFE IS BEAUTIFUL,0,0,0,1624.7600000000002,1228,0.3148717948717949,0.8841889561114038
22975,1624.63,1204,186,SPACEBOY CHILDRENS EGG CUP,1.25,1,7.694059570486818e-4,1623.38,1229,0.3151282051282051,0.8843471319974454
22473,1623.04,503,112,TV DINNER TRAY VINTAGE PAISLEY,0,0,0,1623.04,1230,0.3153846153846154,0.8845051530792185
37495,1622.24,440,92,FAIRY CAKE BIRTHDAY CANDLE SET,183.75,49,0.11326930663773548,1438.49,1231,0.31564102564102564,0.8846630962720512
21706,1621.76,347,120,FOLDING UMBRELLA RED/WHITE POLKADOT,0,0,0,1621.76,1232,0.3158974358974359,0.8848209927315202
23280,1614.99,2024,157,FOLDING BUTTERFLY MIRROR HOT PINK,1.66,2,0.0010278701416107838,1613.33,1233,0.3161538461538462,0.8849782300558326
22166,1614.4,207,87,WALL MIRROR RECTANGLE DIAMANTE PINK,23.85,3,0.014773290386521308,1590.5500000000002,1234,0.3164102564102564,0.8851354099370521
23217,1613.82,1309,97,LAUREL HEART ANTIQUE SILVER,0,0,0,1613.82,1235,0.31666666666666665,0.8852925333487899
23287,1613.59,1891,198,RED VINTAGE SPOT BEAKER,43.349999999999994,51,0.026865560644277666,1570.24,1236,0.3169230769230769,0.8854496343674574
21206,1610.9199999999998,1290,109,STRAWBERRY HONEYCOMB  GARLAND,3.3,2,0.0020485188587887667,1607.62,1237,0.3171794871794872,0.8856064754317872
85040A,1610.62,890,164,S/4 PINK FLOWER CANDLES IN BOWL,28.049999999999997,17,0.017415653599235078,1582.57,1238,0.31743589743589745,0.8857632872877644
22095,1610.41,1650,143,LADS ONLY TISSUE BOX,11.06,9,0.00686781627039077,1599.3500000000001,1239,0.3176923076923077,0.8859200786978948
22671,1610.35,963,144,FRENCH LAUNDRY SIGN BLUE METAL,1.45,1,9.004253733660384e-4,1608.8999999999999,1240,0.31794871794871793,0.8860768642663547
22292,1608.86,1139,112,HANGING CHICK  YELLOW DECORATION,0,0,0,1608.86,1241,0.3182051282051282,0.8862335047666635
23462,1607.04,80,46,ROCOCO WALL MIRROR WHITE,350.09999999999997,18,0.21785394265232974,1256.94,1242,0.31846153846153846,0.8863899680696335
22475,1605.67,316,138,SKULL DESIGN TV DINNER TRAY,0,0,0,1605.67,1243,0.31871794871794873,0.8865462979877936
22948,1604.99,1601,136,METAL DECORATION NAUGHTY CHILDREN,10.2,12,0.006355179783051607,1594.79,1244,0.318974358974359,0.8867025617003543
22305,1604.58,693,51,COFFEE MUG PINK PAISLEY DESIGN,2.55,1,0.0015892009123882884,1602.03,1245,0.3192307692307692,0.8868587854948334
21394,1603.77,3865,131,RED POLKADOT BEAKER,8.58,22,0.005349894311528461,1595.19,1246,0.3194871794871795,0.8870149304267607
18097C,1601.21,699,69,WHITE TALL PORCELAIN T-LIGHT HOLDER,571.8000000000001,292,0.35710493938958665,1029.4099999999999,1247,0.31974358974358974,0.8871708261140793
23226,1596.67,1247,98,FILIGREE HEART DAISY WHITE,60,48,0.03757820964883163,1536.67,1248,0.32,0.8873262797816627
22398,1589.51,2576,248,MAGNETS PACK OF 4 SWALLOWS,105,84,0.06605809337468779,1484.51,1249,0.3202564102564103,0.8874810363432316
22449,1587.3000000000002,492,143,SILK PURSE BABUSHKA PINK,20.1,6,0.012663012663012662,1567.2000000000003,1250,0.32051282051282054,0.8876355777366036
21626,1586.75,795,99,VINTAGE UNION JACK PENNANT,42.9,22,0.02703639514731369,1543.85,1251,0.32076923076923075,0.8877900655813291
15056n,1585.2800000000002,127,84,EDWARDIAN PARASOL NATURAL,0,0,0,1585.2800000000002,1252,0.321025641025641,0.887944410305127
21967,1583.4099999999999,5275,232,PACK OF 12 SKULL TISSUES,0,0,0,1583.4099999999999,1253,0.3212820512820513,0.8880985729635275
46000M,1582.55,1021,137,POLYESTER FILLER PAD 45x45cm,1.55,1,9.794319294809011e-4,1581,1254,0.32153846153846155,0.8882526518913172
23369,1581.06,1105,126,SET 36 COLOUR PENCILS LOVE LONDON,0,0,0,1581.06,1255,0.3217948717948718,0.888406585750956
22676,1580.89,1157,199,FRENCH BLUE METAL DOOR SIGN 1,13.75,11,0.008697632346336557,1567.14,1256,0.32205128205128203,0.8885605030591948
22434,1580.16,798,124,BALLOON PUMP WITH 10 BALLOONS,35.1,18,0.022212940461725394,1545.0600000000002,1257,0.3223076923076923,0.8887143492937758
21528,1578.42,218,111,DAIRY MAID TRADITIONAL TEAPOT,93.3,14,0.05910974265404645,1485.1200000000001,1258,0.32256410256410256,0.888868026119912
84279P,1576.96,380,126,CHERRY BLOSSOM  DECORATIVE FLASK,60,16,0.03804788961038961,1516.96,1259,0.32282051282051283,0.8890215607987325
22208,1576.4699999999998,1515,280,WOOD STAMP SET THANK YOU,11.61,13,0.00736455498677425,1564.86,1260,0.3230769230769231,0.889175047770577
22494,1573.52,1089,245,EMERGENCY FIRST AID TIN,50,40,0.031775890995983526,1523.52,1261,0.3233333333333333,0.8893282475269549
22583,1572.9499999999998,574,111,PACK OF 6 HANDBAG GIFT BOXES,5.1,2,0.0032423153946406435,1567.85,1262,0.3235897435897436,0.8894813917874629
21509,1572.28,3741,274,COWBOYS AND INDIANS BIRTHDAY CARD,0,0,0,1572.28,1263,0.32384615384615384,0.8896344708159833
85206A,1572.2299999999998,976,114,CREAM FELT EASTER EGG BASKET,0,0,0,1572.2299999999998,1264,0.3241025641025641,0.8897875449764452
22085,1566.99,548,97,PAPER CHAIN KIT SKULLS,0,0,0,1566.99,1265,0.3243589743589744,0.889940108964349
21913,1565.83,398,148,VINTAGE SEASIDE JIGSAW PUZZLES,11.25,3,0.007184687992949426,1554.58,1266,0.32461538461538464,0.8900925600132897
85132A,1565.6699999999998,547,110,CHARLIE + LOLA BISCUITS TINS,3.9,2,0.0024909463680085845,1561.7699999999998,1267,0.32487179487179485,0.8902449954844424
22313,1564.8300000000002,565,65,OFFICE MUG WARMER PINK,637.5,250,0.40739249630950325,927.3300000000002,1268,0.3251282051282051,0.8903973491722078
21744,1563.5500000000002,531,127,SNOWFLAKE PORTABLE TABLE LIGHT,0,0,0,1563.5500000000002,1269,0.3253846153846154,0.890549578237669
84971S,1561.6999999999998,1786,172,SMALL HEART FLOWERS HOOK,0.85,1,5.442786706793879e-4,1560.85,1270,0.32564102564102565,0.890701627184956
22818,1560.48,3657,244,CARD CHRISTMAS VILLAGE,40.32,96,0.025838203629652414,1520.16,1271,0.3258974358974359,0.8908535573516095
22675,1558.91,1243,164,FRENCH KITCHEN SIGN BLUE METAL,33.75,27,0.021649742448249097,1525.16,1272,0.3261538461538461,0.8910053346612179
23524,1557.63,481,63,WALL ART HORSE & PONY,22.5,6,0.014445022245334256,1535.13,1273,0.3264102564102564,0.8911569873485219
20665,1546.2700000000002,461,156,RED RETROSPOT PURSE,0,0,0,1546.2700000000002,1274,0.32666666666666666,0.8913075340128759
20985,1545.59,1183,131,HEART CALCULATOR,19.43,16,0.012571251107991123,1526.1599999999999,1275,0.3269230769230769,0.8914580144716306
22982,1545.02,1155,212,PANTRY PASTRY BRUSH,30,24,0.01941722437250003,1515.02,1276,0.3271794871794872,0.8916084394345158
22600,1544.9299999999998,1700,193,CHRISTMAS RETROSPOT STAR WOOD,23.799999999999997,28,0.01540522871586415,1521.1299999999999,1277,0.32743589743589746,0.8917588556348951
10133,1544.22,2867,196,COLOURING PENCILS BROWN TUBE,4.2,10,0.002719819714807476,1540.02,1278,0.32769230769230767,0.89190920270884
22318,1541.6200000000001,462,142,FIVE HEART HANGING DECORATION,20.650000000000002,7,0.01339500006486683,1520.97,1279,0.32794871794871794,0.8920592966437293
84828,1541.36,1103,182,JUNGLE POPSICLES ICE LOLLY MOULDS,30,24,0.019463331084237298,1511.36,1280,0.3282051282051282,0.8922093652647131
21898,1541.11,493,25,POTTING SHED ROSE CANDLE,0,0,0,1541.11,1281,0.32846153846153847,0.8923594095454033
22176,1539.8300000000002,513,115,BLUE OWL SOFT TOY,5.9,2,0.003831591799094705,1533.93,1282,0.32871794871794874,0.8925093292037891
22472,1536.91,322,107,TV DINNER TRAY DOLLY GIRL,9.9,2,0.006441496248967084,1527.01,1283,0.32897435897435895,0.8926589645675432
22731,1536.24,1172,143,3D CHRISTMAS STAMPS STICKERS,17.5,14,0.011391449252720929,1518.74,1284,0.3292307692307692,0.8928085346993101
23267,1531.95,1202,108,SET OF 4 SANTA PLACE SETTINGS,60,48,0.03916576911779105,1471.95,1285,0.3294871794871795,0.8929576871516356
21200,1531.1399999999999,1119,75,MULTICOLOUR HONEYCOMB PAPER GARLAND,0,0,0,1531.1399999999999,1286,0.32974358974358975,0.8931067607414088
23250,1531.03,1179,110,VINTAGE RED TRIM ENAMEL BOWL,141.8,121,0.09261738829415492,1389.23,1287,0.33,0.8932558236214532
22828,1530,10,7,REGENCY MIRROR WITH SHUTTERS,0,0,0,1530,1288,0.3302564102564103,0.8934047862194869
84968E,1522.53,132,44,SET OF 16 VINTAGE BLACK CUTLERY,0,0,0,1522.53,1289,0.3305128205128205,0.893553021529542
85049C,1518.19,1217,224,ROMANTIC PINKS RIBBONS,0,0,0,1518.19,1290,0.33076923076923076,0.8937008342920967
22530,1517.72,3631,233,MAGIC DRAWING SLATE DOLLY GIRL,10.08,24,0.0066415412592573065,1507.64,1291,0.331025641025641,0.8938486012948992
22770,1515.68,94,62,MIRROR CORNICE,59.8,4,0.03945423836165945,1455.88,1292,0.3312820512820513,0.8939961696809042
20668,1512.92,12979,215,DISCO BALL CHRISTMAS DECORATION,0,0,0,1512.92,1293,0.33153846153846156,0.8941434693500658
21352,1511.2600000000002,378,77,EUCALYPTUS & PINECONE  WREATH,60.75,9,0.040198245172902075,1450.5100000000002,1294,0.33179487179487177,0.8942906073996766
22591,1509.41,413,86,CARDHOLDER GINGHAM CHRISTMAS TREE,156.04999999999998,59,0.10338476623316394,1353.3600000000001,1295,0.33205128205128204,0.8944375653311132
22471,1506.97,420,105,TV DINNER TRAY AIR HOSTESS,1.95,1,0.0012939872724739045,1505.02,1296,0.3323076923076923,0.8945842857012825
21361,1505.96,106,69,LOVE LARGE WOOD LETTERS,51,4,0.03386544131318229,1454.96,1297,0.33256410256410257,0.8947309077366646
22905,1505.24,582,110,CALENDAR IN SEASON DESIGN,0,0,0,1505.24,1298,0.33282051282051284,0.8948774596720008
23528,1504.49,479,50,WALL ART SPACEBOY,0,0,0,1504.49,1299,0.3330769230769231,0.8950239385864556
22985,1500.44,3782,99,WRAP BILLBOARD FONTS DESIGN,0,0,0,1500.44,1300,0.3333333333333333,0.895170023188151
23271,1499.3799999999999,1734,104,CHRISTMAS TABLE SILVER CANDLE SPIKE,0,0,0,1499.3799999999999,1301,0.3335897435897436,0.8953160045870004
21792,1497.72,344,76,CLASSIC FRENCH STYLE BASKET GREEN,57.95,9,0.03869214539433272,1439.77,1302,0.33384615384615385,0.8954618243662993
22285,1494.8999999999999,871,120,HANGING HEN ON NEST DECORATION,0,0,0,1494.8999999999999,1303,0.3341025641025641,0.895607369587084
22802,1494.69,88,49,FAUX FUR CHOCOLATE THROW,0,0,0,1494.69,1304,0.3343589743589744,0.8957528943620219
23334,1491.75,2271,130,IVORY WICKER HEART SMALL,0,0,0,1491.75,1305,0.3346153846153846,0.8958981328951048
72349B,1490.89,731,114,SET/6 PURPLE BUTTERFLY T-LIGHTS,0,0,0,1490.89,1306,0.33487179487179486,0.8960432876975769
37342,1489.01,1570,109,POLKADOT COFFEE CUP & SAUCER PINK,45.68,56,0.030678101557410627,1443.33,1307,0.3351282051282051,0.89618825946104
23559,1488.65,652,124,WOODLAND BUNNIES LOLLY MAKERS,0,0,0,1488.65,1308,0.3353846153846154,0.8963331961744796
84580,1486.18,390,165,MOUSE TOY WITH PINK T-SHIRT,0,0,0,1486.18,1309,0.33564102564102566,0.8964778924058169
23392,1485.43,667,113,SPACEBOY ROCKET LOLLY MAKERS,49.92,24,0.03360643046121325,1435.51,1310,0.33589743589743587,0.8966225156162726
35924,1484.3,820,72,HANGING FAIRY CAKE DECORATION,302.51,179,0.20380650811830492,1181.79,1311,0.33615384615384614,0.8967670288086003
21327,1484.1299999999999,864,252,SKULLS WRITING SET,0,0,0,1484.1299999999999,1312,0.3364102564102564,0.8969115254495282
21829,1483.4199999999998,6873,177,DINOSAUR KEYRINGS ASSORTED,22.68,108,0.01528899435089186,1460.7399999999998,1313,0.33666666666666667,0.8970559529640219
22203,1483.13,403,145,MILK PAN RED RETROSPOT,7.5,2,0.005056872964608631,1475.63,1314,0.33692307692307694,0.8972003522437746
21619,1481.4,978,164,4 VANILLA BOTANICAL CANDLES,0,0,0,1481.4,1315,0.3371794871794872,0.8973445830886944
21447,1478.1,969,148,12 IVORY ROSE PEG PLACE SETTINGS,1.25,1,8.456802652053312e-4,1476.85,1316,0.3374358974358974,0.8974884926417359
21470,1477.82,383,140,FLOWER VINE RAFFIA FOOD COVER,18.75,5,0.012687607421742839,1459.07,1317,0.3376923076923077,0.8976323749336484
22664,1472.85,713,162,TOY TIDY DOLLY GIRL DESIGN,25.2,12,0.017109685304002444,1447.6499999999999,1318,0.33794871794871795,0.8977757733405205
23034,1466.07,991,88,DRAWER KNOB CERAMIC BLACK,8.7,6,0.005934232335427367,1457.37,1319,0.3382051282051282,0.8979185116386245
23365,1464.38,1859,169,SET 12 COLOUR PENCILS LOVE LONDON,0,0,0,1464.38,1320,0.3384615384615385,0.8980610853963427
22713,1462.56,3501,217,CARD I LOVE LONDON,3.36,8,0.002297341647522153,1459.2,1321,0.3387179487179487,0.898203481956722
21705,1462.1699999999998,1459,141,BAG 500g SWIRLY MARBLES,31.599999999999998,20,0.02161171409617213,1430.57,1322,0.33897435897435896,0.8983458405462428
84818,1461.6,1424,99,DANISH ROSE PHOTO FRAME,101.45,95,0.06941023535851122,1360.1499999999999,1323,0.3392307692307692,0.8984881436398938
23470,1460.5,232,84,CARD HOLDER LOVE BIRD LARGE,70.7,12,0.048408079424854505,1389.8,1324,0.3394871794871795,0.8986303396362522
21872,1459.98,1296,142,GLAMOROUS  MUG,17.72,16,0.012137152563733749,1442.26,1325,0.33974358974358976,0.8987724850047994
15044A,1456.72,464,102,PINK PAPER PARASOL,2.95,1,0.002025097479268494,1453.77,1326,0.34,0.8989143129759155
22696,1456.4499999999998,731,151,WICKER WREATH LARGE,0,0,0,1456.4499999999998,1327,0.34025641025641024,0.8990561146595144
23086,1455.18,1228,47,ZINC  STAR T-LIGHT HOLDER,20,16,0.013744004178177269,1435.18,1328,0.3405128205128205,0.8991977926944208
22461,1453.5800000000002,239,53,SAVOY ART DECO CLOCK,173.45,23,0.11932607768406278,1280.13,1329,0.34076923076923077,0.8993393149514468
21620,1451.99,897,165,SET OF 4 ROSE BOTANICAL CANDLES,0,0,0,1451.99,1330,0.34102564102564104,0.8994806824042044
21191,1451.82,562,95,LARGE WHITE HONEYCOMB PAPER BELL,0,0,0,1451.82,1331,0.3412820512820513,0.8996220333055621
23249,1445.8999999999999,854,81,VINTAGE RED ENAMEL TRIM PLATE,87.71,55,0.060661179887959056,1358.1899999999998,1332,0.3415384615384615,0.8997628078287626
84031B,1440.3700000000001,304,143,CHARLIE LOLA BLUE HOT WATER BOTTLE,40.949999999999996,21,0.028430195019335306,1399.42,1333,0.3417948717948718,0.8999030439446646
85054,1436.5300000000002,589,115,FRENCH ENAMEL POT W LID,8.4,4,0.005847424000891036,1428.13,1334,0.34205128205128205,0.9000429061936537
22949,1434.9499999999998,968,105,36 DOILIES DOLLY GIRL,20.299999999999997,14,0.014146834384473327,1414.6499999999999,1335,0.3423076923076923,0.9001826146119861
23527,1432.31,421,48,WALL ART ANIMALS AND NATURE,26.25,7,0.01832703814118452,1406.06,1336,0.3425641025641026,0.9003220659968159
22182,1430.48,374,122,CAKE STAND VICTORIAN FILIGREE SMALL,14.850000000000001,3,0.010381130809238857,1415.63,1337,0.34282051282051285,0.9004613392106953
15058C,1429.82,240,72,ICE CREAM DESIGN GARDEN PARASOL,0,0,0,1429.82,1338,0.34307692307692306,0.9006005481661989
22306,1428.57,1174,111,SILVER MUG BONE CHINA TREE OF LIFE,28.7,17,0.02009002009002009,1399.87,1339,0.3433333333333333,0.9007396354202336
21507,1425.28,3332,262,"ELEPHANT, BIRTHDAY CARD,",10.08,24,0.007072294566681635,1415.2,1340,0.3435897435897436,0.9008784023560018
22922,1422.8999999999999,1587,102,FRIDGE MAGNETS US DINER ASSORTED,183.29999999999998,234,0.1288214210415349,1239.6,1341,0.34384615384615386,0.9010169375721733
22458,1421.83,523,23,CAST IRON HOOK GARDEN FORK,0,0,0,1421.83,1342,0.3441025641025641,0.9011553686118872
21407,1421.11,290,138,BROWN CHECK CAT DOORSTOP,4.25,1,0.0029906200083033687,1416.86,1343,0.34435897435897433,0.901293729551555
22976,1420.26,1091,143,CIRCUS PARADE CHILDRENS EGG CUP,46.25,37,0.0325644600284455,1374.01,1344,0.3446153846153846,0.9014320077342238
22714,1415.73,3487,225,CARD BIRTHDAY COWBOY,5.04,12,0.0035600008476192493,1410.69,1345,0.34487179487179487,0.9015698448707691
22576,1415.31,1539,173,SWALLOW WOODEN CHRISTMAS DECORATION,5.1,6,0.003603450834092884,1410.21,1346,0.34512820512820513,0.9017076411156209
51014C,1415.09,2711,174,"FEATHER PEN,COAL BLACK",80.33999999999999,206,0.056773774106240585,1334.75,1347,0.3453846153846154,0.9018454159410141
21363,1413.8400000000001,245,125,HOME SMALL WOOD LETTERS,69.30000000000001,14,0.04901544729248006,1344.5400000000002,1348,0.34564102564102567,0.9019830690649382
22531,1413.25,3384,200,MAGIC DRAWING SLATE CIRCUS PARADE,0,0,0,1413.25,1349,0.3458974358974359,0.902120664745769
82567,1412.27,713,291,"AIRLINE LOUNGE,METAL SIGN",0,0,0,1412.27,1350,0.34615384615384615,0.9022581650126482
22436,1412.16,2155,163,12 COLOURED PARTY BALLOONS,13,20,0.009205755721731249,1399.16,1351,0.3464102564102564,0.9023956545697981
84536A,1409.8999999999999,3138,341,ENGLISH ROSE NOTEBOOK A7 SIZE,13.44,32,0.00953259096389815,1396.4599999999998,1352,0.3466666666666667,0.9025329240906921
22915,1406.42,3152,184,ASSORTED BOTTLE TOP  MAGNETS,37.8,90,0.02687675089944682,1368.6200000000001,1353,0.34692307692307695,0.9026698547946964
23104,1405.42,118,46,IVORY CAFE HANGING LAMP,0,0,0,1405.42,1354,0.34717948717948716,0.9028066881375255
23119,1402.32,2283,151,PACK OF 6 LARGE FRUIT STRAWS,22.32,36,0.015916481259626906,1380,1355,0.3474358974358974,0.9029432196607116
23055,1401.43,658,38,IVORY CHANDELIER T-LIGHT HOLDER,690.72,432,0.49286799911518947,710.71,1356,0.3476923076923077,0.9030796645324517
21424,1401.02,346,70,WOODLAND STORAGE BOX LARGE,14.75,5,0.010528043853763687,1386.27,1357,0.34794871794871796,0.90321606948611
22443,1399.69,165,90,GROW YOUR OWN HERBS SET OF 3,15.9,2,0.01135965821003222,1383.79,1358,0.3482051282051282,0.9033523449494052
22047,1394.5,3425,106,EMPIRE GIFT WRAP,10.5,25,0.007529580494801004,1384,1359,0.3484615384615385,0.9034881151082014
23040,1394.03,253,41,PAPER LANTERN 9 POINT SNOW STAR,0,0,0,1394.03,1360,0.3487179487179487,0.9036238395072452
84813,1393.79,166,38,SET OF 4 DIAMOND NAPKIN RINGS,3.95,1,0.0028339993829773497,1389.84,1361,0.34897435897435897,0.9037595405396068
21537,1392.21,333,61,RED RETROSPOT PUDDING BOWL,208.75,55,0.14994145998089367,1183.46,1362,0.34923076923076923,0.9038950877413119
84795B,1390.64,176,48,SUNSET CHECK HAMMOCK,0,0,0,1390.64,1363,0.3494871794871795,0.9040304820859716
23376,1389.59,3051,155,PACK OF 12 VINTAGE CHRISTMAS TISSUE,9.36,24,0.006735799768276974,1380.23,1364,0.34974358974358977,0.9041657742013978
21519,1389.22,3299,246,GIN & TONIC DIET GREETING CARD,15.120000000000001,36,0.010883805300816287,1374.1000000000001,1365,0.35,0.9043010302931888
21382,1389.0800000000002,1148,128,SET/4 SPRING FLOWER DECORATION,6,8,0.00431940564978259,1383.0800000000002,1366,0.35025641025641024,0.9044362727544154
22677,1389.07,1001,188,FRENCH BLUE METAL DOOR SIGN 2,13.75,11,0.009898709208319235,1375.32,1367,0.3505128205128205,0.9045715142420302
22063,1388.1000000000001,590,120,CERAMIC BOWL WITH STRAWBERRY DESIGN,17.700000000000003,6,0.012751242705856928,1370.4,1368,0.3507692307692308,0.9047066612893051
22071,1388.05,730,86,SMALL WHITE RETROSPOT MUG IN BOX,180.5,286,0.13003854328014122,1207.55,1369,0.35102564102564104,0.9048418034685214
22735,1387.46,746,136,RIBBON REEL SOCKS AND MITTENS,0,0,0,1387.46,1370,0.35128205128205126,0.9049768882046441
22299,1386.97,1379,80,PIG KEYRING WITH LIGHT & SOUND,65,52,0.046864748336301436,1321.97,1371,0.3515384615384615,0.9051119252337911
21071,1385.28,995,177,VINTAGE BILLBOARD DRINK ME MUG,6.36,6,0.004591129591129592,1378.92,1372,0.3517948717948718,0.9052467977225519
22363,1383.75,481,81,GLASS JAR MARMALADE,335.5,130,0.24245709123757905,1048.25,1373,0.35205128205128206,0.9053815212487147
21123,1383.34,1145,154,SET/10 IVORY POLKADOT PARTY CANDLES,30,24,0.021686642474012176,1353.34,1374,0.3523076923076923,0.9055162048567958
22609,1381.78,5946,155,PENS ASSORTED SPACEBALL,6.84,36,0.004950136780095239,1374.94,1375,0.3525641025641026,0.9056507365814437
21820,1379.72,332,90,GLITTER HEART GARLAND WITH BELLS,112.5,30,0.08153828312991042,1267.22,1376,0.3528205128205128,0.9057850677420705
23414,1378.75,141,64,ZINC BOX SIGN HOME,39.8,4,0.028866727107887576,1338.95,1377,0.35307692307692307,0.9059193044623574
23546,1375.5,3275,120,WRAP PAISLEY PARK,0,0,0,1375.5,1378,0.35333333333333333,0.906053224758825
23000,1369.12,3171,278,TRAVEL CARD WALLET TRANSPORT,16.38,39,0.011963889213509408,1352.7399999999998,1379,0.3535897435897436,0.906186523890995
85227,1368.75,1488,223,SET OF 6 3D KIT CARDS FOR KIDS,0,0,0,1368.75,1380,0.35384615384615387,0.90631978699953
22304,1368.18,767,61,COFFEE MUG BLUE PAISLEY DESIGN,0,0,0,1368.18,1381,0.3541025641025641,0.9064529946121952
22716,1365.95,3213,288,CARD CIRCUS PARADE,0,0,0,1365.95,1382,0.35435897435897434,0.9065859851094397
23221,1363.87,1537,145,REINDEER HEART DECORATION SILVER,48.13999999999999,58,0.035296619179247285,1315.7299999999998,1383,0.3546153846153846,0.90671877309544
85232B,1361.25,275,13,SET OF 3 BABUSHKA STACKING TINS,1258.05,255,0.9241873278236914,103.20000000000005,1384,0.3548717948717949,0.9068513059951612
22911,1361.0400000000002,464,94,PAPER CHAIN KIT LONDON,17.700000000000003,6,0.013004761065067889,1343.3400000000001,1385,0.35512820512820514,0.9069838184490355
23469,1355.24,332,72,CARD HOLDER LOVE BIRD SMALL,16.6,4,0.01224875298840058,1338.64,1386,0.3553846153846154,0.9071157662080939
23061,1355.18,1033,117,VINTAGE EMBOSSED HEART,3.75,3,0.00276716008205552,1351.43,1387,0.3556410256410256,0.9072477081254816
21039,1353.6899999999998,523,90,RED RETROSPOT SHOPPING BAG,30.599999999999998,12,0.022604879994681207,1323.09,1388,0.3558974358974359,0.9073795049747185
22754,1352.1699999999998,1953,266,SMALL RED BABUSHKA NOTEBOOK,0,0,0,1352.1699999999998,1389,0.35615384615384615,0.907511153834969
21686,1351.64,35,20,MEDINA STAMPED METAL STOOL,39.95,1,0.029556686691722647,1311.69,1390,0.3564102564102564,0.9076427510937966
21615,1349.17,892,135,4 LAVENDER BOTANICAL DINNER CANDLES,0,0,0,1349.17,1391,0.3566666666666667,0.9077741078705215
22421,1347.52,2598,213,LIPSTICK PEN FUSCHIA,0.84,2,6.233673711707432e-4,1346.68,1392,0.3569230769230769,0.9079053040013075
22399,1347.08,1152,98,MAGNETS PACK OF 4 CHILDHOOD MEMORY,30,24,0.022270392255842267,1317.08,1393,0.35717948717948717,0.9080364572931764
21987,1346.65,2113,171,PACK OF 6 SKULL PAPER CUPS,8.450000000000001,13,0.006274830134036313,1338.2,1394,0.35743589743589743,0.9081675687197397
22917,1344.77,1944,240,HERB MARKER ROSEMARY,7.800000000000001,12,0.005800248369609674,1336.97,1395,0.3576923076923077,0.9082984971072939
22073,1343.64,336,69,RED RETROSPOT STORAGE JAR,45,12,0.03349111369116727,1298.64,1396,0.35794871794871796,0.90842931547672
22912,1342.39,287,100,YELLOW COAT RACK PARIS FASHION,29.700000000000003,6,0.022124717853976864,1312.69,1397,0.35820512820512823,0.9085600121446773
22293,1341.6699999999998,907,122,HANGING CHICK GREEN DECORATION,0,0,0,1341.6699999999998,1398,0.35846153846153844,0.9086906387125884
21624,1337.51,217,95,VINTAGE UNION JACK DOORSTOP,29.75,5,0.02224282435271512,1307.76,1399,0.3587179487179487,0.9088208602580106
21246,1336.78,286,96,RED RETROSPOT BIG BOWL,9.9,2,0.007405855862595192,1326.8799999999999,1400,0.358974358974359,0.9089510107297751
23538,1334.49,332,32,WALL ART VINTAGE HEART,0,0,0,1334.49,1401,0.35923076923076924,0.9090809382444481
72802A,1334.16,324,63,ROSE SCENT CANDLE IN JEWELLED BOX,16.12,4,0.0120825088445164,1318.0400000000002,1402,0.3594871794871795,0.9092108336299336
22650,1333.75,860,143,CERAMIC PIRATE CHEST MONEY BANK,4.35,3,0.0032614807872539827,1329.4,1403,0.3597435897435897,0.9093406890973372
22742,1333.21,643,101,MAKE YOUR OWN PLAYTIME CARD KIT,5.9,2,0.004425409350364909,1327.31,1404,0.36,0.9094704919897063
22362,1329.44,408,133,GLASS JAR PEACOCK BATH SALTS,97.35000000000001,33,0.07322632085690216,1232.0900000000001,1405,0.36025641025641025,0.9095999278304447
85183B,1323.37,996,118,CHARLIE & LOLA WASTEPAPER BIN FLORA,0,0,0,1323.37,1406,0.3605128205128205,0.90972877268885
21818,1322.5,2740,163,GLITTER HEART DECORATION,0,0,0,1322.5,1407,0.3607692307692308,0.9098575328430328
23405,1321.38,254,70,HOME SWEET HOME 2 DRAWER CABINET,4.95,1,0.0037460836398310856,1316.43,1408,0.36102564102564105,0.9099861839526993
22916,1316.16,1908,237,HERB MARKER THYME,7.800000000000001,12,0.005926331145149526,1308.3600000000001,1409,0.36128205128205126,0.9101143268370313
21179,1315.43,1942,266,NO JUNK MAIL METAL SIGN,4.68,12,0.0035577719833058386,1310.75,1410,0.36153846153846153,0.9102423986477055
23373,1313.3899999999999,1608,100,VINTAGE CHRISTMAS PAPER GIFT BAG,0,0,0,1313.3899999999999,1411,0.3617948717948718,0.9103702718415824
37447,1313.28,820,115,CERAMIC CAKE DESIGN SPOTTED PLATE,23.89,17,0.018191094054580897,1289.3899999999999,1412,0.36205128205128206,0.9104981343257298
90057,1311.36,1008,22,DIAMANTE RING ASSORTED IN BOX.,0,0,0,1311.36,1413,0.36230769230769233,0.9106258098764212
22028,1309.18,3054,262,PENNY FARTHING BIRTHDAY CARD,5.04,12,0.003849738003941398,1304.14,1414,0.36256410256410254,0.9107532731797504
21195,1308.56,693,80,PINK  HONEYCOMB PAPER BALL,0,0,0,1308.56,1415,0.3628205128205128,0.9108806761191509
22686,1308.38,993,158,FRENCH BLUE METAL DOOR SIGN No,30,24,0.02292911845182592,1278.38,1416,0.3630769230769231,0.9110080615335402
85199S,1305.25,2667,261,SMALL HANGING IVORY/RED WOOD BIRD,10.08,24,0.007722658494541275,1295.17,1417,0.36333333333333334,0.911135142207451
21064,1301.55,301,101,BOOM BOX SPEAKER BOYS,0,0,0,1301.55,1418,0.3635897435897436,0.9112618626450136
21627,1299.83,63,47,ELEPHANT CARNIVAL POUFFE,0,0,0,1299.83,1419,0.3638461538461538,0.911388415621355
22439,1297.1200000000001,1904,197,6 ROCKET BALLOONS,44.2,68,0.03407549031700999,1252.92,1420,0.3641025641025641,0.9115147047489114
21793,1296.6100000000001,304,74,CLASSIC FRENCH STYLE BASKET BROWN,0,0,0,1296.6100000000001,1421,0.36435897435897435,0.9116409442222686
22310,1296.23,668,109,IVORY KNITTED MUG COSY,0,0,0,1296.23,1422,0.3646153846153846,0.9117671466983792
21866,1296.13,750,193,UNION JACK FLAG LUGGAGE TAG,0,0,0,1296.13,1423,0.3648717948717949,0.9118933394383725
21408,1295.21,289,117,SPOTTY PINK DUCK DOORSTOP,8.5,2,0.006562642351433358,1286.71,1424,0.36512820512820515,0.9120194426060843
21422,1295,1607,63,PORCELAIN ROSE SMALL,3.4,4,0.0026254826254826255,1291.6,1425,0.36538461538461536,0.9121455253279495
22372,1289.49,279,147,AIRLINE BAG VINTAGE WORLD CHAMPION,4.25,1,0.0032958766644177154,1285.24,1426,0.36564102564102563,0.9122710715897393
21616,1288.34,822,138,4 PEAR BOTANICAL DINNER CANDLES,0,0,0,1288.34,1427,0.3658974358974359,0.9123965058861777
84012,1283.99,1265,115,MAGIC SHEEP WOOL GROWING FROM PAPER,102,120,0.07943987102703293,1181.99,1428,0.36615384615384616,0.9125215166615042
21901,1280.49,1832,308,"KEY FOB , BACK DOOR",5.8500000000000005,9,0.00456856359674812,1274.64,1429,0.36641025641025643,0.9126461866727174
22999,1280.31,2960,222,TRAVEL CARD WALLET VINTAGE LEAF,1.26,3,9.841366544040115e-4,1279.05,1430,0.36666666666666664,0.9127708391589191
22918,1278.6000000000001,1874,238,HERB MARKER PARSLEY,7.800000000000001,12,0.006100422336931018,1270.8000000000002,1431,0.3669230769230769,0.9128953251575112
21090,1278.23,2421,217,SET/6 COLLAGE PAPER PLATES,14.04,36,0.010983938727771996,1264.19,1432,0.3671794871794872,0.9130197751324685
47480,1277.47,748,86,HANGING PHOTO CLIP ROPE LADDER,0,0,0,1277.47,1433,0.36743589743589744,0.9131441511129326
23072,1273.76,334,30,MARIE ANTOINETTE TRINKET BOX SILVER,384,72,0.30146966461499813,889.76,1434,0.3676923076923077,0.9132681658834367
85059,1273.11,411,128,FRENCH ENAMEL WATER BASIN,22.5,8,0.017673256827768224,1250.61,1435,0.367948717948718,0.9133921173691772
21211,1271.52,884,103,SET OF 72 SKULL PAPER  DOILIES,0,0,0,1271.52,1436,0.3682051282051282,0.9135159140506489
21902,1270.8200000000002,1975,210,"KEY FOB , FRONT  DOOR",5.8500000000000005,9,0.0046033269857257515,1264.9700000000003,1437,0.36846153846153845,0.9136396425792982
21897,1268.1899999999998,405,3,POTTING SHED CANDLE CITRONELLA,0,0,0,1268.1899999999998,1438,0.3687179487179487,0.9137631150480565
47503A,1264.2,2758,163,ASS FLORAL PRINT MULTI SCREWDRIVER,25.08,36,0.01983863312766967,1239.1200000000001,1439,0.368974358974359,0.9138861990457259
23511,1256.17,573,98,EMBROIDERED RIBBON REEL EMILY,10.4,5,0.00827913419362029,1245.77,1440,0.36923076923076925,0.9140085012331586
22572,1255.72,1393,179,ROCKING HORSE GREEN CHRISTMAS,0,0,0,1255.72,1441,0.36948717948717946,0.9141307596080626
23071,1255.1,319,19,MARIE ANTOINETTE TRINKET BOX GOLD,434,76,0.34578918014500837,821.0999999999999,1442,0.36974358974358973,0.9142529576190378
22977,1253.86,951,135,DOLLY GIRL CHILDRENS EGG CUP,1.25,1,9.969215063882731e-4,1252.61,1443,0.37,0.9143750349021559
23067,1249.1100000000001,297,78,HANGING ENGRAVED METAL HEART,0,0,0,1249.1100000000001,1444,0.37025641025641026,0.9144966497196918
22597,1247.78,2822,186,MUSICAL ZINC HEART DECORATION,28.9,34,0.023161134174293545,1218.8799999999999,1445,0.37051282051282053,0.9146181350468646
71038,1244.95,239,47,WHITE HANGING BEADS CANDLE HOLDER,27.25,5,0.021888429254186915,1217.7,1446,0.3707692307692308,0.9147393448419118
21262,1242.0600000000002,335,78,WHITE GOOSE FEATHER CHRISTMAS TREE,56.75,5,0.045690224304783984,1185.3100000000002,1447,0.371025641025641,0.9148602732631625
22074,1241.32,1403,199,6 RIBBONS SHIMMERING PINKS,19.799999999999997,12,0.015950762091966615,1221.52,1448,0.3712820512820513,0.9149811296371437
22442,1241.3,296,78,GROW YOUR OWN FLOWERS SET OF 3,87.45,11,0.07045033432691533,1153.85,1449,0.37153846153846154,0.9151019840639015
23138,1238.76,884,82,SINGLE WIRE HOOK IVORY HEART,17.4,12,0.014046304368885014,1221.36,1450,0.3717948717948718,0.9152225911932742
22603,1237.08,1389,171,CHRISTMAS RETROSPOT TREE WOOD,11.049999999999999,13,0.008932324506094998,1226.03,1451,0.3720512820512821,0.9153430347558726
22338,1234.67,4683,180,STAR DECORATION PAINTED ZINC,12.270000000000001,21,0.009937878137478031,1222.4,1452,0.3723076923076923,0.9154632436780389
72817,1232.27,1212,161,SET OF 2 CHRISTMAS DECOUPAGE CANDLE,30,24,0.024345313932823163,1202.27,1453,0.37256410256410255,0.9155832189333846
22129,1231.52,1194,100,PARTY CONES CANDY DECORATION,0,0,0,1231.52,1454,0.3728205128205128,0.9157031211678489
23539,1227.95,247,41,WALL ART LOVES' SECRET,0,0,0,1227.95,1455,0.3730769230769231,0.915822675822918
22919,1224.46,1757,240,HERB MARKER MINT,7.800000000000001,12,0.006370155007105173,1216.66,1456,0.37333333333333335,0.9159418906874854
22613,1222.61,1538,145,PACK OF 20 SPACEBOY NAPKINS,8.5,10,0.00695233966677845,1214.11,1457,0.3735897435897436,0.9160609254338791
22575,1222.07,639,90,METAL MERRY CHRISTMAS WREATH,11.7,6,0.009573919660903221,1210.37,1458,0.37384615384615383,0.9161799076052379
22315,1221.43,918,172,200 RED + WHITE BENDY STRAWS,0,0,0,1221.43,1459,0.3741025641025641,0.9162988274654447
23142,1220.8200000000002,121,40,IVORY WIRE KITCHEN ORGANISER,19.55,2,0.016013826772169525,1201.2700000000002,1460,0.37435897435897436,0.9164176879353346
82578,1218.95,2060,305,KITCHEN METAL SIGN,6.6000000000000005,12,0.005414496082694122,1212.3500000000001,1461,0.37461538461538463,0.9165363663398268
23598,1218.48,428,47,PAPER BUNTING VINTAGE PARTY,0,0,0,1218.48,1462,0.3748717948717949,0.9166549989845669
82599,1217.73,508,141,FANNY'S REST STOPMETAL SIGN,0,0,0,1217.73,1463,0.3751282051282051,0.9167735586084254
22711,1213.34,2927,103,WRAP CIRCUS PARADE,21,50,0.017307597211004336,1192.34,1464,0.37538461538461537,0.916891690816725
72800E,1213.29,541,136,4 IVORY DINNER CANDLES SILVER FLOCK,0,0,0,1213.29,1465,0.37564102564102564,0.9170098181569657
22589,1212.82,379,79,CARDHOLDER GINGHAM STAR,0,0,0,1212.82,1466,0.3758974358974359,0.9171278997374541
22416,1210.82,868,76,SET OF 36 DOILIES SPACEBOY DESIGN,8.7,6,0.007185213326506004,1202.12,1467,0.37615384615384617,0.9172457865955922
21846,1206.97,424,103,PINK DIAMANTE PEN IN GIFT BOX,59.400000000000006,12,0.0492141478247181,1147.57,1468,0.3764102564102564,0.9173632986132056
22168,1205.3,143,76,ORGANISER WOOD ANTIQUE WHITE,110.5,13,0.0916784203102962,1094.8,1469,0.37666666666666665,0.9174806480376567
84884A,1201.91,301,78,ANT WHITE WIRE HEART SPIRAL,3.95,1,0.00328643575642103,1197.96,1470,0.3769230769230769,0.9175976674077239
23026,1201.04,557,62,DRAWER KNOB VINTAGE GLASS STAR,29.12,14,0.024245653766735497,1171.92,1471,0.3771794871794872,0.9177146020735685
23444,1200,79,79,Next Day Carriage,15,1,0.0125,1185,1472,0.37743589743589745,0.9178314354837911
22929,1199.75,19,13,SCHOOL DESK AND CHAIR,195,3,0.16253386122108773,1004.75,1473,0.3776923076923077,0.9179482445537198
21986,1197.73,4067,189,PACK OF 12 PINK POLKADOT TISSUES,0,0,0,1197.73,1474,0.3779487179487179,0.9180648569540747
22081,1193,654,138,RIBBON REEL FLORA + FAUNA,16.5,10,0.013830678960603521,1176.5,1475,0.3782051282051282,0.9181810088360709
22453,1191.69,444,78,MEASURING TAPE BABUSHKA BLUE,2.95,1,0.0024754760046656428,1188.74,1476,0.37846153846153846,0.9182970331749276
22755,1190.51,1690,251,SMALL PURPLE BABUSHKA NOTEBOOK,0,0,0,1190.51,1477,0.3787179487179487,0.9184129426275977
21070,1186.23,1107,107,VINTAGE BILLBOARD MUG,0,0,0,1186.23,1478,0.378974358974359,0.918528435374438
22921,1184.1200000000001,1721,209,HERB MARKER CHIVES,7.800000000000001,12,0.006587170219234537,1176.3200000000002,1479,0.3792307692307692,0.9186437226891986
23041,1178.48,272,54,PAPER LANTERN 9 POINT SNOW STAR,99.60000000000001,24,0.08451564727445524,1078.88,1480,0.37948717948717947,0.918758460886931
23225,1177,1356,88,CHERUB HEART DECORATION SILVER,69.72,84,0.059235344095157176,1107.28,1481,0.37974358974358974,0.9188730549901243
21628,1176.6,64,33,TRIANGULAR POUFFE VINTAGE,29.9,2,0.025412204657487676,1146.6999999999998,1482,0.38,0.9189876101488477
23431,1175.3799999999999,1454,72,NATURAL HANGING QUILTED HEARTS,13.28,16,0.011298473685106093,1162.1,1483,0.38025641025641027,0.91910204652693706
85039B,1174.6299999999999,806,172,S/4 IVORY MINI ROSE CANDLE IN BOWL,0,0,0,1174.6299999999999,1484,0.38051282051282054,0.9192164098841452
20984,1173.8999999999999,3812,170,12 PENCILS TALL TUBE POSY,6.959999999999999,24,0.005928954766164068,1166.9399999999998,1485,0.38076923076923075,0.9193307021676954
23523,1173.8100000000002,360,41,WALL ART TREASURE AHOY,22.5,6,0.019168349221765017,1151.3100000000002,1486,0.381025641025641,0.9194449856887397
21742,1173.53,195,91,LARGE ROUND WICKER PLATTER,0,0,0,1173.53,1487,0.3812820512820513,0.9195592419486552
21065,1172.48,564,90,BOOM BOX SPEAKER GIRLS,0,0,0,1172.48,1488,0.38153846153846155,0.9196733959793365
22924,1169.8999999999999,1313,87,FRIDGE MAGNETS LA VIE EN ROSE,240.24999999999997,301,0.20535943243012222,929.6499999999999,1489,0.3817948717948718,0.919787298818186
22757,1168.99,1097,163,LARGE RED BABUSHKA NOTEBOOK,1.25,1,0.001069299138572614,1167.74,1490,0.382051282051282,0.9199011130583661
23418,1168.08,558,79,LAVENDER TOILETTE BOTTLE,0,0,0,1168.08,1491,0.3823076923076923,0.9200148386998767
84313C,1165.9099999999999,504,43,ORANGE TV TRAY TABLE,0,0,0,1165.9099999999999,1492,0.38256410256410256,0.9201283530676372
23508,1165.13,2631,120,MINI PLAYING CARDS DOLLY GIRL,0.84,2,7.209495936075802e-4,1164.2900000000002,1493,0.3828205128205128,0.920241791493681
23515,1164.98,579,71,EMBROIDERED RIBBON REEL DAISY,0,0,0,1164.98,1494,0.3830769230769231,0.9203552153155484
23269,1163.1299999999999,786,94,SET OF 2 CERAMIC CHRISTMAS TREES,0,0,0,1163.1299999999999,1495,0.38333333333333336,0.920468459019242
22334,1160.71,707,101,DINOSAUR PARTY BAG + STICKER SET,0,0,0,1160.71,1496,0.38358974358974357,0.9205814671088913
22680,1160.29,844,153,FRENCH BLUE METAL DOOR SIGN 5,37.5,30,0.032319506330313975,1122.79,1497,0.38384615384615384,0.9206944343068474
22708,1160,2800,100,WRAP DOLLY GIRL,10.5,25,0.009051724137931035,1149.5,1498,0.3841025641025641,0.9208073732700625
23566,1159.43,883,83,EGG CUP MILKMAID HEIDI,5,4,0.004312463883114979,1154.43,1499,0.38435897435897437,0.9209202567374077
20801,1157.8,1013,81,LARGE PINK GLASS SUNDAE DISH,24,32,0.020728968733805492,1133.8,1500,0.38461538461538464,0.9210329815060375
23507,1156.51,2884,119,MINI PLAYING CARDS BUFFALO BILL,0,0,0,1156.51,1501,0.38487179487179485,0.9211455806787512
85132B,1156.1699999999998,529,75,CHARLIE AND LOLA TABLE TINS,0,0,0,1156.1699999999998,1502,0.3851282051282051,0.9212581467486654
21773,1154.17,1170,163,DECORATIVE ROSE BATHROOM BOTTLE,0,0,0,1154.17,1503,0.3853846153846154,0.9213705180962292
22678,1152.81,844,160,FRENCH BLUE METAL DOOR SIGN 3,13.75,11,0.01192737745161822,1139.06,1504,0.38564102564102565,0.9214827570325947
21774,1152.4,1095,186,DECORATIVE CATS BATHROOM BOTTLE,1.25,1,0.0010846928149947934,1151.15,1505,0.3858974358974359,0.9215949560508783
22325,1151.3,250,93,MOBILE VINTAGE HEARTS,64.35000000000001,13,0.05589333796577783,1086.95,1506,0.3861538461538462,0.9217070479718694
23402,1151.03,297,68,HOME SWEET HOME 3 PEG HANGER,0,0,0,1151.03,1507,0.3864102564102564,0.9218191136053431
20956,1149.02,824,101,PORCELAIN T-LIGHT HOLDERS ASSORTED,6.25,5,0.005439417938765209,1142.77,1508,0.38666666666666666,0.9219309835428547
85106,1147.41,651,20,CUT GLASS HEXAGON T-LIGHT HOLDER,0,0,0,1147.41,1509,0.3869230769230769,0.9220426967288741
22320,1147.27,189,73,BIRDS MOBILE VINTAGE DESIGN,53.550000000000004,9,0.04667602220924456,1093.72,1510,0.3871794871794872,0.9221543962843293
22497,1145.15,225,100,SET OF 2 TINS VINTAGE BATHROOM,0,0,0,1145.15,1511,0.38743589743589746,0.9222658894340927
21043,1143.76,494,90,APRON MODERN VINTAGE COTTON,0,0,0,1143.76,1512,0.38769230769230767,0.922377247251823
21693,1143.3100000000002,373,50,SMALL HAMMERED SILVER CANDLEPOT,0,0,0,1143.3100000000002,1513,0.38794871794871794,0.9224885612570242
21947,1142.15,813,152,SET OF 6 HEART CHOPSTICKS,0,0,0,1142.15,1514,0.3882051282051282,0.9225997623232622
22376,1141.7,254,122,AIRLINE BAG VINTAGE JET SET WHITE,0,0,0,1141.7,1515,0.38846153846153847,0.9227109195769716
21395,1141.3999999999999,2844,90,BLUE POLKADOT BEAKER,3.9,10,0.0034168564920273353,1137.4999999999998,1516,0.38871794871794874,0.9228220476223281
22923,1140.97,1372,80,FRIDGE MAGNETS LES ENFANTS ASSORTED,134,176,0.1174439292882372,1006.97,1517,0.38897435897435895,0.9229331338023795
23506,1139.2,2747,146,MINI PLAYING CARDS SPACEBOY,0,0,0,1139.2,1518,0.3892307692307692,0.9230440476531507
22581,1138.98,1571,177,WOOD STOCKING CHRISTMAS SCANDISPOT,1.7,2,0.0014925635217475283,1137.28,1519,0.3894871794871795,0.9231549400844634
22094,1138.2,2172,200,RED RETROSPOT TISSUE BOX,39.97,65,0.03511685116851168,1098.23,1520,0.38974358974358975,0.9232657565740596
84912B,1136.6,324,160,GREEN ROSE WASHBAG,0,0,0,1136.6,1521,0.39,0.9233764172857754
22446,1135.18,439,133,PIN CUSHION BABUSHKA PINK,0,0,0,1135.18,1522,0.3902564102564103,0.9234869397446224
85159B,1134.5,622,59,"WHITE TEA,COFFEE,SUGAR JARS",86.54,38,0.07628029969149405,1047.96,1523,0.3905128205128205,0.9235973959978703
22155,1134.45,2454,142,STAR DECORATION RUSTIC,20.16,48,0.017770725902419675,1114.29,1524,0.39076923076923076,0.9237078473830593
22153,1134.25,2653,131,ANGEL DECORATION STARS ON DRESS,29.400000000000002,70,0.02592021159356403,1104.85,1525,0.391025641025641,0.9238182792960135
22539,1130.58,2921,136,MINI JIGSAW DOLLY GIRL,0,0,0,1130.58,1526,0.3912820512820513,0.9239283538934546
85087,1129.99,339,125,CANDY SPOT CUSHION COVER,2.95,1,0.0026106425720581598,1127.04,1527,0.39153846153846156,0.9240383710478024
47585A,1129.44,264,83,PINK FAIRY CAKE CUSHION COVER,0,0,0,1129.44,1528,0.39179487179487177,0.9241483346535038
21830,1127.23,2669,99,ASSORTED CREEPY CRAWLIES,20.16,48,0.017884548849835438,1107.07,1529,0.39205128205128204,0.9242580830910081
22211,1124.04,1009,196,WOOD STAMP SET FLOWERS,69.6,48,0.06191950464396285,1054.44,1530,0.3923076923076923,0.9243675209463637
22815,1123.8799999999999,2640,268,CARD PSYCHEDELIC APPLES,0,0,0,1123.8799999999999,1531,0.39256410256410257,0.924476943223931
84944,1121.9099999999999,711,83,SET OF 6 KASHMIR FOLKART BAUBLES,95.69999999999999,58,0.08530095997005108,1026.2099999999998,1532,0.39282051282051283,0.9245861736999833
47580,1121.82,390,110,TEA TIME DES TEA COSY,30.599999999999998,12,0.027277103278600844,1091.22,1533,0.3930769230769231,0.9246953954135299
22608,1121.48,5247,144,PENS ASSORTED FUNKY JEWELED,1.33,7,0.0011859328744159505,1120.15,1534,0.3933333333333333,0.9248045840242769
21809,1119.56,1966,117,CHRISTMAS HANGING TREE WITH BELL,0,0,0,1119.56,1535,0.3935897435897436,0.9249135857015673
23510,1119.22,2522,120,MINI PLAYING CARDS GYMKHANA,0,0,0,1119.22,1536,0.39384615384615385,0.9250225542760585
22060,1118.95,233,34,LARGE CAKE STAND HANGING HEARTS,87.2,16,0.0779302024219134,1031.75,1537,0.3941025641025641,0.9251314965630322
23411,1118.6100000000001,227,56,TRELLIS COAT RACK,4.95,1,0.004425134765467857,1113.66,1538,0.3943589743589744,0.9252404057472066
21984,1116.9499999999998,3473,212,PACK OF 12 PINK PAISLEY TISSUES,17.4,60,0.01557813689063969,1099.5499999999997,1539,0.3946153846153846,0.9253491533118299
21466,1116.89,304,112,RED FLOWER CROCHET FOOD COVER,0,0,0,1116.89,1540,0.39487179487179486,0.9254578950347827
22997,1115.93,2595,222,TRAVEL CARD WALLET UNION JACK,32.76,78,0.029356680078499543,1083.17,1541,0.3951282051282051,0.9255665432910074
22817,1114.81,2639,290,CARD SUKI BIRTHDAY,0,0,0,1114.81,1542,0.3953846153846154,0.925675082502716
23513,1114.26,566,70,EMBROIDERED RIBBON REEL SUSIE,12.48,6,0.011200258467503096,1101.78,1543,0.39564102564102566,0.9257835681657781
22758,1112.75,1197,178,LARGE PURPLE BABUSHKA NOTEBOOK,0,0,0,1112.75,1544,0.3958974358974359,0.9258919068134657
22342,1111.58,997,128,HOME GARLAND PAINTED ZINC,40.199999999999996,36,0.03616473848036129,1071.3799999999999,1545,0.39615384615384613,0.9260001315485783
23375,1108.8899999999999,1352,103,50'S CHRISTMAS PAPER GIFT BAG,0.82,1,7.394782169556945e-4,1108.07,1546,0.3964102564102564,0.9261080943821298
23433,1108.58,1258,89,HANGING QUILTED PATCHWORK APPLES,39.01,47,0.03518916090854968,1069.57,1547,0.39666666666666667,0.9262160270337166
22444,1107.87,839,57,GROW YOUR OWN PLANT IN A CAN,40,32,0.03610531921615352,1067.87,1548,0.39692307692307693,0.9263238905588695
85116,1106.88,941,89,BLACK CANDELABRA T-LIGHT HOLDER,63.00000000000001,30,0.05691673894189072,1043.88,1549,0.3971794871794872,0.9264316576964586
85127,1106.54,187,51,SMALL SQUARE CUT GLASS CANDLESTICK,24.75,5,0.02236701791168869,1081.79,1550,0.3974358974358974,0.9265393917312484
22984,1106.17,2717,163,CARD GINGHAM ROSE,0,0,0,1106.17,1551,0.3976923076923077,0.9266470897424033
85114A,1105.21,649,56,BLACK ENCHANTED FOREST PLACEMAT,0,0,0,1105.21,1552,0.39794871794871794,0.9267546942868301
85036C,1104.8600000000001,758,84,ROSE 1 WICK MORRIS BOXED CANDLE,232.25,193,0.21020762811577934,872.6100000000001,1553,0.3982051282051282,0.9268622647548455
22819,1104.81,2608,270,"BIRTHDAY CARD, RETRO SPOT",0,0,0,1104.81,1554,0.3984615384615385,0.9269698303548022
22221,1104.54,131,51,CAKE STAND LOVEBIRD 2 TIER PINK,19.9,2,0.018016549875966466,1084.6399999999999,1555,0.39871794871794874,0.9270773696672414
21824,1102.81,1917,117,PAINTED METAL STAR WITH HOLLY BELLS,34.8,24,0.03155575303089381,1068.01,1556,0.39897435897435896,0.9271847405448477
21688,1101.2800000000002,348,57,SILVER PLATE CANDLE BOWL SMALL,0,0,0,1101.2800000000002,1557,0.3992307692307692,0.9272919624598559
22309,1093.6,370,121,TEA COSY RED  STRIPE,0,0,0,1093.6,1558,0.3994871794871795,0.9273984366410386
23087,1090.66,868,69,ZINC  HEART T-LIGHT HOLDER,18.75,15,0.017191425375460728,1071.91,1559,0.39974358974358976,0.9275046245803664
23432,1090.02,1278,74,PRETTY HANGING QUILTED HEARTS,0,0,0,1090.02,1560,0.4,0.927610750208542
22785,1087.57,245,74,SQUARECUSHION COVER PINK UNION JACK,0,0,0,1087.57,1561,0.40025641025641023,0.9277166373018385
15056bl,1086.88,87,62,EDWARDIAN PARASOL BLACK,0,0,0,1086.88,1562,0.4005128205128205,0.9278224572159242
23102,1086.6499999999999,1288,157,SILVER HEARTS TABLE DECORATION,0,0,0,1086.6499999999999,1563,0.40076923076923077,0.9279282547369394
21469,1085.32,290,89,POLKA DOT RAFFIA FOOD COVER,7.5,2,0.006910404304721189,1077.82,1564,0.40102564102564103,0.9280339227675917
21991,1080.82,635,211,BOHEMIAN COLLAGE STATIONERY SET,15,12,0.013878351621916694,1065.82,1565,0.4012820512820513,0.9281391526729555
21224,1080,914,165,SET/4 SKULL BADGES,15,12,0.013888888888888888,1065,1566,0.4015384615384615,0.9282443027421557
84459B,1079.67,721,91,YELLOW METAL CHICKEN HEART,0,0,0,1079.67,1567,0.4017948717948718,0.9283494206821683
51014L,1079.34,2071,149,"FEATHER PEN,LIGHT PINK",65.88,84,0.06103730057257213,1013.4599999999999,1568,0.40205128205128204,0.9284545064929929
23347,1077.3,860,97,I LOVE LONDON BEAKER,42.5,34,0.03945047804696928,1034.8,1569,0.4023076923076923,0.9285593936870202
22611,1077.03,225,46,VINTAGE UNION JACK SHOPPING BAG,0,0,0,1077.03,1570,0.4025641025641026,0.9286642545935302
22245,1070.85,1263,98,"HOOK, 1 HANGER ,MAGIC GARDEN",4.25,5,0.003968809823971612,1066.6,1571,0.40282051282051284,0.9287685138079776
21288,1070.26,358,110,STRIPEY CHOCOLATE NESTING BOXES,61.199999999999996,24,0.05718236690150057,1009.06,1572,0.40307692307692305,0.9288727155793316
22123,1069.17,509,122,PING MICROWAVE APRON,0,0,0,1069.17,1573,0.4033333333333333,0.9289768112270046
35648,1068.32,981,128,VINTAGE BEAD PINK PURSE,20.749999999999996,25,0.019423019320053914,1047.57,1574,0.4035897435897436,0.9290808241176788
21819,1067.82,2473,124,GLITTER CHRISTMAS STAR,0,0,0,1067.82,1575,0.40384615384615385,0.9291847883277652
23033,1067.6,720,74,DRAWER KNOB CERAMIC RED,0,0,0,1067.6,1576,0.4041025641025641,0.9292887311183933
22286,1065.3899999999999,1149,115,DECORATION WOBBLY RABBIT METAL,0,0,0,1065.3899999999999,1577,0.40435897435897433,0.929392458740824
21391,1064.44,1079,106,FRENCH LAVENDER SCENT HEART,6.300000000000001,3,0.005918605088121454,1058.14,1578,0.4046153846153846,0.9294960938701385
23516,1062.35,297,42,EMBROIDERED RIBBON REEL SOPHIE,0,0,0,1062.35,1579,0.40487179487179487,0.9295995255145967
23331,1062.28,1596,109,DECORATIVE WICKER HEART SMALL,0,0,0,1062.28,1580,0.40512820512820513,0.9297029503437726
22995,1062,2389,266,TRAVEL CARD WALLET SUKI,20.580000000000002,49,0.01937853107344633,1041.42,1581,0.4053846153846154,0.9298063479118196
20931,1060.9,299,68,BLUE POT PLANT CANDLE,45.050000000000004,15,0.04246394570647563,1015.8500000000001,1582,0.40564102564102567,0.9299096383825739
84459A,1059.67,717,91,PINK METAL CHICKEN HEART,89.39999999999999,60,0.0843658874932762,970.2700000000001,1583,0.4058974358974359,0.9300128090990826
22438,1058.69,1022,98,BALLOON ART MAKE YOUR OWN FLOWERS,0,0,0,1058.69,1584,0.40615384615384614,0.9301158844016396
85035B,1058.35,620,70,CHOCOLATE 3 WICK MORRIS BOX CANDLE,0,0,0,1058.35,1585,0.4064102564102564,0.9302189266013973
22190,1057.71,676,116,LOCAL CAFE MUG,0,0,0,1057.71,1586,0.4066666666666667,0.9303219064900026
21464,1055.25,249,105,DISCO BALL ROTATOR BATTERY OPERATED,38.25,9,0.03624733475479744,1017,1587,0.40692307692307694,0.9304246468701171
21949,1054.44,801,144,SET OF 6 STRAWBERRY CHOPSTICKS,0,0,0,1054.44,1588,0.40717948717948715,0.9305273083876796
22152,1053.5,2408,105,PLACE SETTING WHITE STAR,1.68,4,0.0015946843853820597,1051.82,1589,0.4074358974358974,0.9306298783857374
16016,1053.45,1273,65,LARGE CHINESE STYLE SCISSOR,0,0,0,1053.45,1590,0.4076923076923077,0.9307324435157367
23327,1051.14,1734,41,HANGING CLEAR MINI BOTTLE,4.720000000000001,8,0.004490362844150161,1046.42,1591,0.40794871794871795,0.9308347837414209
22066,1051.05,2255,135,LOVE HEART TRINKET POT,1.9500000000000002,5,0.001855287569573284,1049.1,1592,0.4082051282051282,0.9309371152045997
16237,1048.56,4994,290,SLEEPING CAT ERASERS,12.6,60,0.012016479743648433,1035.96,1593,0.4084615384615385,0.9310392042384522
21508,1046.98,2490,213,VINTAGE KID DOLLY CARD,5.04,12,0.004813845536686469,1041.94,1594,0.4087179487179487,0.9311411394416477
23419,1045.8,474,86,HOME SWEET HOME BOTTLE,2.08,1,0.0019889080130043985,1043.72,1595,0.40897435897435896,0.9312429597586567
22163,1042.78,875,122,HEART STRING MEMO HOLDER HANGING,19.75,25,0.018939757187517982,1023.03,1596,0.40923076923076923,0.9313444860449165
85180A,1042.66,503,63,RED HEARTS LIGHT CHAIN,27.900000000000002,6,0.026758483110505823,1014.7600000000001,1597,0.4094871794871795,0.9314460006478354
22808,1038.8700000000001,345,75,SET OF 6 T-LIGHTS EASTER CHICKS,53.1,18,0.05111322879667331,985.7700000000001,1598,0.40974358974358976,0.9315471462519004
79302M,1037.54,370,62,"ART LIGHTS,FUNK MONKEY",0,0,0,1037.54,1599,0.41,0.9316481623656022
21821,1037.05,251,62,GLITTER STAR GARLAND WITH BELLS,45,12,0.04339231473892291,992.05,1600,0.41025641025641024,0.9317491307723283
22402,1035.58,1723,151,MAGNETS PACK OF 4 VINTAGE COLLAGE,15,12,0.014484636628749107,1020.5799999999999,1601,0.4105128205128205,0.9318499560581269
22024,1033.81,2430,213,RAINY LADIES BIRTHDAY CARD,5.04,12,0.004875170485872646,1028.77,1602,0.4107692307692308,0.9319506090146454
23088,1033.28,795,79,ZINC HEART FLOWER T-LIGHT HOLDER,0,0,0,1033.28,1603,0.41102564102564104,0.932051210369741
22091,1033.22,1991,167,EMPIRE TISSUE BOX,8.75,7,0.008468670757437912,1024.47,1604,0.4112820512820513,0.9321518058831662
21788,1032.6399999999999,1297,85,KIDS RAIN MAC BLUE,18.5,22,0.01791524635884723,1014.1399999999999,1605,0.4115384615384615,0.9322523449271095
22860,1032.62,598,107,EASTER TIN CHICKS PINK DAISY,24.75,15,0.023968158664368307,1007.8699999999999,1606,0.4117948717948718,0.9323528820238297
20967,1031.69,266,83,GREY FLORAL FELTCRAFT SHOULDER BAG,0,0,0,1031.69,1607,0.41205128205128205,0.9324533285746567
21803,1031.56,2390,198,CHRISTMAS TREE STAR DECORATION,0,0,0,1031.56,1608,0.4123076923076923,0.93255376246853106
22231,1029.76,1000,144,JIGSAW TREE WITH BIRDHOUSE,95.05,69,0.0923030609073959,934.71,1609,0.4125641025641026,0.93265402111229
21679,1028.58,1140,138,SKULLS  STICKERS,0,0,0,1028.58,1610,0.4128205128205128,0.9327541648698622
15044C,1025.94,314,88,PURPLE PAPER PARASOL,8.05,3,0.007846462756106596,1017.8900000000001,1611,0.41307692307692306,0.932854051593932
23545,1025.6,2480,84,WRAP RED VINTAGE DOILY,0,0,0,1025.6,1612,0.41333333333333333,0.932953905215202
22614,1024.8999999999999,3034,219,PACK OF 12 SPACEBOY TISSUES,14.43,37,0.014079422382671482,1010.4699999999999,1613,0.4135897435897436,0.9330536906836497
22679,1024.28,741,152,FRENCH BLUE METAL DOOR SIGN 4,12.5,10,0.012203694302339205,1011.78,1614,0.41384615384615386,0.9331534157881686
20966,1022.8,719,97,SANDWICH BATH SPONGE,0,0,0,1022.8,1615,0.41410256410256413,0.9332529967981483
21188,1021.9000000000001,326,50,3D HEARTS  HONEYCOMB PAPER GARLAND,0,0,0,1021.9000000000001,1616,0.41435897435897434,0.9333524901830703
23452,1021.76,518,87,HEART MINI PORTRAIT FRAME,1.95,1,0.0019084716567491387,1019.81,1617,0.4146153846153846,0.93345196993742785
23153,1020.69,263,90,ZINC SWEETHEART WIRE LETTER RACK,15,4,0.01469594098110102,1005.69,1618,0.4148717948717949,0.9335513455153278
22673,1019.83,794,131,FRENCH GARDEN SIGN BLUE METAL,15,12,0.01470833374189816,1004.83,1619,0.41512820512820514,0.9336506373626172
22459,1018.1899999999999,386,25,CAST IRON HOOK GARDEN TROWEL,0,0,0,1018.1899999999999,1620,0.4153846153846154,0.9337497695375793
23544,1015.78,164,20,WALL ART MID CENTURY MODERN,8.25,1,0.008121837405737463,1007.53,1621,0.4156410256410256,0.9338486670721092
85039A,1013.92,706,162,SET/4 RED MINI ROSE CANDLE IN BOWL,1.65,1,0.00162734732523276,1012.27,1622,0.4158974358974359,0.9339473835148532
21617,1013.01,528,102,4 LILY  BOTANICAL DINNER CANDLES,0,0,0,1013.01,1623,0.41615384615384615,0.9340460113589278
21354,1010.21,801,95,TOAST ITS - BEST MUM,0,0,0,1010.21,1624,0.4164102564102564,0.93414436659171185
23107,1009.51,359,73,WHITE HEARTS WIRE PLANT POT HOLDER,0,0,0,1009.51,1625,0.4166666666666667,0.9342426536716735
21198,1008.4699999999999,1029,71,WHITE HEART CONFETTI IN TUBE,59.75999999999999,72,0.059258084028280464,948.7099999999999,1626,0.4169230769230769,0.9343408394960125
22279,1007.15,834,128,POCKET BAG BLUE PAISLEY RED SPOT,1.25,1,0.0012411259494613514,1005.9,1627,0.41717948717948716,0.9344388968036006
23460,1007.0799999999999,108,43,SWEETHEART WALL TIDY,49.75,5,0.04940024625650396,957.3299999999999,1628,0.41743589743589743,0.9345369472959064
72816,1006.27,893,69,SET/3 CHRISTMAS DECOUPAGE CANDLES,30,24,0.029813072038319736,976.27,1629,0.4176923076923077,0.9346349189256602
21467,1004.39,264,104,CHERRY CROCHET FOOD COVER,7.5,2,0.007467218908989536,996.89,1630,0.41794871794871796,0.9347327075164048
22098,1003.19,1994,172,BOUDOIR SQUARE TISSUE BOX,30.11,75,0.0300142545280555,973.08,1631,0.41820512820512823,0.934830379273739
23121,1002.54,2506,111,PACK OF 6 COCKTAIL PARASOL STRAWS,0,0,0,1002.54,1632,0.41846153846153844,0.9349279877463096
22695,1001.49,741,123,WICKER WREATH SMALL,0,0,0,1001.49,1633,0.4187179487179487,0.9350254939896461
23281,1000.8199999999999,1280,101,FOLDING BUTTERFLY MIRROR RED,0,0,0,1000.8199999999999,1634,0.418974358974359,0.935122935000995
21355,998.83,794,120,TOAST ITS - I LOVE YOU,0,0,0,998.83,1635,0.41923076923076924,0.9352201822636055
23533,998.64,215,36,WALL ART GARDEN HAVEN,0,0,0,998.64,1636,0.4194871794871795,0.9353174110275927
85232D,997.47,194,69,SET/3 DECOUPAGE STACKING TINS,14.850000000000001,3,0.014887665794459985,982.62,1637,0.4197435897435897,0.935414525879005
22069,996.8,416,146,BROWN  PIRATE TREASURE CHEST,0,0,0,996.8,1638,0.42,0.9355115754984298
23517,996.38,334,63,EMBROIDERED RIBBON REEL REBECCA,0,0,0,996.38,1639,0.42025641025641025,0.9356085842261611
84558A,996.2600000000001,336,81,3D DOG PICTURE PLAYING CARDS,0,0,0,996.2600000000001,1640,0.4205128205128205,0.9357055812705514
10125,994.84,1296,91,MINI FUNKY DESIGN TAPES,0,0,0,994.84,1641,0.4207692307692308,0.9358024400620728
22242,994.3799999999999,640,34,5 HOOK HANGER MAGIC TOADSTOOL,56.099999999999994,34,0.05641706389911302,938.2799999999999,1642,0.42102564102564105,0.9358992540674538
21648,992.79,737,66,ASSORTED TUTTI FRUTTI SMALL PURSE,1.25,1,0.0012590779520341663,991.54,1643,0.42128205128205126,0.9359959132685661
20886,988.18,486,103,BOX OF 9 PEBBLE CANDLES,11.7,6,0.011839948187577162,976.4799999999999,1644,0.42153846153846153,0.9360921236346608
35651,985.8399999999999,451,58,VINTAGE BEAD PINK SCARF,19.799999999999997,12,0.020084395033676865,966.04,1645,0.4217948717948718,0.9361881061756057
35471D,984.5699999999999,1862,223,SET OF 3 BIRD LIGHT PINK FEATHER,2.5,2,0.0025391795403069363,982.0699999999999,1646,0.42205128205128206,0.9362839650678579
20802,984.4699999999999,739,63,SMALL GLASS SUNDAE DISH CLEAR,20.07,39,0.020386603959490896,964.3999999999999,1647,0.42230769230769233,0.9363798142239929
23380,983.5,2344,121,PACK OF 12 VINTAGE DOILY TISSUES,14.04,36,0.014275546517539399,969.46,1648,0.42256410256410254,0.9364755689397878
23518,983.3000000000001,362,44,EMBROIDERED RIBBON REEL RACHEL,17.34,6,0.017634496084613035,965.96,1649,0.4228205128205128,0.9365713041833474
22500,980.7,253,96,SET OF 2 TINS JARDIN DE PROVENCE,0,0,0,980.7,1650,0.4230769230769231,0.9366667862878519
21948,979.48,641,153,SET OF 6 CAKE CHOPSTICKS,0,0,0,979.48,1651,0.42333333333333334,0.9367621496117227
22857,977.76,1159,61,ASSORTED EASTER GIFT TAGS,0,0,0,977.76,1652,0.4235897435897436,0.9368573454743719
23514,977.39,478,74,EMBROIDERED RIBBON REEL SALLY,12.48,6,0.012768700314101843,964.91,1653,0.4238461538461539,0.9369525053133864
23512,977.32,501,57,EMBROIDERED RIBBON REEL ROSIE,0,0,0,977.32,1654,0.4241025641025641,0.9370476583371186
85064,976.25,215,30,CREAM SWEETHEART LETTER RACK,9.3,2,0.009526248399487836,966.95,1655,0.42435897435897435,0.9371427071843934
22681,973.15,710,126,FRENCH BLUE METAL DOOR SIGN 6,14.81,12,0.015218619945537687,958.34,1656,0.4246153846153846,0.9372374542120252
84843,969.8000000000001,172,48,WHITE SOAP RACK WITH 2 BOTTLES,5.95,1,0.0061352856259022474,963.85,1657,0.4248717948717949,0.93733187507972
22307,969.64,770,74,GOLD MUG BONE CHINA TREE OF LIFE,45.9,39,0.047337156057918404,923.74,1658,0.42512820512820515,0.9374262803696267
22209,968.3699999999999,950,173,WOOD STAMP SET HAPPY BIRTHDAY,9.959999999999999,12,0.0102853248241891,958.4099999999999,1659,0.42538461538461536,0.9375205620108412
21058,968.2099999999999,1157,122,PARTY INVITES WOODLAND,10.2,12,0.010534904617799858,958.0099999999999,1660,0.42564102564102563,0.9376148280742674
22599,967.7599999999999,1953,123,CHRISTMAS MUSICAL ZINC STAR,20.4,24,0.02107960651401174,947.3599999999999,1661,0.4258974358974359,0.9377090503251648
23183,967.17,226,84,MOTHER'S KITCHEN SPOON REST,30,8,0.03101833183411396,937.17,1662,0.42615384615384616,0.9378032151329689
21389,966.78,1116,128,IVORY HANGING DECORATION  BIRD,0.85,1,8.792072653550963e-4,965.93,1663,0.4264102564102564,0.9378973419699148
47504H,964.38,978,118,ENGLISH ROSE SPIRIT LEVEL,5,4,0.005184678238868496,959.38,1664,0.4266666666666667,0.9379912351400401
70007,962.9599999999999,845,107,HI TEC ALPINE HAND WARMER,19.799999999999997,12,0.020561601728005315,943.16,1665,0.4269230769230769,0.9380849900572967
22246,962.77,431,90,MAGIC GARDEN FELT GARLAND,23.4,12,0.024304870322091464,939.37,1666,0.42717948717948717,0.93817872647593
22540,960.86,2519,91,MINI JIGSAW CIRCUS PARADE,0.42,1,4.3710842370376534e-4,960.44,1667,0.42743589743589744,0.9382722769347186
22210,959.6999999999999,1019,187,WOOD STAMP SET BEST WISHES,0,0,0,959.6999999999999,1668,0.4276923076923077,0.9383657144545442
20846,958.57,717,88,ZINC HEART LATTICE T-LIGHT HOLDER,0,0,0,958.57,1669,0.42794871794871797,0.9384590419562417
22994,958.2,2197,218,TRAVEL CARD WALLET RETROSPOT,12.6,30,0.013149655604257982,945.6,1670,0.4282051282051282,0.9385523334343044
20733,958.06,1236,205,GOLD MINI TAPE MEASURE,216,300,0.2254556082082542,742.06,1671,0.42846153846153845,0.9386456112818026
22262,953.8599999999999,1027,137,FELT EGG COSY CHICKEN,4.25,5,0.004455580483509111,949.6099999999999,1672,0.4287179487179487,0.938738480212365
84913A,952.83,273,124,SOFT PINK ROSE TOWEL,0,0,0,952.83,1673,0.428974358974359,0.9388312488609168
84819,951.79,811,62,DANISH ROSE ROUND SEWING BOX,17,4,0.017861082801878567,934.79,1674,0.42923076923076925,0.9389239162538467
84509G,950.49,517,66,SET OF 4 FAIRY CAKE PLACEMATS,0,0,0,950.49,1675,0.42948717948717946,0.9390164570772486
84596G,949.92,1857,245,SMALL CHOCOLATES PINK BOWL,0,0,0,949.92,1676,0.4297435897435897,0.9391089424047807
21683,948.7000000000002,310,58,MEDIUM MEDINA STAMPED METAL BOWL,0,0,0,948.7000000000002,1677,0.43,0.9392013089516793
23540,947.0600000000001,150,14,WALL ART THE MAGIC FOREST,0,0,0,947.0600000000001,1678,0.43025641025641026,0.9392935158262505
21717,946.93,408,41,EASTER TIN BUCKET,0,0,0,946.93,1679,0.4305128205128205,0.9393857100438688
15044B,946.83,321,60,BLUE PAPER PARASOL,2.95,1,0.0031156596221074534,943.88,1680,0.4307692307692308,0.9394778945253697
47593B,946.13,1987,245,SCOTTIE DOGS BABY BIB,0,0,0,946.13,1681,0.431025641025641,0.9395700108540478
22270,945.95,244,53,HAPPY EASTER HANGING DECORATION,25.89,7,0.02736931127438025,920.0600000000001,1682,0.43128205128205127,0.9396621096577146
23178,943.9200000000001,330,68,JAM CLOCK MAGNET,14.45,5,0.015308500720400032,929.47,1683,0.43153846153846154,0.9397540108181955
22132,939.03,1038,154,RED LOVE HEART SHAPE CUP,10.2,12,0.010862272770837992,928.8299999999999,1684,0.4317948717948718,0.9398454358825299
35646,937.25,619,94,VINTAGE BEAD PINK EVENING BAG,0,0,0,937.25,1685,0.43205128205128207,0.9399366876439724
22281,935.39,132,63,EASTER TREE YELLOW BIRDS,0,0,0,935.39,1686,0.4323076923076923,0.9400277583136293
20752,935.1500000000001,414,148,BLUE POLKADOT WASHING UP GLOVES,4.2,2,0.0044912580869379244,930.95,1687,0.43256410256410255,0.940118805616604
20686,932.42,270,77,DOLLY MIXTURE CHILDREN'S UMBRELLA,0,0,0,932.42,1688,0.4328205128205128,0.9402095871235704
21462,932.4,198,73,"NURSERY A,B,C PAINTED LETTERS",0,0,0,932.4,1689,0.4330769230769231,0.9403003666833131
22893,931.02,1872,142,MINI CAKE STAND T-LIGHT HOLDER,8.82,21,0.009473480698588645,922.1999999999999,1690,0.43333333333333335,0.9403910118846344
21682,930.96,182,55,LARGE MEDINA STAMPED METAL BOWL,14.850000000000001,3,0.015951276102088168,916.11,1691,0.4335897435897436,0.940481651244285
23179,930.48,324,53,CLOCK MAGNET MUM'S KITCHEN,0,0,0,930.48,1692,0.4338461538461538,0.9405722438705716
23413,929.11,177,58,VINTAGE COFFEE GRINDER BOX,49.800000000000004,12,0.05359968141554822,879.3100000000001,1693,0.4341025641025641,0.940662703112048
22046,929,2250,75,TEA PARTY  WRAPPING PAPER,14.28,34,0.015371367061356297,914.72,1694,0.43435897435897436,0.9407531516437954
22103,928.04,1260,26,MIRROR MOSAIC T-LIGHT HOLDER ROUND,201.66,482,0.21729666824705832,726.38,1695,0.4346153846153846,0.9408435067088146
85185B,926.94,306,71,PINK HORSE SOCK PUPPET,2.95,1,0.003182514510108529,923.99,1696,0.4348717948717949,0.9409337546765408
23099,925.35,137,58,FRENCH CARRIAGE LANTERN,53.2,8,0.05749175987464203,872.15,1697,0.4351282051282051,0.9410238478399987
23002,925.29,2145,192,TRAVEL CARD WALLET SKULLS,53.76,128,0.058100703563207214,871.53,1698,0.43538461538461537,0.9411139351617861
85103,924.29,143,28,SILVER T-LIGHT SETTING,220.15,37,0.2381828214088652,704.14,1699,0.43564102564102564,0.9412039251223983
22701,922.89,549,115,PINK DOG BOWL,43.00000000000001,16,0.04659276836892805,879.89,1700,0.4358974358974359,0.9412937787773652
17091J,920.67,2084,95,VANILLA INCENSE IN TIN,0,0,0,920.67,1701,0.43615384615384617,0.9413834162905231
21802,920.4,2125,180,CHRISTMAS TREE HEART DECORATION,0.42,1,4.5632333767926987e-4,919.98,1702,0.43641025641025644,0.9414730275161639
85114C,920.2199999999999,516,75,RED ENCHANTED FOREST PLACEMAT,0,0,0,920.2199999999999,1703,0.43666666666666665,0.9415626212167929
72799E,919.94,452,76,IVORY PILLAR CANDLE SILVER FLOCK,17.700000000000003,6,0.01924038524251582,902.24,1704,0.4369230769230769,0.9416521876562931
21786,918.25,1940,226,POLKADOT RAIN HAT,9.24,22,0.010062619112442146,909.01,1705,0.4371794871794872,0.9417415895554072
23338,915.4000000000001,431,109,EGG FRYING PAN RED,12.48,6,0.013633384312868691,902.9200000000001,1706,0.43743589743589745,0.9418307139751718
85034A,915.15,501,74,3 GARDENIA MORRIS BOXED CANDLES,20.75,7,0.022673878599136756,894.4,1707,0.4376923076923077,0.9419198140546428
82001s,910.12,122,27,SILVER RECORD COVER FRAME,0,0,0,910.12,1708,0.4379487179487179,0.9420084244074026
23472,909.37,59,33,NINE DRAWER OFFICE TIDY,0,0,0,909.37,1709,0.4382051282051282,0.9420969617392809
21894,908.33,597,130,POTTING SHED SEED ENVELOPES,0,0,0,908.33,1710,0.43846153846153846,0.9421853978155371
23004,906.94,2011,221,TRAVEL CARD WALLET PANTRY,77.28,184,0.08520960592762476,829.6600000000001,1711,0.4387179487179487,0.9422736985597598
37501,906.83,133,49,TEA TIME TEA SET IN GIFT BOX,13.9,2,0.015328121037019067,892.9300000000001,1712,0.438974358974359,0.9423619885942532
22519,906.7500000000001,411,88,CHILDS GARDEN BRUSH PINK,0,0,0,906.7500000000001,1713,0.43923076923076926,0.9424502708398527
84519A,905.55,512,88,TOMATO CHARLIE+LOLA COASTER SET,0,0,0,905.55,1714,0.43948717948717947,0.9425384362520419
85114B,904.14,478,77,IVORY ENCHANTED FOREST PLACEMAT,3.3,2,0.003649877231402216,900.84,1715,0.43974358974358974,0.9426264643849741
23532,901.58,210,31,WALL ART WORK REST AND PLAY,0,0,0,901.58,1716,0.44,0.9427142432732977
85131A,901.48,996,119,BEADED PEARL HEART WHITE ON STICK,11.27,13,0.012501663930425521,890.21,1717,0.44025641025641027,0.9428020124255039
22118,901.46,232,89,JOY WOODEN BLOCK LETTERS,0,0,0,901.46,1718,0.44051282051282054,0.9428897796304866
22106,898.38,349,47,MIRROR MOSAIC HURRICANE LAMP,156.75,121,0.1744807319842383,741.63,1719,0.44076923076923075,0.9429772469630496
21465,897.8,237,79,PINK FLOWER CROCHET FOOD COVER,0,0,0,897.8,1720,0.441025641025641,0.9430646578261311
22277,897.74,417,100,COSMETIC BAG VINTAGE ROSE PAISLEY,0,0,0,897.74,1721,0.4412820512820513,0.9431520628475422
22682,896.75,677,113,FRENCH BLUE METAL DOOR SIGN 7,13.75,11,0.01533314747700028,883,1722,0.44153846153846155,0.9432393714813897
23502,896.41,714,94,PLAYING CARDS VINTAGE DOILY,0,0,0,896.41,1723,0.4417948717948718,0.9433266470124377
21631,896.01,169,27,HIPPY CHIC DECORATIVE PARASOL,0,0,0,896.01,1724,0.442051282051282,0.9434138835990157
22936,895.97,279,50,BAKING MOULD ROSE WHITE CHOCOLATE,198,72,0.22098954206056007,697.97,1725,0.4423076923076923,0.9435011162911464
22719,895.72,620,109,GUMBALL MONOCHROME COAT RACK,11.17,10,0.012470414861787165,884.5500000000001,1726,0.44256410256410256,0.9435883246429836
21633,895.46,125,42,SUNFLOWER DECORATIVE PARASOL,12.75,1,0.014238491948272395,882.71,1727,0.4428205128205128,0.9436755076809152
22761,895.38,36,26,CHEST 7 DRAWER MA CAMPAGNE,43.9,2,0.049029462351180504,851.48,1728,0.4430769230769231,0.9437626829299527
22814,893.51,2141,235,CARD PARTY GAMES,0,0,0,893.51,1729,0.44333333333333336,0.9438496761135926
22251,891.99,714,137,BIRDHOUSE DECORATION MAGIC GARDEN,20,16,0.022421776028879247,871.99,1730,0.44358974358974357,0.9439365213082463
21743,890.6,300,49,STAR PORTABLE TABLE LIGHT,26.55,9,0.029811363125982485,864.0500000000001,1731,0.44384615384615383,0.9440232311708664
84823,890.4,112,25,DANISH ROSE FOLDING CHAIR,0,0,0,890.4,1732,0.4441025641025641,0.9441099215612516
21189,888.67,355,72,WHITE HONEYCOMB PAPER GARLAND,0,0,0,888.67,1733,0.44435897435897437,0.9441964435168037
21199,888.3299999999999,966,78,PINK  HEART CONFETTI IN TUBE,20.16,48,0.022694269021647364,868.17,1734,0.44461538461538463,0.9442829323695561
84536B,888.14,2102,178,FAIRY CAKES NOTEBOOK A7 SIZE,20.16,48,0.022699124011980095,867.98,1735,0.44487179487179485,0.9443694027236854
21209,886.24,1224,89,MULTICOLOUR HONEYCOMB FAN,8.33,19,0.009399259794186677,877.91,1736,0.4451282051282051,0.9444556880915818
22524,883.2,642,81,CHILDRENS GARDEN GLOVES BLUE,0,0,0,883.2,1737,0.4453846153846154,0.9445416774815055
46776F,883.12,210,89,WOVEN ROSE GARDEN CUSHION COVER,0,0,0,883.12,1738,0.44564102564102565,0.9446276590825353
22317,882.62,287,89,FIVE CATS HANGING DECORATION,0,0,0,882.62,1739,0.4458974358974359,0.9447135920029774
22321,881.3299999999999,917,132,BIRD DECORATION RED RETROSPOT,0.85,1,9.644514540523982e-4,880.4799999999999,1740,0.4461538461538462,0.9447993993275037
85176,880.4699999999999,918,172,SEWING SUSAN 21 NEEDLE SET,0.85,1,9.653934830261111e-4,879.6199999999999,1741,0.4464102564102564,0.9448851229214192
23479,880.23,114,44,WIRE EGG BASKET,0,0,0,880.23,1742,0.44666666666666666,0.94497082314865255
84997a,878.7399999999999,106,65,CHILDRENS CUTLERY POLKADOT GREEN,0,0,0,878.7399999999999,1743,0.4469230769230769,0.945056378307735
84030e,877.76,108,41,ENGLISH ROSE HOT WATER BOTTLE,0,0,0,877.76,1744,0.4471794871794872,0.9451418380528658
22308,877.38,250,105,TEA COSY BLUE STRIPE,0,0,0,877.38,1745,0.44743589743589746,0.9452272608007501
23423,876.9,219,66,PANTRY 3 HOOK ROLLING PIN HANGER,18.75,5,0.021382141635306193,858.15,1746,0.44769230769230767,0.9453126368152702
21695,875.3800000000001,290,41,SMALL SILVER FLOWER CANDLE POT,0,0,0,875.3800000000001,1747,0.44794871794871793,0.945397864840804
21399,874.29,2066,71,BLUE POLKADOT COFFEE MUG,43.29,111,0.049514463164396255,831,1748,0.4482051282051282,0.945482986742657
22343,873.9,1977,94,PARTY PIZZA DISH RED RETROSPOT,15.299999999999999,18,0.017507723995880534,858.6,1749,0.44846153846153847,0.9455680706736516
22565,873.52,934,148,FELTCRAFT HAIRBANDS PINK AND WHITE,0,0,0,873.52,1750,0.44871794871794873,0.9456531176073996
22683,871.49,644,119,FRENCH BLUE METAL DOOR SIGN 8,15,12,0.017211901456126864,856.49,1751,0.448974358974359,0.945737966897962
85049H,870.35,849,184,URBAN BLACK RIBBONS,0,0,0,870.35,1752,0.4492307692307692,0.9458227051967846
23220,869.9799999999999,994,103,REINDEER HEART DECORATION GOLD,9.959999999999999,12,0.01144853904687464,860.0199999999999,1753,0.4494871794871795,0.9459074074719724
21204,868.4399999999999,499,85,DAISIES  HONEYCOMB GARLAND,0,0,0,868.4399999999999,1754,0.44974358974358974,0.9459919598109504
21708,868.0600000000001,191,64,FOLDING UMBRELLA CREAM POLKADOT,4.95,1,0.005702370803861484,863.11,1755,0.45,0.9460764751526819
22068,863.38,531,143,BLACK PIRATE TREASURE CHEST,21.449999999999996,13,0.02484421691491579,841.93,1756,0.4502564102564103,0.9461605348441134
21359,860.23,130,29,RELAX LARGE WOOD LETTERS,7.9,2,0.00918359043511619,852.33,1757,0.4505128205128205,0.9462442878478433
84849D,859,494,114,HOT BATHS SOAP HOLDER,37.18,22,0.04328288707799767,821.82,1758,0.45076923076923076,0.9463279210973276
21880,858.7800000000001,1903,240,RED RETROSPOT TAPE,7.800000000000001,12,0.009082652134423252,850.9800000000001,1759,0.451025641025641,0.9464115329273532
85135C,856.38,106,67,RED DRAGONFLY HELICOPTER,7.95,1,0.009283262103271912,848.43,1760,0.4512820512820513,0.9464949110905586
21823,854.7399999999999,1373,97,PAINTED METAL HEART WITH HOLLY BELL,0,0,0,854.7399999999999,1761,0.45153846153846156,0.9465781295814367
85183A,852.04,667,86,CHARLIE & LOLA WASTEPAPER BIN BLUE,2.5,2,0.0029341345476738183,849.54,1762,0.4517948717948718,0.9466610851971416
84535B,850.2,1332,155,FAIRY CAKES NOTEBOOK A6 SIZE,61.75,95,0.07262996941896024,788.45,1763,0.45205128205128203,0.9467438616682844
84006,849.55,919,105,MAGIC TREE -PAPER FLOWERS,0.85,1,0.001000529692189983,848.6999999999999,1764,0.4523076923076923,0.946826574854663
22706,847.94,2057,71,WRAP COWBOYS,10.5,25,0.012382951623935655,837.44,1765,0.45256410256410257,0.9469091312895499
22105,847.8199999999999,574,33,MIRROR MOSAIC GOBLET CANDLE HOLDER,228,240,0.2689250076667217,619.8199999999999,1766,0.45282051282051283,0.9469916760410956
22537,844.84,1931,171,MAGIC DRAWING SLATE DINOSAUR,20.16,48,0.023862506510108423,824.6800000000001,1767,0.4530769230769231,0.9470739306563392
22862,843.95,175,66,LOVE HEART NAPKIN BOX,0,0,0,843.95,1768,0.4533333333333333,0.947156098620137
23564,841.31,644,76,EGG CUP MILKMAID INGRID,0,0,0,841.31,1769,0.4535897435897436,0.9472380095504324
22162,841.24,264,91,HEART GARLAND RUSTIC PADDED,32.45,11,0.03857400979506443,808.79,1770,0.45384615384615384,0.9473199136654452
23551,841.01,1843,136,PACK OF 12 PAISLEY PARK TISSUES,0,0,0,841.01,1771,0.4541025641025641,0.9474017953873881
37327,840.47,1579,81,ASSTD MULTICOLOUR CIRCLES MUG,1.56,4,0.0018561043225814129,838.9100000000001,1772,0.4543589743589744,0.9474836245342961
20839,840.4399999999999,575,105,FRENCH PAISLEY CUSHION COVER,0,0,0,840.4399999999999,1773,0.4546153846153846,0.947565450760369
21694,840.33,307,24,SMALL REGAL  SILVER CANDLEPOT,0,0,0,840.33,1774,0.45487179487179485,0.9476472662767125
15034,840.0200000000001,6591,138,PAPER POCKET TRAVELING FAN,108.29000000000002,1385,0.1289135972953025,731.73,1775,0.4551282051282051,0.9477290516110919
22276,838.86,290,85,WASH BAG VINTAGE ROSE PAISLEY,17.849999999999998,7,0.021278878477934336,821.01,1776,0.4553846153846154,0.9478107240065079
22254,836.8,657,61,FELT TOADSTOOL LARGE,0,0,0,836.8,1777,0.45564102564102565,0.9478921958379032
21125,834.73,660,103,SET 6 FOOTBALL CELEBRATION CANDLES,2.5,2,0.0029949804128281,832.23,1778,0.4558974358974359,0.9479734661316656
20986,833.49,657,113,BLUE CALCULATOR RULER,0,0,0,833.49,1779,0.45615384615384613,0.9480546156975709
22587,833.0699999999999,921,161,FELTCRAFT HAIRBAND RED AND BLUE,0,0,0,833.0699999999999,1780,0.4564102564102564,0.9481357243717827
22217,832.51,840,82,T-LIGHT HOLDER HANGING LACE,50,40,0.06005933862656305,782.51,1781,0.45666666666666667,0.9482167785237363
22102,831.84,1622,31,MIRROR MOSAIC T-LIGHT HOLDER,280.8,720,0.33756491633006347,551.04,1782,0.45692307692307693,0.9482977674437025
21642,831.0199999999999,2472,101,ASSORTED TUTTI FRUTTI PEN,46.54,118,0.05600346562056269,784.4799999999999,1783,0.4571794871794872,0.9483786765275053
21804,830.03,225,65,WHITE CHRISTMAS GARLAND STARS TREES,0,0,0,830.03,1784,0.4574358974358974,0.9484594892237445
22454,827.82,290,41,MEASURING TAPE BABUSHKA RED,23.6,8,0.028508612983498827,804.22,1785,0.4576923076923077,0.9485400867517865
22341,827.6299999999999,453,78,LOVE GARLAND PAINTED ZINC,0,0,0,827.6299999999999,1786,0.45794871794871794,0.9486206657812051
22249,826.46,944,145,DECORATION WHITE CHICK MAGIC GARDEN,3.4,4,0.004113931708733635,823.0600000000001,1787,0.4582051282051282,0.948701130898049
23017,826.28,67,22,APOTHECARY MEASURING JAR,12.5,1,0.015128043762404996,813.78,1788,0.4584615384615385,0.9487815784898811
21294,825.49,1618,71,ETCHED GLASS COASTER,0,0,0,825.49,1789,0.45871794871794874,0.948861949166385
22093,824.08,1835,160,MOTORING TISSUE BOX,15,12,0.018202116299388407,809.08,1790,0.45897435897435895,0.9489421825636318
85194L,823.7399999999999,948,73,HANGING SPRING FLOWER EGG LARGE,23.799999999999997,28,0.028892611746424844,799.9399999999999,1791,0.4592307692307692,0.949022382858079
21905,823.71,761,160,MORE BUTTER METAL SIGN,0,0,0,823.71,1792,0.4594871794871795,0.949102580231691
72818,821.98,1845,76,CHRISTMAS DECOUPAGE CANDLE,25.919999999999998,36,0.03153361395654395,796.0600000000001,1793,0.45974358974358975,0.9491826091704699
21291,819.64,943,52,SMALL POLKADOT CHOCOLATE GIFT BAG,0,0,0,819.64,1794,0.46,0.949262410284099
23186,819.4599999999999,1982,70,FRENCH STYLE STORAGE JAR CAFE,9.24,12,0.011275718155858738,810.2199999999999,1795,0.46025641025641023,0.9493421938727163
23324,816.0400000000001,399,44,RUSTIC STRAWBERRY JAM POT LARGE,67.51,35,0.08272878780451938,748.5300000000001,1796,0.4605128205128205,0.9494216444861148
23106,815.59,291,53,ZINC HEARTS PLANT POT HOLDER,34.68,12,0.04252136490148236,780.9100000000001,1797,0.46076923076923076,0.9495010512869843
85169A,813.02,812,88,IVORY LOVE BIRD CANDLE,15,12,0.018449730633932744,798.02,1798,0.46102564102564103,0.9495802078696335
85049a,812.84,244,36,TRADITIONAL CHRISTMAS RIBBONS,0,0,0,812.84,1799,0.4612820512820513,0.9496593469272713
79191C,812.53,1105,65,RETRO PLASTIC ELEPHANT TRAY,134.29999999999998,158,0.1652862048170529,678.23,1800,0.46153846153846156,0.9497384558029448
23022,808.16,422,22,SMALL BONNE JAM JAR  T-LIGHT HOLDER,62.400000000000006,30,0.07721243318154822,745.76,1801,0.4617948717948718,0.9498171392102827
21789,806.1999999999999,928,92,KIDS RAIN MAC PINK,17,20,0.02108657901265195,789.1999999999999,1802,0.46205128205128204,0.9498956317897171
84509B,806.04,217,79,SET OF 4 FAIRY CAKE PLACEMATS,0,0,0,806.04,1803,0.4623076923076923,0.9499741087913635
22099,804.65,1446,153,CARAVAN SQUARE TISSUE BOX,11.25,9,0.013981234076927857,793.4,1804,0.4625641025641026,0.9500524504609765
22268,804.04,2011,158,DECORATION SITTING BUNNY,8.26,40,0.010273120740261679,795.78,1805,0.46282051282051284,0.9501307327402727
79160,802.13,447,49,HEART SHAPE WIRELESS DOORBELL,16.8,8,0.020944235971725282,785.33,1806,0.46307692307692305,0.9502088290597241
23409,801.68,215,43,PHOTO FRAME LINEN AND LACE LARGE,26.25,7,0.032743738149885245,775.43,1807,0.4633333333333333,0.9502868815666468
22705,801.36,1908,77,WRAP GREEN PEARS,10.5,25,0.01310272536687631,790.86,1808,0.4635897435897436,0.9503649029179935
22546,800.4,2104,86,MINI JIGSAW PURDEY,0.42,1,5.247376311844077e-4,799.98,1809,0.46384615384615385,0.9504428308026119
85170D,796.99,451,100,SET/6 PINK BIRD T-LIGHT CANDLES,8,5,0.010037767098708891,788.99,1810,0.4641025641025641,0.9505204266856229
23487,795.5799999999999,80,44,SWEET HEART CAKE CARRIER,89.55,9,0.11255939063324871,706.03,1811,0.4643589743589744,0.9505978852893769
85035A,795.05,279,81,GARDENIA 3 WICK MORRIS BOXED CANDLE,25.5,6,0.032073454499717,769.55,1812,0.4646153846153846,0.9506752922917081
85173,795.02,479,86,SET/6 FROG PRINCE T-LIGHT CANDLES,12.75,5,0.016037332394153607,782.27,1813,0.46487179487179486,0.950752696373204
22566,794.88,879,150,FELTCRAFT HAIRBAND PINK AND PURPLE,0,0,0,794.88,1814,0.46512820512820513,0.9508300868241355
21162,794.15,1465,162,TOXIC AREA  DOOR HANGER,0,0,0,794.15,1815,0.4653846153846154,0.9509074062014091
23521,793.37,413,44,WALL ART CAT AND BIRD,0,0,0,793.37,1816,0.46564102564102566,0.9509846496369659
23335,792.86,378,96,EGG FRYING PAN IVORY,24.96,12,0.031480967636152664,767.9,1817,0.4658974358974359,0.9510618434183233
23519,792.31,224,24,EMBROIDERED RIBBON REEL CLAIRE,0,0,0,792.31,1818,0.46615384615384614,0.9511389836510346
22340,792.28,1411,128,NOEL GARLAND PAINTED ZINC,17.4,12,0.021961932650073207,774.88,1819,0.4664102564102564,0.9512161209629104
21504,788.97,1915,115,SKULLS GREETING CARD,0,0,0,788.97,1820,0.4666666666666667,0.9512929360092965
23568,787.52,630,48,EGG CUP HENRIETTA HEN CREAM,1.25,1,0.001587261275904104,786.27,1821,0.46692307692307694,0.9513696098819786
21680,786.31,868,103,WOODLAND  STICKERS,0,0,0,786.31,1822,0.46717948717948715,0.9514461659476388
84279B,785.95,195,69,CHERRY BLOSSOM DECORATIVE FLASK,26.25,7,0.03339907118773459,759.7,1823,0.4674358974358974,0.9515226869632757
23115,785.1700000000001,155,45,RED APPLES CHOPPING BOARD,0,0,0,785.1700000000001,1824,0.4676923076923077,0.951599132037196
21272,783.82,553,103,SALLE DE BAIN HOOK,2.5,2,0.003189507795157051,781.32,1825,0.46794871794871795,0.9516754456735299
21158,783.8199999999999,1474,170,MOODY GIRL DOOR HANGER,9.36,24,0.011941517185068001,774.4599999999999,1826,0.4682051282051282,0.9517517593098638
85163B,783.68,84,36,BLACK BAROQUE WALL CLOCK,12.75,1,0.016269395671702738,770.93,1827,0.4684615384615385,0.9518280593156331
22518,783.5400000000001,363,81,CHILDS GARDEN BRUSH BLUE,0,0,0,783.5400000000001,1828,0.4687179487179487,0.9519043456908379
84660A,783.45,843,42,WHITE STITCHED WALL CLOCK,4.54,2,0.0057948816133767305,778.9100000000001,1829,0.46897435897435896,0.9519806233035369
85159A,783.35,453,47,"BLACK TEA,COFFEE,SUGAR JARS",82.39999999999999,40,0.10518925129252568,700.95,1830,0.46923076923076923,0.9520568911801184
22685,780.8,594,99,FRENCH BLUE METAL DOOR SIGN 0,12.5,10,0.016009221311475412,768.3,1831,0.4694871794871795,0.9521329107857033
22451,779.1500000000001,223,51,SILK PURSE BABUSHKA RED,0,0,0,779.1500000000001,1832,0.46974358974358976,0.9522087697453491
22228,778.63,1001,147,BUNNY WOODEN PAINTED WITH BIRD,1.7,2,0.0021833219886210394,776.93,1833,0.47,0.9522845780771836
21983,777.67,2301,155,PACK OF 12 BLUE PAISLEY TISSUES,6.959999999999999,24,0.008949811616752606,770.7099999999999,1834,0.47025641025641024,0.9523602929422901
85231B,777.5799999999999,868,151,CINAMMON SET OF 9 T-LIGHTS,9.35,11,0.012024486226497596,768.2299999999999,1835,0.4705128205128205,0.9524359990448907
85032A,777.1400000000001,790,135,ROMANTIC IMAGES GIFT WRAP SET,0,0,0,777.1400000000001,1836,0.4707692307692308,0.9525116623085744
22422,776.75,1274,205,TOOTHPASTE TUBE PEN,0,0,0,776.75,1837,0.47102564102564104,0.9525872876013998
84509a,775.84,104,68,SET OF 4 ENGLISH ROSE PLACEMATS,0,0,0,775.84,1838,0.4712820512820513,0.9526628242955556
22586,774.55,856,161,FELTCRAFT HAIRBAND PINK AND BLUE,40.8,48,0.05267574720805629,733.75,1839,0.4715384615384615,0.9527382353937955
84519B,774.55,472,126,CARROT CHARLIE+LOLA COASTER SET,0,0,0,774.55,1840,0.4717948717948718,0.9528136464920354
22522,774.29,932,128,CHILDS GARDEN FORK BLUE,10.2,12,0.013173358819047127,764.0899999999999,1841,0.47205128205128205,0.9528890322763698
21084,773.14,2610,181,SET/6 COLLAGE PAPER CUPS,4.5600000000000005,24,0.005898026230695606,768.58,1842,0.4723076923076923,0.9529643060953525
21927,771.15,623,99,BLUE/CREAM STRIPE CUSHION COVER,48.75,39,0.06321727290410427,722.4,1843,0.4725641025641026,0.9530393861655968
21618,770.87,406,91,4 WILDFLOWER BOTANICAL CANDLES,0,0,0,770.87,1844,0.4728205128205128,0.9531144389747122
22133,770.7299999999999,816,133,PINK LOVE HEART SHAPE CUP,0,0,0,770.7299999999999,1845,0.47307692307692306,0.9531894781532627
84609,770.59,93,20,TALL ROCOCO CANDLE HOLDER,17,2,0.022061018180874394,753.59,1846,0.47333333333333333,0.953264503701249
22252,770.32,650,67,BIRDCAGE DECORATION TEALIGHT HOLDER,7.5,6,0.009736213521653339,762.82,1847,0.4735897435897436,0.9533395029617177
85125,770.2900000000001,163,33,SMALL ROUND CUT GLASS CANDLESTICK,0,0,0,770.2900000000001,1848,0.47384615384615386,0.9534144993013514
21530,769.57,777,104,DAIRY MAID TOASTRACK,48.190000000000005,61,0.06261938485128059,721.38,1849,0.47410256410256413,0.9534894255409389
23140,766.1,182,52,TRIPLE WIRE HOOK IVORY HEART,49.800000000000004,12,0.0650045685941783,716.3000000000001,1850,0.47435897435897434,0.9535640139372484
22025,766.09,1847,130,RING OF ROSES BIRTHDAY CARD,5.04,12,0.006578861491469671,761.0500000000001,1851,0.4746153846153846,0.9536386013599463
23006,765.27,1764,173,TRAVEL CARD WALLET FLOWER MEADOW,32.76,78,0.04280842055745031,732.51,1852,0.47487179487179487,0.9537131089464803
22786,764.63,123,47,CUSHION COVER PINK UNION JACK,0,0,0,764.63,1853,0.47512820512820514,0.9537875542218625
21707,763.6600000000001,160,74,FOLDING UMBRELLA BLACKBLUE POLKADOT,0,0,0,763.6600000000001,1854,0.4753846153846154,0.9538619050569046
23550,763.1,1855,64,WRAP ALPHABET POSTER,0,0,0,763.1,1855,0.4756410256410256,0.9539362013696886
23458,762.4499999999999,51,30,DOLLY CABINET 3 DRAWERS,74.75,5,0.09803921568627452,687.6999999999999,1856,0.4758974358974359,0.9540104343977086
85212,761.4,2476,79,MINI PAINTED GARDEN DECORATION,0,0,0,761.4,1857,0.47615384615384615,0.9540845651964949
23025,760.8000000000001,350,54,DRAWER KNOB VINTAGE GLASS BALL,12.48,6,0.01640378548895899,748.32,1858,0.4764102564102564,0.954158637578576
85130B,760.4300000000001,834,62,BEADED CRYSTAL HEART GREEN LARGE,0,0,0,760.4300000000001,1859,0.4766666666666667,0.9542326739370223
23123,760.4,936,95,COCKTAIL SWORDS 50 PIECES,4.9799999999999995,6,0.006549184639663335,755.42,1860,0.47692307692307695,0.9543067073746333
17084R,760.3199999999999,4032,27,ASSORTED INCENSE PACK,0,0,0,760.3199999999999,1861,0.47717948717948716,0.9543807330233504
21287,760.15,1790,55,SCENTED VELVET LOUNGE CANDLE,0,0,0,760.15,1862,0.4774358974358974,0.9544547421206674
10002,759.89,860,71,INFLATABLE POLITICAL GLOBE,0,0,0,759.89,1863,0.4776923076923077,0.9545287259040791
21822,759.44,740,97,GLITTER CHRISTMAS TREE WITH BELLS,4.6899999999999995,3,0.0061756030759507,754.75,1864,0.47794871794871796,0.9546026658749619
85036A,759.35,223,60,GARDENIA 1 WICK MORRIS BOXED CANDLE,1.25,1,0.0016461447290445775,758.1,1865,0.4782051282051282,0.954676597083339
22753,758.9799999999999,1011,217,SMALL YELLOW BABUSHKA NOTEBOOK,0,0,0,758.9799999999999,1866,0.47846153846153844,0.9547504922680813
23282,757.86,812,135,FOLDING BUTTERFLY MIRROR IVORY,0,0,0,757.86,1867,0.4787179487179487,0.9548242784083074
22480,757.21,631,73,RED TEA TOWEL CLASSIC DESIGN,0,0,0,757.21,1868,0.47897435897435897,0.9548980012637696
21383,755.83,998,167,PACK OF 12 STICKY BUNNIES,1.3,2,0.001719963483852189,754.5300000000001,1869,0.47923076923076924,0.95497158976081
22336,754.4100000000001,2383,79,DOVE DECORATION PAINTED ZINC,14.950000000000001,23,0.019816810487665856,739.46,1870,0.4794871794871795,0.9550450400049816
84913B,754.07,196,86,MINT GREEN ROSE TOWEL,0,0,0,754.07,1871,0.47974358974358977,0.9551184571463537
23454,753.95,179,52,THREE MINI HANGING FRAMES,8.3,2,0.011008687578751907,745.6500000000001,1872,0.48,0.9551918626043847
23223,751.8499999999999,803,88,CHRISTMAS TREE HANGING SILVER,9.959999999999999,12,0.013247323269269137,741.8899999999999,1873,0.48025641025641025,0.9552650636039479
22495,751.7700000000001,283,98,SET OF 2 ROUND TINS CAMEMBERT,17.700000000000003,6,0.02354443513308592,734.07,1874,0.4805128205128205,0.9553382568146171
22523,751.66,865,135,CHILDS GARDEN FORK PINK,10.2,12,0.013569965143815022,741.4599999999999,1875,0.4807692307692308,0.955411439315557
23124,751.38,567,43,18PC WOODEN CUTLERY SET DISPOSABLE,0,0,0,751.38,1876,0.48102564102564105,0.9554845945553678
20748,751.17,57,34,KENSINGTON COFFEE SET,0,0,0,751.17,1877,0.48128205128205126,0.9555577293493318
21126,750.2,593,126,SET OF 6 GIRLS CELEBRATION CANDLES,0,0,0,750.2,1878,0.4815384615384615,0.9556307697029561
84763,748.34,601,57,ZINC FINISH 15CM PLANTER POTS,0,0,0,748.34,1879,0.4817948717948718,0.9557036289647943
22481,748.08,827,128,BLACK TEA TOWEL CLASSIC DESIGN,0,0,0,748.08,1880,0.48205128205128206,0.9557764629127271
22322,747.81,820,139,BIRD DECORATION GREEN POLKADOT,10.2,12,0.013639828298632006,737.6099999999999,1881,0.4823076923076923,0.9558492705731424
85032B,747.7900000000001,798,133,BLOSSOM IMAGES GIFT WRAP SET,0,0,0,747.7900000000001,1882,0.48256410256410254,0.9559220762863344
21215,745.45,1089,124,IVORY PAPER CUP CAKE CASES,0,0,0,745.45,1883,0.4828205128205128,0.9559946541743763
22258,743.89,912,77,FELT FARM ANIMAL RABBIT,8.75,7,0.011762491766255764,735.14,1884,0.48307692307692307,0.9560670801789851
22316,743.62,661,55,200 BENDY SKULL STRAWS,1.25,1,0.0016809660848282725,742.37,1885,0.48333333333333334,0.9561394798960764
21643,743.31,550,60,ASSORTED TUTTI FRUTTI MIRROR,15,12,0.020180005650401584,728.31,1886,0.4835897435897436,0.9562118494312035
22393,741.9799999999999,512,71,PAPERWEIGHT VINTAGE COLLAGE,10.2,4,0.013747001266880509,731.7799999999999,1887,0.48384615384615387,0.9562840894759677
23325,740.9399999999999,462,35,RUSTIC STRAWBERRY JAM POT SMALL,29.699999999999996,18,0.04008421734553405,711.2399999999999,1888,0.4841025641025641,0.9563562282651096
22097,739.57,1610,145,SWALLOW SQUARE TISSUE BOX,3.9000000000000004,10,0.005273334505185446,735.6700000000001,1889,0.48435897435897435,0.9564282336694415
22264,738.68,1563,96,FELT FARM ANIMAL WHITE BUNNY,0,0,0,738.68,1890,0.4846153846153846,0.9565001524223274
23114,737.95,149,45,VINTAGE LEAF CHOPPING BOARD,14.850000000000001,3,0.020123314587709194,723.1,1891,0.4848717948717949,0.9565720001015555
21677,737.8399999999999,835,119,HEARTS  STICKERS,10.2,12,0.01382413531388919,727.6399999999999,1892,0.48512820512820515,0.9566438370710545
79030G,735.8299999999999,1409,67,TUMBLER NEW ENGLAND,0,0,0,735.8299999999999,1893,0.48538461538461536,0.9567154783445911
84660B,734.86,709,40,BLACK STITCHED WALL CLOCK,0,0,0,734.86,1894,0.4856410256410256,0.9567870251777879
23435,734.79,827,99,3 RAFFIA RIBBONS VINTAGE CHRISTMAS,0,0,0,734.79,1895,0.4858974358974359,0.9568585651957023
22250,732.65,821,147,DECORATION  BUTTERFLY  MAGIC GARDEN,3.4,4,0.004640687913737801,729.25,1896,0.48615384615384616,0.956929896860702
22400,731.8199999999999,1400,150,MAGNETS PACK OF 4 HOME SWEET HOME,0.39,1,5.329179306386817e-4,731.43,1897,0.4864102564102564,0.9570011477159263
72803A,730.97,531,41,ROSE SCENT CANDLE JEWELLED DRAWER,8.5,2,0.011628384201814028,722.47,1898,0.4866666666666667,0.9570723158141516
22821,730.47,1183,139,GIFT BAG PSYCHEDELIC APPLES,7.800000000000001,12,0.010678056593699947,722.6700000000001,1899,0.4869230769230769,0.9571434352317892
23562,730.37,253,43,SET OF 6 RIBBONS PERFECTLY PRETTY,0,0,0,730.37,1900,0.48717948717948717,0.9572145449133095
21398,729.6,1532,63,RED POLKADOT COFFEE  MUG,0,0,0,729.6,1901,0.48743589743589744,0.9572855796267248
22856,729.57,569,27,ASSORTED EASTER DECORATIONS  BELLS,26.25,21,0.035980097865866194,703.32,1902,0.4876923076923077,0.9573566114193048
90200D,729.57,176,78,PINK SWEETHEART BRACELET,0,0,0,729.57,1903,0.48794871794871797,0.9574276432118849
22684,728.57,533,98,FRENCH BLUE METAL DOOR SIGN 9,16.25,13,0.02230396530189275,712.32,1904,0.4882051282051282,0.9574985776432896
20996,727.46,3194,225,JAZZ HEARTS ADDRESS BOOK,0,0,0,727.46,1905,0.48846153846153845,0.9575694040037901
23522,727.4399999999999,354,32,WALL ART DOG AND BALL,0,0,0,727.4399999999999,1906,0.4887179487179487,0.957640228417067
22718,727.31,1657,168,CARD CAT AND TREE,10.08,24,0.013859289711402292,717.2299999999999,1907,0.488974358974359,0.9577110401733911
84754,725.52,558,62,S/15 SILVER GLASS BAUBLES IN BAG,152.64000000000001,144,0.21038703274892492,572.88,1908,0.48923076923076925,0.9577816776532116
21883,725.4200000000001,1653,133,STARS GIFT TAPE,0.19,1,2.619172341540073e-4,725.23,1909,0.4894871794871795,0.9578523053969147
85131D,725.26,850,206,BEADED CRYSTAL HEART PINK ON STICK,0,0,0,725.26,1910,0.4897435897435897,0.9579229175628297
46775D,720.93,60,39,SUNSET COLOUR CHUNKY KNITTED THROW,0,0,0,720.93,1911,0.49,0.957993108154856
22287,720.16,796,80,DECORATION WOBBLY CHICKEN,4.68,12,0.006498555876471895,715.48,1912,0.49025641025641026,0.9580632237787776
85032C,719.84,685,140,CURIOUS IMAGES GIFT WRAP SET,7.800000000000001,12,0.010835741275839077,712.0400000000001,1913,0.4905128205128205,0.9581333082471231
79067,719.69,172,38,CORONA MEXICAN TRAY,0,0,0,719.69,1914,0.4907692307692308,0.9582033781112924
23222,718.53,799,75,CHRISTMAS TREE HANGING GOLD,19.919999999999998,24,0.02772326833952653,698.61,1915,0.491025641025641,0.9582733350364984
21630,718.14,69,35,FLOOR CUSHION ELEPHANT CARNIVAL,8.95,1,0.012462750995627592,709.1899999999999,1916,0.49128205128205127,0.9583432539908461
84581,717.21,189,90,DOG TOY WITH PINK CROCHET SKIRT,0,0,0,717.21,1917,0.49153846153846154,0.9584130823993008
22026,717.12,1656,160,BANQUET BIRTHDAY  CARD,5.04,12,0.007028112449799197,712.08,1918,0.4917948717948718,0.9584829020452499
21775,716.86,515,139,DECORATIVE FLORE BATHROOM BOTTLE,3.75,3,0.0052311469464051555,713.11,1919,0.49205128205128207,0.9585526963772932
22201,716.8,193,87,FRYING PAN BLUE POLKADOT,8.5,2,0.01185825892857143,708.3,1920,0.49230769230769234,0.9586224848676662
23042,711.51,103,28,PAPER LANTERN 7 POINT SNOW STAR,66.5,10,0.09346319798737895,645.01,1921,0.49256410256410255,0.9586917583174224
20866,710.95,598,90,BLUE ROSE FABRIC MIRROR,127.2,120,0.17891553555102327,583.75,1922,0.4928205128205128,0.9587609772449205
84817,710.64,951,55,DANISH ROSE DECORATIVE PLATE,77.7,37,0.10933806146572105,632.9399999999999,1923,0.4930769230769231,0.9588301659904542
21636,709.66,919,73,MADRAS NOTEBOOK MEDIUM,0,0,0,709.66,1924,0.49333333333333335,0.9588992593220365
23070,709.5400000000001,160,44,EDWARDIAN HEART PHOTO FRAME,0,0,0,709.5400000000001,1925,0.4935897435897436,0.9589683409702774
21143,709.18,328,36,ANTIQUE GLASS HEART DECORATION,3.9,2,0.005499309061169238,705.28,1926,0.4938461538461538,0.9590373875684954
21739,708.98,256,111,COSY SLIPPER SHOES SMALL GREEN,0,0,0,708.98,1927,0.4941025641025641,0.9591064146944784
21289,708.75,567,49,LARGE STRIPES CHOCOLATE GIFT BAG,25,20,0.03527336860670194,683.75,1928,0.49435897435897436,0.959175419427391
22514,706.5500000000001,303,99,CHILDS GARDEN SPADE BLUE,0,0,0,706.5500000000001,1929,0.4946153846153846,0.9592442099657185
22981,705.5799999999999,472,105,PANTRY APPLE CORER,8.7,6,0.012330281470563224,696.8799999999999,1930,0.4948717948717949,0.9593129060637058
21356,704.55,643,151,TOAST ITS - FAIRY FLOWER,0,0,0,704.55,1931,0.4951282051282051,0.9593815018796826
16235,702.96,3104,168,RECYCLED PENCIL WITH RABBIT ERASER,0.21,1,2.9873677022874696e-4,702.75,1932,0.49538461538461537,0.9594499428913911
21106,702.51,237,53,CREAM SLICE FLANNEL CHOCOLATE SPOT,0,0,0,702.51,1933,0.49564102564102563,0.9595183400905706
79164,699.96,1672,19,BLACK WINE GLASS,4.949999999999999,3,0.007071832676152922,695.01,1934,0.4958974358974359,0.9595864890187534
21476,699.63,41,24,STEEL SWEETHEART ROUND TABLE CREAM,0,0,0,699.63,1935,0.49615384615384617,0.9596546058177483
21208,697.77,940,83,PASTEL COLOUR HONEYCOMB FAN,15.989999999999998,41,0.022915860527107784,681.78,1936,0.49641025641025643,0.9597225415249574
20704,697.7,216,44,MR ROBOT SOFT TOY,27.8,4,0.03984520567579189,669.9000000000001,1937,0.49666666666666665,0.9597904704168845
85049D,697.49,549,107,BRIGHT BLUES RIBBONS,0,0,0,697.49,1938,0.4969230769230769,0.9598583788629645
85078,696.8,1932,124,SCANDINAVIAN 3 HEARTS NAPKIN RING,0,0,0,696.8,1939,0.4971794871794872,0.9599262201298336
23120,695.41,1716,100,PACK OF 6 SMALL FRUIT STRAWS,30.240000000000002,72,0.04348513826375808,665.17,1940,0.49743589743589745,0.9599939260646694
84707A,695.23,95,45,SILVER JEWELLED MIRROR TRINKET TRAY,0,0,0,695.23,1941,0.4976923076923077,0.9600616144744936
23187,695.06,2338,74,FRENCH STYLE STORAGE JAR BONBONS,16.49,37,0.023724570540672747,678.5699999999999,1942,0.4979487179487179,0.960129286332918
21066,694.72,703,54,VINTAGE RED MUG,15,12,0.02159143251957623,679.72,1943,0.4982051282051282,0.9601969250885428
84660C,693.32,661,45,PINK STITCHED WALL CLOCK,0,0,0,693.32,1944,0.49846153846153846,0.9602644275385224
21650,692.85,2550,132,ASSORTED TUTTI FRUTTI BRACELET,4.5600000000000005,24,0.006581511149599481,688.2900000000001,1945,0.4987179487179487,0.9603318842287496
16225,691.85,815,102,RATTLE SNAKE EGGS,0,0,0,691.85,1946,0.498974358974359,0.9603992435578016
35923,690.52,1318,62,CANDY HEART HANGING DECORATION,0.39,1,5.647917511440654e-4,690.13,1947,0.49923076923076926,0.9604664733964908
21696,690.1000000000001,230,33,SMALL SILVER TRELLIS CANDLEPOT,35.400000000000006,12,0.051296913490798436,654.7000000000002,1948,0.49948717948717947,0.9605336623434862
22403,689.67,1323,125,MAGNETS PACK OF 4 VINTAGE LABELS,15,12,0.021749532385053724,674.67,1949,0.49974358974358973,0.9606008094251763
21317,689.53,112,34,GLASS SPHERE CANDLE STAND MEDIUM,4.95,1,0.007178802952735922,684.5799999999999,1950,0.5,0.960667942876302
79066K,689.3399999999999,783,146,RETRO MOD TRAY,10.2,12,0.014796762120288973,679.1399999999999,1951,0.5002564102564102,0.9607350578288042
85071B,688.91,1301,125,RED CHARLIE+LOLA PERSONAL DOORSIGN,5.9,2,0.008564253676097023,683.01,1952,0.5005128205128205,0.9608021309160013
22324,688.3,286,74,BLUE POLKADOT KIDS BAG,0,0,0,688.3,1953,0.5007692307692307,0.9608691446128815
21629,687.95,73,42,SQUARE FLOOR CUSHION VINTAGE RED,0,0,0,687.95,1954,0.5010256410256411,0.9609361242333503
20902,686.86,112,56,VINTAGE KEEPSAKE BOX PARIS DAYS,0,0,0,686.86,1955,0.5012820512820513,0.9610029977301382
23597,684.97,251,31,PAPER BUNTING PAISLEY PARK,17.700000000000003,6,0.02584054776121582,667.27,1956,0.5015384615384615,0.9610696872143049
21163,684.62,1201,127,DO NOT TOUCH MY STUFF DOOR HANGER,1.25,1,0.0018258303876603078,683.37,1957,0.5017948717948718,0.9611363426220605
22339,683.3100000000001,2468,83,CHRISTMAS TREE PAINTED ZINC,16.93,31,0.024776455781416924,666.3800000000001,1958,0.502051282051282,0.9612028704866763
85019B,682.97,512,36,BLOSSOM  IMAGES NOTEBOOK SET,0,0,0,682.97,1959,0.5023076923076923,0.9612693652484928
22062,682.01,588,73,CERAMIC BOWL WITH LOVE HEART DESIGN,4.9799999999999995,6,0.007301945719270978,677.03,1960,0.5025641025641026,0.961335766543581
35001G,681.59,199,30,HAND OPEN SHAPE GOLD,0,0,0,681.59,1961,0.5028205128205128,0.9614021269469756
22136,680.93,379,84,LOVE HEART SOCK HANGER,1.45,1,0.002129440617978353,679.4799999999999,1962,0.5030769230769231,0.9614684230919947
46776B,679.67,161,88,WOVEN BERRIES CUSHION COVER,0,0,0,679.67,1963,0.5033333333333333,0.9615345965619329
21205,677.1899999999999,253,68,MULTICOLOUR 3D BALLS GARLAND,51,20,0.07531121251052142,626.1899999999999,1964,0.5035897435897436,0.9616005285761569
22806,677.0400000000001,260,38,SET OF 6 T-LIGHTS WEDDING CAKE,0,0,0,677.0400000000001,1965,0.5038461538461538,0.9616664459862043
84659A,676.27,280,89,WHITE TRAVEL ALARM CLOCK,2.55,1,0.003770683306963195,673.72,1966,0.5041025641025642,0.961732288428147
23428,675.91,77,33,IVORY RETRO KITCHEN WALL CLOCK,16.3,2,0.024115636697193417,659.61,1967,0.5043589743589744,0.9617980958200666
40001,675.2299999999999,821,56,WHITE BAMBOO RIBS LAMPSHADE,12.16,19,0.018008678524354668,663.0699999999999,1968,0.5046153846153846,0.9618638370063871
22267,673.17,836,83,EASTER DECORATION EGG BUNNY,0,0,0,673.17,1969,0.5048717948717949,0.9619293776286867
21351,672.88,104,34,CINAMMON & ORANGE WREATH,47.25,7,0.07022054452502675,625.63,1970,0.5051282051282051,0.9619948900162455
47591d,672.24,134,56,PINK FAIRY CAKE CHILDRENS APRON,0,0,0,672.24,1971,0.5053846153846154,0.9620603400926522
21261,672.09,187,45,GREEN GOOSE FEATHER CHRISTMAS TREE,0,0,0,672.09,1972,0.5056410256410256,0.9621257755648825
37475,671.93,71,43,SET/4 COLOURFUL MIXING BOWLS,0,0,0,671.93,1973,0.5058974358974359,0.9621911954593249
84923,671.62,162,98,PINK BUTTERFLY HANDBAG W BOBBLES,0,0,0,671.62,1974,0.5061538461538462,0.9622565851718029
22618,671.53,69,28,COOKING SET RETROSPOT,174.18,20,0.2593778386669248,497.34999999999997,1975,0.5064102564102564,0.9623219661217752
22535,671.01,1766,134,MAGIC DRAWING SLATE BUNNIES,20.16,48,0.030044261635445074,650.85,1976,0.5066666666666667,0.9623872964439364
22204,669.54,197,79,MILK PAN BLUE POLKADOT,18.75,5,0.028004301460704366,650.79,1977,0.5069230769230769,0.96245248364517
22057,667.92,584,61,CERAMIC PLATE STRAWBERRY DESIGN,71.52,48,0.10707869205892921,596.4,1978,0.5071794871794871,0.9625175131212999
23024,667.85,255,11,LARGE BONNE JAM JAR  T-LIGHT HOLDER,4.98,2,0.007456764243467845,662.87,1979,0.5074358974358975,0.9625825357821476
47574A,665.95,549,114,ENGLISH ROSE SCENTED HANGING FLOWER,1.5,2,0.0022524213529544258,664.45,1980,0.5076923076923077,0.9626473734567623
20767,663.7099999999999,253,79,BLUE PAISLEY JOURNAL,0,0,0,663.7099999999999,1981,0.507948717948718,0.9627119930423446
85199L,663.4300000000001,977,95,LARGE HANGING IVORY & RED WOOD BIRD,8.450000000000001,13,0.012736837345311487,654.98,1982,0.5082051282051282,0.962776585366798
21613,661.9300000000001,227,42,S/12 VANILLA  BOTANICAL T-LIGHTS,0,0,0,661.9300000000001,1983,0.5084615384615384,0.9628410316494884
23547,661.5,1575,62,WRAP FLOWER SHOP,0,0,0,661.5,1984,0.5087179487179487,0.9629054360668736
22450,661.11,195,58,SILK PURSE BABUSHKA BLUE,3.35,1,0.005067235407118331,657.76,1985,0.5089743589743589,0.9629698025134004
23482,661.02,418,39,PEARLISED IVORY HEART LARGE,0,0,0,661.02,1986,0.5092307692307693,0.9630341601974215
22615,660.7299999999999,2075,102,PACK OF 12 CIRCUS PARADE TISSUES,4.68,12,0.00708307478092413,656.05,1987,0.5094871794871795,0.9630984896467017
18098C,658.75,213,49,PORCELAIN BUTTERFLY OIL BURNER,0,0,0,658.75,1988,0.5097435897435898,0.9631626263208551
72349b,658.51,159,82,SET/6 PURPLE BUTTERFLY T-LIGHTS,0,0,0,658.51,1989,0.51,0.9632267396283265
22756,656.52,599,123,LARGE YELLOW BABUSHKA NOTEBOOK,0,0,0,656.52,1990,0.5102564102564102,0.9632906591870593
22448,656.4300000000001,201,45,PIN CUSHION BABUSHKA RED,0,0,0,656.4300000000001,1991,0.5105128205128205,0.9633545699832864
20658,653.36,434,105,RED RETROSPOT LUGGAGE TAG,15,12,0.022958246602179502,638.36,1992,0.5107692307692308,0.9634181818807055
46776A,651.95,155,70,WOVEN BUBBLE GUM CUSHION COVER,0,0,0,651.95,1993,0.5110256410256411,0.9634816564988675
21187,651.75,371,48,WHITE BELL HONEYCOMB PAPER GARLAND,0,0,0,651.75,1994,0.5112820512820513,0.9635451116447946
23224,649.02,738,71,CHERUB HEART DECORATION GOLD,11.62,14,0.01790391667437059,637.4,1995,0.5115384615384615,0.9636083009947136
22525,648.97,489,74,CHILDRENS GARDEN GLOVES PINK,0,0,0,648.97,1996,0.5117948717948718,0.9636714854765737
22953,647.11,502,98,BIRTHDAY PARTY CORDON BARRIER TAPE,0,0,0,647.11,1997,0.512051282051282,0.963734488866648
22533,646.49,1787,88,MAGIC DRAWING SLATE BAKE A CAKE,10.08,24,0.01559188850562267,636.41,1998,0.5123076923076924,0.9637974318927935
22715,645.64,1543,130,CARD WEDDING DAY,0,0,0,645.64,1999,0.5125641025641026,0.9638602921619402
21747,645.61,485,54,SMALL SKULL WINDMILL,15,12,0.02323384086367931,630.61,2000,0.5128205128205128,0.9639231495102517
22067,645.2199999999999,412,70,CHOC TRUFFLE GOLD TRINKET POT,9.1,6,0.014103716561792878,636.1199999999999,2001,0.5130769230769231,0.9639859688877049
85177,645.06,813,63,BASKET OF FLOWERS SEWING KIT,0.85,1,0.001317706879980157,644.2099999999999,2002,0.5133333333333333,0.9640487726873701
23408,644.8000000000001,310,59,PHOTO FRAME LINEN AND LACE SMALL,29.12,14,0.04516129032258064,615.6800000000001,2003,0.5135897435897436,0.9641115511731295
84789,644.47,187,48,ENCHANTED BIRD PLANT CAGE,0,0,0,644.47,2004,0.5138461538461538,0.9641742975297014
21640,644.03,662,78,ASSORTED TUTTI FRUTTI  FOB NOTEBOOK,0,0,0,644.03,2005,0.514102564102564,0.964237001047356
17021,643.14,2427,47,NAMASTE SWAGAT INCENSE,0,0,0,643.14,2006,0.5143589743589744,0.9642996179135649
21808,641.58,181,48,"CHRISTMAS GARLAND STARS,TREES",0,0,0,641.58,2007,0.5146153846153846,0.9643620828963403
22389,641.55,338,45,PAPERWEIGHT SAVE THE PLANET,210,100,0.32733224222585927,431.54999999999995,2008,0.5148717948717949,0.9644245449582807
21446,640.92,457,105,12 RED ROSE PEG PLACE SETTINGS,0,0,0,640.92,2009,0.5151282051282051,0.9644869456826805
35810A,640.92,634,75,ENAMEL PINK COFFEE CONTAINER,0,0,0,640.92,2010,0.5153846153846153,0.9645493464070803
84800L,639.36,360,22,LARGE WHITE/PINK ROSE ART FLOWER,40.56,24,0.06343843843843844,598.8,2011,0.5156410256410257,0.9646115952480468
84929,637.5600000000001,2412,65,ASSTD FRUIT+FLOWERS FRIDGE MAGNETS,168.49,307,0.2642731664470795,469.07000000000005,2012,0.5158974358974359,0.9646736688388982
85141,635.74,124,39,JARDIN ETCHED GLASS FRUITBOWL,40.55,9,0.06378393682952149,595.19,2013,0.5161538461538462,0.9647355652324106
23492,635.38,76,28,VINTAGE JINGLE BELLS WREATH,0,0,0,635.38,2014,0.5164102564102564,0.9647974265758997
21054,634.53,70,29,NURSE'S BAG SOFT TOY,0,0,0,634.53,2015,0.5166666666666667,0.9648592051623903
22396,634.43,1232,128,MAGNETS PACK OF 4 RETRO PHOTO,15,12,0.023643270337153036,619.43,2016,0.5169230769230769,0.9649209740127632
23456,634.1,158,36,MEDIUM PARLOUR PICTURE FRAME,8.3,2,0.01308941807285917,625.8000000000001,2017,0.5171794871794871,0.9649827107339483
84086C,634.07,222,53,PINK/PURPLE RETRO RADIO,0,0,0,634.07,2018,0.5174358974358975,0.965044444534298
21784,633.0699999999999,57,44,SHOE SHINE BOX,19.9,2,0.03143412260887422,613.17,2019,0.5176923076923077,0.9651060809734728
20840,632.3199999999999,533,74,FRENCH FLORAL CUSHION COVER,10.2,12,0.01613107287449393,622.1199999999999,2020,0.517948717948718,0.9651676443917659
23453,631.5799999999999,324,47,OVAL  MINI PORTRAIT FRAME,0,0,0,631.5799999999999,2021,0.5182051282051282,0.9652291357627896
23216,630.73,525,44,LAUREL HEART ANTIQUE GOLD,0,0,0,630.73,2022,0.5184615384615384,0.9652905443768143
72232,630.23,3317,65,FENG SHUI PILLAR CANDLE,0,0,0,630.23,2023,0.5187179487179487,0.9653519043102514
21417,629.8000000000001,340,68,COCKLE SHELL DISH,2.1,1,0.0033343918704350586,627.7,2024,0.518974358974359,0.9654132223783831
84596L,629.8,1255,172,BISCUITS SMALL BOWL LIGHT BLUE,0,0,0,629.8,2025,0.5192307692307693,0.965474540446515
23019,629.0500000000001,81,28,SMALL APOTHECARY MEASURING JAR,0,0,0,629.0500000000001,2026,0.5194871794871795,0.9655357854937655
20932,628.7900000000001,204,35,PINK POT PLANT CANDLE,29.5,10,0.046915504381430995,599.2900000000001,2027,0.5197435897435897,0.9655970052271102
23027,627.95,295,30,DRAWER KNOB VINTAGE GLASS HEXAGON,0,0,0,627.95,2028,0.52,0.9656581431770681
23471,626.74,66,27,SIX DRAWER OFFICE TIDY,0,0,0,626.74,2029,0.5202564102564102,0.9657191633200036
79163,626.55,1529,35,BLACK CHAMPAGNE GLASS,5.16,10,0.00823557577208523,621.39,2030,0.5205128205128206,0.9657801649643162
22559,626.53,505,81,SEASIDE FLYING DISC,0,0,0,626.53,2031,0.5207692307692308,0.965841164661405
20735,625.8,623,112,BLACK MINI TAPE MEASURE,0,0,0,625.8,2032,0.521025641025641,0.9659020932848361
22194,625.6899999999999,66,44,BLACK DINER WALL CLOCK,17,2,0.02717000431523598,608.6899999999999,2033,0.5212820512820513,0.9659630111985379
21865,625.23,274,106,PINK UNION JACK  PASSPORT COVER,0,0,0,625.23,2034,0.5215384615384615,0.9660238843260991
84665,624.75,105,17,SQUARE CHERRY BLOSSOM CABINET,119,20,0.19047619047619047,505.75,2035,0.5217948717948718,0.9660847107202962
21426,624.58,256,46,WOODLAND STORAGE BOX SMALL,8.4,4,0.013449037753370264,616.1800000000001,2036,0.522051282051282,0.9661455205630936
22269,622.74,933,125,EGG CUP NATURAL CHICKEN,0,0,0,622.74,2037,0.5223076923076924,0.9662061512613286
22035,622.36,1464,137,VINTAGE CARAVAN GREETING CARD,0,0,0,622.36,2038,0.5225641025641026,0.9662667449623169
21684,622.3,783,47,SMALL MEDINA STAMPED METAL BOWL,0,0,0,622.3,2039,0.5228205128205128,0.9663273328216349
22520,622.0999999999999,719,113,CHILDS GARDEN TROWEL BLUE,0,0,0,622.0999999999999,2040,0.5230769230769231,0.9663879012087178
23425,621.44,275,56,STORAGE TIN HOME SWEET HOME,17.43,7,0.028047760041194643,604.0100000000001,2041,0.5233333333333333,0.9664484053374249
20772,621.1899999999999,247,65,GARDEN PATH JOURNAL,2.55,1,0.004105024227692011,618.64,2042,0.5235897435897436,0.9665088851258385
23180,621.09,122,49,MUM'S KITCHEN CLOCK,4.95,1,0.007969859440660775,616.14,2043,0.5238461538461539,0.9665693551781345
22116,620.42,575,148,METAL SIGN HIS DINNER IS SERVED,10.2,12,0.016440475806711582,610.2199999999999,2044,0.5241025641025641,0.9666297599984429
84637,619.59,116,83,KITCHEN FLOWER POTS WALL PLAQUE,0,0,0,619.59,2045,0.5243589743589744,0.966690084008976
21473,618.66,27,21,SWEETHEART CREAM STEEL TABLE RECT,0,0,0,618.66,2046,0.5246153846153846,0.9667503174736164
22288,618.2,475,58,HANGING METAL RABBIT DECORATION,0,0,0,618.2,2047,0.5248717948717949,0.966810506152116
21171,613.14,438,73,BATHROOM METAL SIGN,0,0,0,613.14,2048,0.5251282051282051,0.9668702021830692
23018,612.16,51,21,LARGE APOTHECARY MEASURING JAR,0,0,0,612.16,2049,0.5253846153846153,0.9669298028000707
22420,611.72,1334,126,LIPSTICK PEN BABY PINK,0,0,0,611.72,2050,0.5256410256410257,0.966989360578155
20893,611.57,269,26,HANGING BAUBLE T-LIGHT HOLDER SMALL,75.60000000000001,36,0.12361626633091878,535.97,2051,0.5258974358974359,0.9670489037520632
20764,610.81,144,76,ABSTRACT CIRCLES SKETCHBOOK,0,0,0,610.81,2052,0.5261538461538462,0.9671083729314783
22021,610.4499999999999,365,71,BLUE FELT EASTER EGG BASKET,0,0,0,610.4499999999999,2053,0.5264102564102564,0.9671678070608702
85036B,609.43,369,49,CHOCOLATE 1 WICK MORRIS BOX CANDLE,25.5,6,0.041842377303381854,583.93,2054,0.5266666666666666,0.9672271418818634
22515,608.95,266,84,CHILDS GARDEN SPADE PINK,4.2,2,0.006897117989982757,604.75,2055,0.5269230769230769,0.9672864299694928
22359,608.72,184,81,GLASS JAR KINGS CHOICE,8.850000000000001,3,0.014538704166119071,599.87,2056,0.5271794871794871,0.9673456956640515
85170C,608.53,335,72,SET/6 EAU DE NIL BIRD T-LIGHTS,0,0,0,608.53,2057,0.5274358974358975,0.9674049428599872
22233,607.73,597,105,JIGSAW RABBIT AND BIRDHOUSE,33.589999999999996,21,0.055271255327201216,574.14,2058,0.5276923076923077,0.9674641121669827
21769,607.6500000000001,11,2,VINTAGE POST OFFICE CABINET,0,0,0,607.6500000000001,2059,0.5279487179487179,0.967523273685084
21709,607.23,133,59,FOLDING UMBRELLA CHOCOLATE POLKADOT,0,0,0,607.23,2060,0.5282051282051282,0.9675823943114918
72598,605.89,607,93,SET/12 TAPER CANDLES,0,0,0,605.89,2061,0.5284615384615384,0.9676413844739251
84625A,605.48,478,42,PINK NEW BAROQUECANDLESTICK CANDLE,23.3,20,0.03848186562727093,582.1800000000001,2062,0.5287179487179487,0.9677003347182764
22232,604.4599999999999,690,83,JIGSAW TOADSTOOLS 3 PIECE,54.72,64,0.0905270820236244,549.7399999999999,2063,0.528974358974359,0.9677591856542289
23520,604.3,168,32,EMBROIDERED RIBBON REEL RUBY,0,0,0,604.3,2064,0.5292307692307693,0.9678180210123936
22255,602.63,629,77,FELT TOADSTOOL  SMALL,0,0,0,602.63,2065,0.5294871794871795,0.9678766937773954
21159,602.18,1127,124,MOODY BOY  DOOR HANGER,0,0,0,602.18,2066,0.5297435897435897,0.9679353227298686
35971,600.93,462,88,ROSE FOLKART HEART DECORATIONS,21.25,17,0.035361855790191875,579.68,2067,0.53,0.9679938299808729
21448,600.8699999999999,349,77,12 DAISY PEGS IN WOOD BOX,0,0,0,600.8699999999999,2068,0.5302564102564102,0.9680523313902065
85017B,600.29,1077,158,ENVELOPE 50 BLOSSOM IMAGES,10.2,12,0.016991787302803645,590.0899999999999,2069,0.5305128205128206,0.9681107763300587
21014,598.8199999999999,1385,119,SWISS CHALET TREE DECORATION,0,0,0,598.8199999999999,2070,0.5307692307692308,0.9681690781489831
22266,596.5,1888,92,EASTER DECORATION HANGING BUNNY,0,0,0,596.5,2071,0.531025641025641,0.9682271540899812
22642,596.36,269,51,SET OF 4 NAPKIN CHARMS STARS,0,0,0,596.36,2072,0.5312820512820513,0.9682852164004149
17012B,595.85,525,85,ORIGAMI JASMINE INCENSE/CANDLE SET,0,0,0,595.85,2073,0.5315384615384615,0.9683432290566492
21292,594.51,867,28,SMALL STRIPES CHOCOLATE GIFT BAG,0,0,0,594.51,2074,0.5317948717948718,0.9684011112489086
23377,593.62,1354,133,PACK OF 12 DOLLY GIRL TISSUES,3.12,8,0.005255887604865065,590.5,2075,0.532051282051282,0.9684589067897221
21253,593.37,135,62,SET OF PICTURE FRAME  STICKERS,0,0,0,593.37,2076,0.5323076923076923,0.968516677990242
22247,593.14,670,113,BUNNY DECORATION MAGIC GARDEN,0,0,0,593.14,2077,0.5325641025641026,0.9685744267976916
21581,590.67,252,79,SKULLS  DESIGN  COTTON TOTE BAG,27,12,0.045710802986439134,563.67,2078,0.5328205128205128,0.9686319351230384
21015,590.13,1485,142,DARK BIRD HOUSE TREE DECORATION,1.16,4,0.0019656685814989916,588.97,2079,0.5330769230769231,0.9686893908733504
22319,587.86,1346,61,HAIRCLIPS FORTIES FABRIC ASSORTED,3.9000000000000004,6,0.006634232640424591,583.96,2080,0.5333333333333333,0.9687466256137949
23499,587.49,1315,110,SET 12 VINTAGE DOILY CHALK,0,0,0,587.49,2081,0.5335897435897435,0.9688038243306046
85180B,587.2,271,48,PINK HEARTS LIGHT CHAIN,0,0,0,587.2,2082,0.5338461538461539,0.9688609948126736
22096,586.82,1373,117,PINK PAISLEY SQUARE TISSUE BOX,2.34,6,0.003987594151528578,584.48,2083,0.5341025641025641,0.9689181282974959
85144,586.6,222,41,JARDIN ETCHED GLASS CHEESE DISH,0,0,0,586.6,2084,0.5343589743589744,0.9689752403628598
23565,586.31,410,63,EGG CUP MILKMAID HELGA,6.25,5,0.010659889819378827,580.06,2085,0.5346153846153846,0.9690323241934827
84748,585.86,208,61,FOLK FELT HANGING MULTICOL GARLAND,0,0,0,585.86,2086,0.5348717948717949,0.9690893642115769
21576,585.34,252,78,LETS GO SHOPPING COTTON TOTE BAG,0,0,0,585.34,2087,0.5351282051282051,0.9691463536018599
22825,584.37,73,28,DECORATIVE PLANT POT WITH FRIEZE,13.5,2,0.023101801940551364,570.87,2088,0.5353846153846153,0.969203248551803
22703,583.33,360,123,PINK CAT BOWL,0,0,0,583.33,2089,0.5356410256410257,0.9692600422461238
85071A,583.23,1041,111,BLUE CHARLIE+LOLA PERSONAL DOORSIGN,448.4,152,0.7688219055947053,134.83000000000004,2090,0.5358974358974359,0.9693168262043272
85172,583.12,1346,43,HYACINTH BULB T-LIGHT CANDLES,34.02,81,0.05834133626011799,549.1,2091,0.5361538461538462,0.9693735994528015
20832,582.03,1091,82,RED FLOCK LOVE HEART PHOTO FRAME,0.85,1,0.0014604058210057902,581.18,2092,0.5364102564102564,0.9694302665775947
23537,581.13,111,34,WALL ART I LOVE LONDON,0,0,0,581.13,2093,0.5366666666666666,0.96948684607733
21096,581.0899999999999,1259,105,SET/6 FRUIT SALAD  PAPER PLATES,0,0,0,581.0899999999999,2094,0.536923076923077,0.9695434216826188
85136A,580.36,72,53,YELLOW SHARK HELICOPTER,0,0,0,580.36,2095,0.5371794871794872,0.9695999262142493
20702,577.79,135,42,PINK PADDED MOBILE,0,0,0,577.79,2096,0.5374358974358975,0.9696561805276597
22260,577.4399999999999,552,104,FELT EGG COSY BLUE RABBIT,3.4,4,0.005888057633693544,574.04,2097,0.5376923076923077,0.9697124007646588
84352,577.35,34,23,SILVER CHRISTMAS TREE BAUBLE STAND,67.8,4,0.11743309950636528,509.55,2098,0.5379487179487179,0.9697686122391521
21264,575.55,285,48,WHITE GOOSE FEATHER TREE 60CM,15.6,8,0.027104508730779256,559.9499999999999,2099,0.5382051282051282,0.96982464846353
22820,575.4200000000001,940,77,GIFT BAG BIRTHDAY,1.3,2,0.002259219352820548,574.1200000000001,2100,0.5384615384615384,0.9698806720309552
23016,575.25,74,24,GLASS TWIST BON BON JAR,19.950000000000003,3,0.034680573663624516,555.3,2101,0.5387179487179488,0.9699366790469807
23125,574.88,459,38,6PC WOOD PLATE SET DISPOSABLE,0,0,0,574.88,2102,0.538974358974359,0.9699926500393713
22337,574.5400000000001,912,77,ANGEL DECORATION PAINTED ZINC,0,0,0,574.5400000000001,2103,0.5392307692307692,0.9700485879289623
21675,573.36,634,110,BUTTERFLIES STICKERS,10.2,12,0.01778987023859355,563.16,2104,0.5394871794871795,0.9701044109323668
21468,572.23,148,66,BUTTERFLY CROCHET FOOD COVER,0,0,0,572.23,2105,0.5397435897435897,0.9701601239176432
21277,571.43,26,22,FRENCH STYLE EMBOSSED HEART CABINET,43.9,2,0.07682480793798016,527.53,2106,0.54,0.9702157590139794
47310M,570.45,410,121,SMALL POP BOX FUNKY MONKEY,0,0,0,570.45,2107,0.5402564102564102,0.9702712986963637
23455,569.4300000000001,207,35,SMALL PARLOUR PICTURE FRAME,0,0,0,569.4300000000001,2108,0.5405128205128205,0.9703267390703496
85130D,569.29,565,62,BEADED CRYSTAL HEART PINK LARGE,0,0,0,569.29,2109,0.5407692307692308,0.970382165813771
21251,568.98,182,46,DINOSAUR HEIGHT CHART STICKER SET,0,0,0,568.98,2110,0.541025641025641,0.970437562375228
23069,568.71,90,32,EDWARDIAN PHOTO FRAME,0,0,0,568.71,2111,0.5412820512820513,0.9704929326491677
85161,568.65,35,20,ACRYLIC GEOMETRIC LAMP,0,0,0,568.65,2112,0.5415384615384615,0.970548297081437
23219,568.6,430,61,LAUREL STAR ANTIQUE SILVER,0,0,0,568.6,2113,0.5417948717948718,0.9706036566456474
84796A,568.13,61,43,PINK HAWAIIAN PICNIC HAMPER FOR 2,0,0,0,568.13,2114,0.5420512820512821,0.9706589704501055
23381,567.9499999999999,1509,80,PACK OF 12 VINTAGE LEAF TISSUES,0,0,0,567.9499999999999,2115,0.5423076923076923,0.9707142667295521
21488,566.1700000000001,69,16,RED WHITE SCARF  HOT WATER BOTTLE,0,0,0,566.1700000000001,2116,0.5425641025641026,0.9707693897061068
22482,565.86,478,53,BLUE TEA TOWEL CLASSIC DESIGN,0,0,0,565.86,2117,0.5428205128205128,0.9708244825006972
22272,564.9200000000001,196,48,FELTCRAFT DOLL MARIA,2.95,1,0.005221978333215322,561.97,2118,0.5430769230769231,0.9708794837757829
85019A,564.35,414,33,ROMANTIC IMAGES NOTEBOOK SET,0,0,0,564.35,2119,0.5433333333333333,0.970934429554999
23272,562.2199999999999,364,44,TREE T-LIGHT HOLDER WILLIE WINKIE,0,0,0,562.2199999999999,2120,0.5435897435897435,0.9709891679549116
84569D,561.87,468,98,PACK 6 HEART/ICE-CREAM PATCHES,0,0,0,561.87,2121,0.5438461538461539,0.9710438722784132
21219,561.84,448,89,SET/4 BADGES BALLOON GIRL,0,0,0,561.84,2122,0.5441025641025641,0.9710985736810793
85032D,561.34,687,93,YULETIDE IMAGES GIFT WRAP SET,7.800000000000001,12,0.013895321908290875,553.5400000000001,2123,0.5443589743589744,0.9711532264031579
71279,561.32,176,38,PINK GLASS CANDLEHOLDER,14.75,5,0.026277346255255466,546.57,2124,0.5446153846153846,0.971207877178013
84912A,560.62,156,74,PINK ROSE WASHBAG,0,0,0,560.62,2125,0.5448717948717948,0.9712624598000454
85016,560.11,563,42,SET OF 6 VINTAGE NOTELETS KIT,0,0,0,560.11,2126,0.5451282051282051,0.9713169927678785
85163A,559,66,32,WHITE BAROQUE WALL CLOCK,0,0,0,559,2127,0.5453846153846154,0.9713714176648072
21849,558.83,175,66,SILVER DIAMANTE PEN IN GIFT BOX,0,0,0,558.83,2128,0.5456410256410257,0.9714258260103361
85025B,558.42,331,38,EAU DE NILE HEART SHAPE PHOTO FRAME,1.65,1,0.002954765230471688,556.77,2129,0.5458974358974359,0.9714801944377831
23451,558.12,278,52,SQUARE MINI PORTRAIT FRAME,0,0,0,558.12,2130,0.5461538461538461,0.9715345336568777
21194,558.07,499,65,PINK  HONEYCOMB PAPER FAN,6.5,10,0.011647284390847026,551.57,2131,0.5464102564102564,0.9715888680079134
90062,558.03,44,26,CARNIVAL BRACELET,12.75,1,0.02284823396591581,545.28,2132,0.5466666666666666,0.9716431984645022
21662,557.3000000000001,86,26,VINTAGE GLASS COFFEE CADDY,0,0,0,557.3000000000001,2133,0.546923076923077,0.9716974578474331
85187,556.53,337,69,S/12 MINI RABBIT EASTER,0,0,0,556.53,2134,0.5471794871794872,0.971751642262259
23074,555.59,250,48,EMBOSSED HEART TRINKET BOX,12.48,6,0.02246260731834626,543.11,2135,0.5474358974358975,0.9718057351575803
23457,554.83,113,31,LARGE PARLOUR PICTURE FRAME,0,0,0,554.83,2136,0.5476923076923077,0.9718597540584084
84951B,554.78,451,82,SET OF 4 BLACK LOVEBIRD COASTERS,0,0,0,554.78,2137,0.5479487179487179,0.9719137680911777
17129F,553.8299999999999,588,57,BLUE GLASS GEMS IN BAG,1.7,2,0.003069533972518643,552.1299999999999,2138,0.5482051282051282,0.9719676896308307
84951A,553.8,476,93,SET OF 4 PISTACHIO LOVEBIRD COASTER,18.96,24,0.03423618634886241,534.8399999999999,2139,0.5484615384615384,0.97202160824964845
35599D,553.07,201,34,PINK AND WHITE CHRISTMAS TREE 120CM,0,0,0,553.07,2140,0.5487179487179488,0.9720754557948083
23473,552.85,679,51,WOODLAND SMALL RED FELT HEART,0,0,0,552.85,2141,0.548974358974359,0.9721292819205095
47563A,552.76,286,105,RETRO LONGBOARD IRONING BOARD COVER,5,4,0.009045517041754107,547.76,2142,0.5492307692307692,0.972183099283705
21638,551.96,249,40,ASSORTED TUTTI FRUTTI NOTEBOOK,0,0,0,551.96,2143,0.5494871794871795,0.9722368387579604
35599B,551.13,217,27,BLACK CHRISTMAS TREE 120CM,0,0,0,551.13,2144,0.5497435897435897,0.9722904974224403
35965,551.13,366,69,FOLKART HEART NAPKIN RINGS,18.96,24,0.03440204670404442,532.17,2145,0.55,0.9723441560869204
17012D,550.64,463,97,ORIGAMI ROSE INCENSE/CANDLE SET,0,0,0,550.64,2146,0.5502564102564103,0.9723977670444244
22903,550.6,193,59,CALENDAR FAMILY FAVOURITES,0,0,0,550.6,2147,0.5505128205128205,0.9724513741074816
21397,550.43,1075,65,BLUE POLKADOT EGG CUP,0,0,0,550.43,2148,0.5507692307692308,0.9725049646191389
22261,549.81,585,107,FELT EGG COSY WHITE RABBIT,3.4,4,0.006183954456994235,546.41,2149,0.551025641025641,0.9725584947668676
23549,548.1,1305,52,WRAP BIRD GARDEN,0,0,0,548.1,2150,0.5512820512820513,0.9726118584269867
23484,547.35,185,35,HEART TRELLIS TRIPLE T-LIGHT HOLDER,0,0,0,547.35,2151,0.5515384615384615,0.9726651490662245
21128,546.6,68,36,GOLD FISHING GNOME,0,0,0,546.6,2152,0.5517948717948717,0.9727183666845808
85107,546.49,251,27,CUT GLASS T-LIGHT HOLDER OCTAGON,0,0,0,546.49,2153,0.5520512820512821,0.9727715735932079
84598,546.04,1975,99,BOYS ALPHABET IRON ON PATCHES,60.48,288,0.11076111640172881,485.55999999999995,2154,0.5523076923076923,0.9728247366893062
22023,543.76,1218,146,EMPIRE BIRTHDAY CARD,5.04,12,0.009268795056642637,538.72,2155,0.5525641025641026,0.9728776778019251
22513,543.65,153,67,DOORSTOP FOOTBALL DESIGN,0,0,0,543.65,2156,0.5528205128205128,0.9729306082048145
23043,543.51,81,23,PAPER LANTERN 9 POINT HOLLY STAR L,0,0,0,543.51,2157,0.553076923076923,0.9729835249771397
23398,538.75,610,69,HANGING HEART BONHEUR,0.85,1,0.0015777262180974477,537.9,2158,0.5533333333333333,0.9730359783102709
22496,538.0600000000001,254,79,SET OF 2 ROUND TINS DUTCH CHEESE,11.8,4,0.021930639705609038,526.2600000000001,2159,0.5535897435897436,0.973088364464191
84625C,536.41,449,35,BLUE NEW BAROQUE CANDLESTICK CANDLE,41.65,49,0.07764583061464178,494.76,2160,0.5538461538461539,0.9731405899721722
22717,535.78,1229,131,CARD DOG AND BALL,0,0,0,535.78,2161,0.5541025641025641,0.9731927541426132
82613D,535.49,697,111,METAL SIGN CUPCAKE SINGLE HOOK,8.4,20,0.01568656744290276,527.09,2162,0.5543589743589744,0.9732448900783132
85088,534.83,259,51,CANDY SPOT HAND BAG,4.2,2,0.007852962623637418,530.63,2163,0.5546153846153846,0.9732969617556376
23660,534.66,306,42,HENRIETTA HEN MUG,26.4,16,0.049377174278981036,508.26,2164,0.5548717948717948,0.9733490168815623
85114c,534.66,162,35,RED ENCHANTED FOREST PLACEMAT,0,0,0,534.66,2165,0.5551282051282052,0.9734010720074869
22521,533.16,618,104,CHILDS GARDEN TROWEL PINK,0,0,0,533.16,2166,0.5553846153846154,0.9734529810916488
22543,531.64,1455,55,MINI JIGSAW BAKE A CAKE,0,0,0,531.64,2167,0.5556410256410257,0.9735047421868245
17012F,530.6,448,94,ORIGAMI SANDLEWOOD INCENSE/CAND SET,0,0,0,530.6,2168,0.5558974358974359,0.9735564020263778
35241,530.49,103,44,ENAMEL BLUE RIM BISCUIT BIN,0,0,0,530.49,2169,0.5561538461538461,0.973608051156202
21801,530.26,1251,125,CHRISTMAS TREE DECORATION WITH BELL,15.12,36,0.02851431373288575,515.14,2170,0.5564102564102564,0.9736596778929558
21270,530.19,50,36,ANTIQUE CREAM CUTLERY CUPBOARD,0,0,0,530.19,2171,0.5566666666666666,0.9737112978144273
23139,530.15,415,27,SINGLE WIRE HOOK PINK HEART,17.4,12,0.032820899745355084,512.75,2172,0.556923076923077,0.9737629138414519
75131,529.21,490,15,METAL TUBE CHIME ON BAMBOO,0,0,0,529.21,2173,0.5571794871794872,0.9738144383489719
22709,528.5,1325,39,WRAP WEDDING DAY,0,0,0,528.5,2174,0.5574358974358974,0.9738658937300574
21059,528.23,611,94,PARTY INVITES DINOSAURS,10.2,12,0.019309770365181833,518.03,2175,0.5576923076923077,0.9739173228236254
23060,528.1700000000001,249,42,HEART BEADED TRELLIS DECORATION,0,0,0,528.1700000000001,2176,0.5579487179487179,0.9739687460755231
22707,527.94,1257,49,WRAP MONSTER FUN,0,0,0,527.94,2177,0.5582051282051282,0.9740201469343507
22275,527.85,69,1,WEEKEND BAG VINTAGE ROSE PAISLEY,0,0,0,527.85,2178,0.5584615384615385,0.9740715390306722
22248,525.9399999999999,594,109,DECORATION  PINK CHICK MAGIC GARDEN,17,20,0.03232307867817622,508.93999999999994,2179,0.5587179487179487,0.9741227451671493
85104,525.75,201,17,SILVER GLASS T-LIGHT SET,8.850000000000001,3,0.01683309557774608,516.9,2180,0.558974358974359,0.974173932805003
85135B,524.5500000000001,65,45,BLUE DRAGONFLY HELICOPTER,7.95,1,0.015155847869602515,516.6,2181,0.5592307692307692,0.9742250036094466
20785,523.3000000000001,14,5,FUSCHIA RETRO BAR STOOL,0,0,0,523.3000000000001,2182,0.5594871794871795,0.9742759527124211
22861,522.93,305,50,EASTER TIN CHICKS IN GARDEN,0,0,0,522.93,2183,0.5597435897435897,0.974326865791761
85025C,522.56,322,39,PINK HEART SHAPE PHOTO FRAME,1.65,1,0.003157532149418249,520.91,2184,0.56,0.9743777428474657
23336,521.33,226,85,EGG FRYING PAN PINK,0,0,0,521.33,2185,0.5602564102564103,0.9744285001489251
85131B,521.11,623,172,BEADED CRYSTAL HEART GREEN ON STICK,0,0,0,521.11,2186,0.5605128205128205,0.9744792360309261
84816,519.35,13,10,DANISH ROSE BEDSIDE CABINET,239.70000000000002,6,0.46153846153846156,279.65,2187,0.5607692307692308,0.9745298005572587
84313B,518.61,127,39,BLUE TV TRAY TABLE,0,0,0,518.61,2188,0.561025641025641,0.9745802930363215
20761,517.22,123,63,BLUE PAISLEY SKETCHBOOK,0,0,0,517.22,2189,0.5612820512820513,0.974630650183351
21455,516.79,612,117,PAINTED YELLOW WOODEN DAISY,11.049999999999999,13,0.021381992685616982,505.73999999999995,2190,0.5615384615384615,0.974680965465075
21711,513.02,104,36,FOLDING UMBRELLA WHITE/RED POLKADOT,0,0,0,513.02,2191,0.5617948717948718,0.9747309136951686
22216,512.93,588,68,T-LIGHT HOLDER WHITE LACE,0,0,0,512.93,2192,0.5620512820512821,0.9747808531627566
23136,511.89,135,49,IVORY WIRE SWEETHEART LETTER TRAY,0,0,0,511.89,2193,0.5623076923076923,0.9748306913747222
22280,510.84,469,95,POCKET BAG PINK PAISELY BROWN SPOT,0,0,0,510.84,2194,0.5625641025641026,0.974880427357454
21926,509.9,414,60,RED/CREAM STRIPE CUSHION COVER,17.5,14,0.03432045499117474,492.4,2195,0.5628205128205128,0.974930071820681
21654,509.36,986,59,RIDGED GLASS FINGER BOWL,0,0,0,509.36,2196,0.563076923076923,0.9749796637088735
72819,509.07,225,43,CUPID DESIGN SCENTED CANDLES,0,0,0,509.07,2197,0.5633333333333334,0.9750292273623251
84520B,508.36999999999995,554,80,PACK 20 ENGLISH ROSE PAPER NAPKINS,0,0,0,508.36999999999995,2198,0.5635897435897436,0.9750787228629543
20681,506.96,140,46,PINK POLKADOT CHILDRENS UMBRELLA,6.5,2,0.012821524380621745,500.46,2199,0.5638461538461539,0.9751280810843261
21067,506.65,319,76,VINTAGE RED TEATIME MUG,29.380000000000003,27,0.057988749629922044,477.27,2200,0.5641025641025641,0.9751774091237339
82616B,505.69,344,73,FRAPPUCINO SCARF KNITTING KIT,11.25,9,0.022246831062508653,494.44,2201,0.5643589743589743,0.9752266436964133
20998,505.20000000000005,185,69,ROSE DU SUD OVEN GLOVE,0,0,0,505.20000000000005,2202,0.5646153846153846,0.9752758305621172
23021,504.97,121,27,GLASS BONNE JAM JAR,0,0,0,504.97,2203,0.5648717948717948,0.9753249950347505
22127,504.88,404,22,PARTY CONES CARNIVAL ASSORTED,0,0,0,504.88,2204,0.5651282051282052,0.9753741507448781
84687,504.43,81,31,BEACH HUT SHELF W 3 DRAWERS,23.8,4,0.04718196776559681,480.63,2205,0.5653846153846154,0.9754232626424769
84616,504.32,14,9,SILVER ROCCOCO CHANDELIER,89.85,3,0.17816069162436549,414.47,2206,0.5656410256410257,0.9754723638303464
21925,503.75,403,65,UNION STRIPE CUSHION COVER,7.5,6,0.01488833746898263,496.25,2207,0.5658974358974359,0.9755214095223461
84509C,502.69,131,51,SET OF 4 POLKADOT PLACEMATS,0,0,0,502.69,2208,0.5661538461538461,0.9755703520115001
23560,502.07,173,26,SET OF 6 RIBBONS COUNTRY STYLE,0,0,0,502.07,2209,0.5664102564102564,0.9756192341367255
21710,501.98,107,45,FOLDING UMBRELLA PINKWHITE POLKADOT,0,0,0,501.98,2210,0.5666666666666667,0.9756681074994451
82613B,501.49,584,111,"METAL SIGN,CUPCAKE SINGLE HOOK",8.4,20,0.01675008474745259,493.09000000000003,2211,0.566923076923077,0.9757169331551888
82616C,501.44,324,85,MIDNIGHT GLAMOUR SCARF KNITTING KIT,3.75,3,0.007478462029355456,497.69,2212,0.5671794871794872,0.9757657539428738
85231G,501.27,594,81,ORANGE SCENTED SET/9 T-LIGHTS,8.5,10,0.016956929399325714,492.77,2213,0.5674358974358974,0.975814558179159
23117,501.23,93,45,POPPY FIELDS CHOPPING BOARD,4.95,1,0.009875705763821,496.28000000000003,2214,0.5676923076923077,0.9758633585209971
20766,501.07,124,57,GARDEN PATH SKETCHBOOK,0,0,0,501.07,2215,0.5679487179487179,0.9759121432850474
22181,500.90999999999997,591,57,SNOWSTORM PHOTO FRAME FRIDGE MAGNET,22.95,27,0.04581661376295143,477.96,2216,0.5682051282051283,0.9759609124713096
21972,499.08,335,65,SET OF 36 DINOSAUR PAPER DOILIES,2.9,2,0.005810691672677727,496.18,2217,0.5684615384615385,0.9760095034866211
22050,498.5,1225,40,PINK PAISLEY ROSE GIFT WRAP,10.5,25,0.02106318956870612,488,2218,0.5687179487179487,0.9760580380324511
23466,498.03,55,27,TUSCAN VILLA DOVECOTE BIRD FEEDER,8.25,1,0.01656526715258117,489.78,2219,0.568974358974359,0.9761065268185286
23045,497.98,118,25,PAPER LANTERN 5 POINT STAR MOON,83,20,0.1666733603759187,414.98,2220,0.5692307692307692,0.9761550107365475
22516,496.99,207,62,CHILDS GARDEN RAKE BLUE,0,0,0,496.99,2221,0.5694871794871795,0.976203398267003
84970s,496.49,238,66,HANGING HEART ZINC T-LIGHT HOLDER,0,0,0,496.49,2222,0.5697435897435897,0.9762517371168707
22511,495.2,251,54,RETROSPOT BABUSHKA DOORSTOP,3.75,1,0.007572697899838449,491.45,2223,0.57,0.9762999503708225
21358,494.54,412,108,TOAST ITS - HAPPY BIRTHDAY,0,0,0,494.54,2224,0.5702564102564103,0.9763480993663987
21850,493.08,130,54,BLUE  DIAMANTE PEN IN GIFT BOX,153,36,0.3102944755414943,340.08,2225,0.5705128205128205,0.9763961062146591
35598D,493.01000000000005,684,42,PINK/WHITE CHRISTMAS TREE 60CM,0.65,1,0.0013184316748138982,492.36000000000007,2226,0.5707692307692308,0.9764441062476374
46776C,492.79,117,59,WOVEN FROST CUSHION COVER,0,0,0,492.79,2227,0.571025641025641,0.976492084861157
21632,489.74,88,24,VINTAGE PINK DECORATIVE PARASOL,0,0,0,489.74,2228,0.5712820512820512,0.9765397665230924
85194S,489.17,1197,72,HANGING SPRING FLOWER EGG SMALL,18.39,29,0.037594292372794734,470.78000000000003,2229,0.5715384615384616,0.9765873926891578
35809A,488.89,421,62,ENAMEL PINK TEA CONTAINER,0,0,0,488.89,2230,0.5717948717948718,0.9766349915940943
21202,487.11,475,25,DOLLY HONEYCOMB GARLAND,0,0,0,487.11,2231,0.5720512820512821,0.9766824171961388
21867,486.5,353,121,PINK UNION JACK  LUGGAGE TAG,0,0,0,486.5,2232,0.5723076923076923,0.9767297834078665
21454,486.01,573,136,PAINTED PINK RABBIT,0,0,0,486.01,2233,0.5725641025641026,0.9767771019126184
84820,484.63,261,31,DANISH ROSE TRINKET TRAYS,23.8,4,0.049109630027030934,460.83,2234,0.5728205128205128,0.9768242860589486
17012C,484.34999999999997,421,85,ORIGAMI LAVENDER INCENSE/CANDL SET,0,0,0,484.34999999999997,2235,0.573076923076923,0.9768714429441496
23218,483.03,379,40,LAUREL STAR ANTIQUE GOLD,0,0,0,483.03,2236,0.5733333333333334,0.9769184713125993
21634,481.95,976,28,ASSORTED MINI MADRAS NOTEBOOK,0,0,0,481.95,2237,0.5735897435897436,0.9769653945309801
22638,481.88,300,52,SET OF 4 NAPKIN CHARMS CROWNS,2.55,1,0.005291773885614676,479.33,2238,0.5738461538461539,0.9770123109340784
23691,481.5,1175,38,WRAP KEEP CALM BIRTHDAY,0,0,0,481.5,2239,0.5741025641025641,0.9770591903399302
22230,480.91999999999996,1048,101,JIGSAW TREE WITH WATERING CAN,13.53,16,0.028133577310155537,467.39,2240,0.5743589743589743,0.9771060132763003
21587,480.75,197,26,COSY HOUR GIANT TUBE MATCHES,0,0,0,480.75,2241,0.5746153846153846,0.9771528196612708
90209C,480.5,263,31,PINK ENAMEL+GLASS HAIR COMB,6.300000000000001,3,0.013111342351716963,474.2,2242,0.57487179487179485,0.9771996017059473
21741,480.17,147,40,COSY SLIPPER SHOES LARGE GREEN,0,0,0,480.17,2243,0.5751282051282052,0.9772463516214361
84849B,478.83,266,76,FAIRY SOAP SOAP HOLDER,1.69,1,0.0035294363343984295,477.14,2244,0.5753846153846154,0.9772929710729502
20803,478.72,945,40,SMALL PINK GLASS SUNDAE DISH,28.56,68,0.059659090909090905,450.16,2245,0.5756410256410256,0.9773395798147351
23422,477.89,213,47,PANTRY HOOK BALLOON WHISK,0,0,0,477.89,2246,0.5758974358974359,0.9773861077467445
85049F,477.34,378,88,BABY BOOM RIBBONS,0,0,0,477.34,2247,0.5761538461538461,0.9774325821301075
21472,476.41,123,37,LADYBIRD + BEE RAFFIA FOOD COVER,0,0,0,476.41,2248,0.5764102564102564,0.9774789659675776
23561,476,170,16,SET OF 6 RIBBONS PARTY,0,0,0,476,2249,0.5766666666666667,0.9775253098869658
85093,475.18,708,88,CANDY SPOT EGG WARMER HARE,0,0,0,475.18,2250,0.5769230769230769,0.9775715739701905
22184,471.86,56,35,CAKE STAND VICTORIAN FILIGREE LARGE,17,2,0.0360276353155597,454.86,2251,0.5771794871794872,0.9776175148143134
21366,470.17,89,46,MIRRORED WALL ART PHOTO FRAMES,0,0,0,470.17,2252,0.5774358974358974,0.9776632911180503
84674,469.90000000000003,194,47,FLYING PIG WATERING CAN,11.8,4,0.025111725899127475,458.1,2253,0.5776923076923077,0.97770904113427
20716,469.63,400,73,PARTY FOOD SHOPPER BAG,0,0,0,469.63,2254,0.5779487179487179,0.9777547648629723
20707,468.39,464,149,CRAZY DAISY HEART DECORATION,1.25,1,0.002668716240739555,467.14,2255,0.5782051282051283,0.9778003678638174
20615,466.99,309,95,BLUE POLKADOT PASSPORT COVER,0,0,0,466.99,2256,0.5784615384615385,0.9778458345590173
20831,466.53000000000003,216,39,GOLD PHOTO FRAME,0,0,0,466.53000000000003,2257,0.5787179487179487,0.9778912564680765
84917,466.3,184,27,WHITE HAND TOWEL WITH BUTTERFLY,0,0,0,466.3,2258,0.578974358974359,0.9779366559840655
22647,466.18,732,45,CERAMIC LOVE HEART MONEY BANK,17.4,12,0.037324638551632414,448.78000000000003,2259,0.5792307692307692,0.9779820438167135
23379,465.36,1220,76,PACK OF 12 RED APPLE TISSUES,0,0,0,465.36,2260,0.5794871794871795,0.9780273518131977
21374,463.79,304,46,MIRRORED WALL ART SKULLS,0,0,0,463.79,2261,0.5797435897435897,0.978072506952637
22517,462.33000000000004,206,69,CHILDS GARDEN RAKE PINK,0,0,0,462.33000000000004,2262,0.58,0.9781175199447606
20838,461.45,385,57,FRENCH LATTICE CUSHION COVER,10.2,12,0.022104236645357024,451.25,2263,0.5802564102564103,0.9781624472590498
35598B,460.64000000000004,558,25,BLACK CHRISTMAS TREE 60CM,0,0,0,460.64000000000004,2264,0.5805128205128205,0.9782072957107872
21003,460.58,78,46,ROSE DU SUD CUSHION COVER,0,0,0,460.58,2265,0.5807692307692308,0.9782521383208542
22344,460.38,1228,76,PARTY PIZZA DISH PINK POLKADOT,0,0,0,460.38,2266,0.581025641025641,0.9782969614586859
21063,458.30999999999995,528,102,PARTY INVITES JAZZ HEARTS,0,0,0,458.30999999999995,2267,0.5812820512820512,0.9783415830588853
21062,458.22999999999996,539,74,PARTY INVITES SPACEMAN,0,0,0,458.22999999999996,2268,0.5815384615384616,0.9783861968701906
23023,457.61999999999995,286,25,RIDGED BONNE JAM JAR T-LIGHT HOLDER,3.3,2,0.007211223285695556,454.31999999999994,2269,0.5817948717948718,0.9784307512911788
21220,457.51,348,89,SET/4 BADGES DOGS,0,0,0,457.51,2270,0.5820512820512821,0.9784752950024379
17096,455.9800000000001,2545,24,ASSORTED LAQUERED INCENSE HOLDERS,0,0,0,455.9800000000001,2271,0.5823076923076923,0.978519689751099
21851,454.99,141,63,LILAC DIAMANTE PEN IN GIFT BOX,0,0,0,454.99,2272,0.5825641025641025,0.9785639881121967
35004G,454.65,127,21,SET OF 3 GOLD FLYING DUCKS,3.9,2,0.008578027053777632,450.75,2273,0.5828205128205128,0.9786082533704947
21415,454.42,223,46,CLAM SHELL SMALL,0,0,0,454.42,2274,0.583076923076923,0.9786524962357225
84920,453.73,117,48,PINK FLOWER FABRIC PONY,0,0,0,453.73,2275,0.5833333333333334,0.9786966719217395
84916,453.39,223,29,HAND TOWEL PALE BLUE W FLOWERS,0,0,0,453.39,2276,0.5835897435897436,0.9787408145049566
85169C,452.86,429,46,EAU DE NIL LOVE BIRD CANDLE,15,12,0.03312281941438855,437.86,2277,0.5838461538461538,0.9787849054867512
23509,452.72,1065,65,MINI PLAYING CARDS FUN FAIR,0,0,0,452.72,2278,0.5841025641025641,0.9788289828379811
21061,451.7,488,83,PARTY INVITES FOOTBALL,0,0,0,451.7,2279,0.5843589743589743,0.9788729608808124
21641,451.59,1153,49,ASSORTED TUTTI FRUTTI KEYRING BALL,0,0,0,451.59,2280,0.5846153846153846,0.9789169282139145
23548,451.5,1075,43,WRAP MAGIC FOREST,0,0,0,451.5,2281,0.5848717948717949,0.9789608867845107
48189,451.10999999999996,27,17,DOORMAT FRIENDSHIP,0,0,0,451.10999999999996,2282,0.5851282051282052,0.9790048073842486
84872A,450.08,40,32,TEATIME FUNKY FLOWER BACKPACK FOR 2,0,0,0,450.08,2283,0.5853846153846154,0.979048627701976
20770,449.8,185,72,ABSTRACT CIRCLE JOURNAL,0,0,0,449.8,2284,0.5856410256410256,0.9790924207585745
22640,449.39,238,57,SET OF 4 NAPKIN CHARMS 3 KEYS,0,0,0,449.39,2285,0.5858974358974359,0.979136173897091
22598,447.35999999999996,994,95,CHRISTMAS MUSICAL ZINC TREE,5.1,6,0.011400214592274678,442.25999999999993,2286,0.5861538461538461,0.979179729392422
20669,447.34,304,96,RED HEART LUGGAGE TAG,0,0,0,447.34,2287,0.5864102564102565,0.9792232829405295
21365,447.09000000000003,363,52,MIRRORED WALL ART STARS,0,0,0,447.09000000000003,2288,0.5866666666666667,0.9792668121483431
84600,446.89,53,25,NEW BAROQUE JEWELLERY BOX,7.95,1,0.017789612656358388,438.94,2289,0.5869230769230769,0.9793103218839219
22486,446.45,71,25,PLASMATRONIC LAMP,76.5,6,0.1713517751147945,369.95,2290,0.5871794871794872,0.9793537887805833
84976,446.15000000000003,512,37,RECTANGULAR SHAPED MIRROR,11.06,14,0.024789868878179983,435.09000000000003,2291,0.5874358974358974,0.9793972264688923
22390,445.44,268,36,PAPERWEIGHT CHILDHOOD MEMORIES,0,0,0,445.44,2292,0.5876923076923077,0.9794405950307669
22643,445.16999999999996,240,48,SET OF 4 NAPKIN CHARMS LEAVES,0,0,0,445.16999999999996,2293,0.587948717948718,0.9794839373051242
82613C,444.63,538,96,"METAL SIGN,CUPCAKE SINGLE HOOK",8.4,20,0.018892112543013293,436.23,2294,0.5882051282051282,0.9795272270044469
21656,444.58,219,47,RIDGED GLASS POSY VASE,0,0,0,444.58,2295,0.5884615384615385,0.9795705118357109
21580,444.07,181,62,RABBIT  DESIGN  COTTON TOTE BAG,0,0,0,444.07,2296,0.5887179487179487,0.9796137470127754
20903,441.89,82,56,VINTAGE KEEPSAKE BOX TRAVELOGUE,0,0,0,441.89,2297,0.588974358974359,0.9796567699424781
20768,441.12,177,55,GREEN FERN JOURNAL,0,0,0,441.12,2298,0.5892307692307692,0.9796997179040761
85111,441.07,1421,57,SILVER GLITTER FLOWER VOTIVE HOLDER,0,0,0,441.07,2299,0.5894871794871794,0.9797426609976149
35637A,440.62,170,28,IVORY STRING CURTAIN WITH POLE,0,0,0,440.62,2300,0.5897435897435898,0.9797855602786252
20619,439.65,262,99,TROPICAL PASSPORT COVER,0,0,0,439.65,2301,0.59,0.9798283651192955
21828,439.54,333,84,EIGHT PIECE SNAKE  SET,0,0,0,439.54,2302,0.5902564102564103,0.9798711592502365
85130C,438.87,483,46,BEADED CRYSTAL HEART BLUE  LARGE,0,0,0,438.87,2303,0.5905128205128205,0.9799138881491902
22545,436.09,1143,75,MINI JIGSAW BUNNIES,0.42,1,9.631039464330758e-4,435.66999999999996,2304,0.5907692307692308,0.9799563463840768
17107D,436.04999999999995,171,46,"FLOWER FAIRY,5 SUMMER B'DRAW LINERS",0,0,0,436.04999999999995,2305,0.591025641025641,0.9799988007245163
23044,435.74,104,25,PAPER LANTERN 9 POINT HOLLY STAR S,0,0,0,435.74,2306,0.5912820512820512,0.9800412248829916
84360,434.12,78,20,TABLE LAMP WHITE SHADE WOOD BASE,0,0,0,434.12,2307,0.5915384615384616,0.9800834913163633
35653,433.19,150,52,VINTAGE BEAD NOTEBOOK,0,0,0,433.19,2308,0.5917948717948718,0.9801256672038418
85168B,432.78999999999996,51,35,BLACK BAROQUE CARRIAGE CLOCK,0,0,0,432.78999999999996,2309,0.5920512820512821,0.9801678041468502
22229,432.46,568,101,BUNNY WOODEN PAINTED WITH FLOWER,1.7,2,0.003930999398788327,430.76,2310,0.5923076923076923,0.980209908960671
84931B,431.72999999999996,180,49,BLUE SCOTTIE DOG W FLOWER PATTERN,7.6499999999999995,3,0.017719407963310403,424.08,2311,0.5925641025641025,0.9802519427008338
23058,430.86,490,48,CHRISTMAS HANGING SNOWFLAKE,0,0,0,430.86,2312,0.5928205128205128,0.9802938917367742
20705,428.85,143,28,MRS ROBOT SOFT TOY,1.95,1,0.004547044421126268,426.90000000000003,2313,0.5930769230769231,0.9803356450767524
21002,428.66,125,66,ROSE DU SUD DRAWSTRING BAG,0,0,0,428.66,2314,0.5933333333333334,0.9803773799181075
21088,428.28000000000003,1678,103,SET/6 FRUIT SALAD PAPER CUPS,2.2800000000000002,12,0.005323620061641917,426.00000000000006,2315,0.5935897435897436,0.9804190777622158
77101A,428.19000000000005,388,22,UNION FLAG WINDSOCK,0,0,0,428.19000000000005,2316,0.5938461538461538,0.9804607668438186
85071C,428,683,105,"CHARLIE+LOLA""EXTREMELY BUSY"" SIGN",0,0,0,428,2317,0.5941025641025641,0.980502437426798
21758,427.46000000000004,50,32,VINTAGE SHELLS PRINT,0,0,0,427.46000000000004,2318,0.5943589743589743,0.9805440554347427
84658,426.13,59,22,WHITE STITCHED CUSHION COVER,0,0,0,426.13,2319,0.5946153846153847,0.9805855439523244
21318,425.08,696,49,GLASS CHALICE BLUE SMALL,16.709999999999997,17,0.03931024748282676,408.37,2320,0.5948717948717949,0.9806269302406724
20934,424.46,68,32,SET/3 POT PLANT CANDLES,75.3,14,0.177401875323941,349.15999999999997,2321,0.5951282051282051,0.9806682561650915
72799F,424.08000000000004,145,30,IVORY PILLAR CANDLE GOLD FLOCK,0,0,0,424.08000000000004,2322,0.5953846153846154,0.9807095450922642
20765,423.55,104,59,CHRYSANTHEMUM SKETCHBOOK,0,0,0,423.55,2323,0.5956410256410256,0.98075078241801394
90200E,423.41,103,44,GREEN SWEETHEART BRACELET,0,0,0,423.41,2324,0.5958974358974359,0.9807920061131993
90154,421.75,57,5,LAZER CUT NECKLACE W PASTEL BEADS,0,0,0,421.75,2325,0.5961538461538461,0.9808330681888338
85136C,421.18,52,36,RED SHARK HELICOPTER,0,0,0,421.18,2326,0.5964102564102564,0.9808740747685983
20762,420.08,106,56,GREEN FERN SKETCHBOOK,0,0,0,420.08,2327,0.5966666666666667,0.9809149742510702
22051,420,1000,39,BLUE SCANDINAVIAN PAISLEY WRAP,0,0,0,420,2328,0.5969230769230769,0.9809558659446481
21129,419.52000000000004,52,27,SILVER FISHING GNOME,13.9,2,0.033133104500381386,405.62000000000006,2329,0.5971794871794872,0.9809967109048618
22134,419.41999999999996,890,162,MINI LADLE LOVE HEART RED,0,0,0,419.41999999999996,2330,0.5974358974358974,0.9810375461289581
85208,419.01,224,48,SET/12 FUNKY FELT FLOWER PEG IN BAG,0,0,0,419.01,2331,0.5976923076923077,0.9810783414349725
84970l,418.98,201,50,SINGLE HEART ZINC T-LIGHT HOLDER,0,0,0,418.98,2332,0.597948717948718,0.9811191338201518
90114,417.96,167,88,SUMMER DAISIES BAG CHARM,0,0,0,417.96,2333,0.5982051282051282,0.9811598268969324
22405,417.86,374,70,MONEY BOX POCKET MONEY DESIGN,1.06,1,0.0025367347915569807,416.8,2334,0.5984615384615385,0.9812005102375954
84821,417.34999999999997,947,40,DANISH ROSE DELUXE COASTER,10.2,12,0.024439918533604887,407.15,2335,0.5987179487179487,0.9812411439240589
22214,416.59999999999997,193,56,CANDLE PLATE LACE WHITE,0,0,0,416.59999999999997,2336,0.598974358974359,0.9812817045896411
21147,415.77,203,76,JINGLE BELLS TREE DECORATION,0,0,0,415.77,2337,0.5992307692307692,0.9813221844454479
22108,415.09000000000003,152,63,PING! MICROWAVE PLATE,0,0,0,415.09000000000003,2338,0.5994871794871794,0.9813625980956558
21817,414.63,912,58,GLITTER CHRISTMAS TREE,0,0,0,414.63,2339,0.5997435897435898,0.981402966959723
21579,414.21999999999997,178,50,LOLITA  DESIGN  COTTON TOTE BAG,22.5,10,0.05431896093863165,391.71999999999997,2340,0.6,0.9814432959057083
21285,413.88,365,43,RETROSPOT CANDLE  MEDIUM,15.600000000000001,24,0.03769208466222094,398.28,2341,0.6002564102564103,0.981483591748894
21884,413.76,1166,93,CAKES AND BOWS GIFT  TAPE,0,0,0,413.76,2342,0.6005128205128205,0.9815238759087387
90161C,412.74,83,50,ANT COPPER LIME BOUDICCA BRACELET,0,0,0,412.74,2343,0.6007692307692307,0.9815640607601848
23459,412.5,33,19,DOLLY CABINET 2 DRAWERS,37.5,3,0.09090909090909091,375,2344,0.601025641025641,0.9816042222449487
15056p,412.48,33,26,EDWARDIAN PARASOL PINK,0,0,0,412.48,2345,0.6012820512820513,0.9816443817824893
23415,412.17999999999995,328,47,HOME SWEET HOME HOOK,8.25,5,0.020015527196855745,403.92999999999995,2346,0.6015384615384616,0.9816845121116772
84596E,412.1,565,79,SMALL LICORICE DES PINK BOWL,0,0,0,412.1,2347,0.6017948717948718,0.981724634651971
84806B,411.55999999999995,308,20,WHITE CANDYSTUFT ARTIFICIAL FLOWER,0,0,0,411.55999999999995,2348,0.602051282051282,0.9817647046172304
22447,410.81,137,45,PIN CUSHION BABUSHKA BLUE,0,0,0,410.81,2349,0.6023076923076923,0.9818047015616084
20830,409.83,136,37,SILVER PHOTO FRAME,2.1,1,0.005124075836322378,407.72999999999996,2350,0.6025641025641025,0.9818446030920347
85203,409.41,896,127,HANGING WOOD AND FELT BUTTERFLY,0,0,0,409.41,2351,0.6028205128205129,0.9818844637307673
16219,407.71999999999997,3048,100,HOUSE SHAPE PENCIL SHARPENER,2.88,48,0.007063671146865496,404.84,2352,0.6030769230769231,0.9819241598291139
22510,406.49,211,42,GINGHAM BABUSHKA DOORSTOP,0,0,0,406.49,2353,0.6033333333333334,0.981963736173215
35964,405.25,786,100,FOLKART CLIP ON STARS,0,0,0,405.25,2354,0.6035897435897436,0.9820031917894589
23339,405,175,76,EGG FRYING PAN BLUE,0,0,0,405,2355,0.6038461538461538,0.982042623065409
22406,403.46,346,84,MONEY BOX KINGS CHOICE DESIGN,1.25,1,0.003098200565111783,402.21,2356,0.6041025641025641,0.9820819044051494
23576,400.03999999999996,198,37,SNACK TRAY RED VINTAGE DOILY,0,0,0,400.03999999999996,2357,0.6043589743589743,0.9821208527696705
23429,400.01,47,23,RED RETRO KITCHEN WALL CLOCK,0,0,0,400.01,2358,0.6046153846153847,0.9821597982133564
23039,399.71,199,28,T-LIGHT HOLDER SILVER HEART HANDLE,11.7,6,0.029271221635685872,388.01,2359,0.6048717948717949,0.9821987144486899
22345,399.62,1120,71,PARTY PIZZA DISH BLUE POLKADOT,15.299999999999999,18,0.03828637205345078,384.32,2360,0.6051282051282051,0.9822376219215174
37476,399.02,37,26,CONDIMENT TRAY 4 BOWLS AND 4 SPOONS,0,0,0,399.02,2361,0.6053846153846154,0.98227647097764
21131,398.02,106,28,GOLD STANDING GNOME,0,0,0,398.02,2362,0.6056410256410256,0.9823152226725873
84974,398,40,28,S/2 ZINC HEART DESIGN PLANTERS,0,0,0,398,2363,0.6058974358974359,0.9823539724203111
18007,395.61,5884,30,ESSENTIAL BALM 3.5g TIN IN ENVELOPE,0,0,0,395.61,2364,0.6061538461538462,0.9823924894748262
47421,395.09999999999997,999,55,ASSORTED COLOUR LIZARD SUCTION HOOK,0,0,0,395.09999999999997,2365,0.6064102564102564,0.9824309568751419
22256,394.15,291,50,FELT FARM ANIMAL CHICKEN,0,0,0,394.15,2366,0.6066666666666667,0.9824693317823413
23661,393.59,219,33,MILK MAIDS MUG,32.99999999999999,20,0.08384359358723543,360.59,2367,0.6069230769230769,0.9825076521672825
22048,393.5,975,32,BIRTHDAY BANQUET GIFT WRAP,10.5,25,0.026683608640406607,383,2368,0.6071794871794872,0.982545963789718
20867,393.46999999999997,331,62,PINK ROSE FABRIC MIRROR,0,0,0,393.46999999999997,2369,0.6074358974358974,0.9825842724913183
84247E,392.94000000000005,143,48,PACK OF 12 CHRISTMAS FUN CARDS,67.85000000000001,23,0.17267267267267267,325.09000000000003,2370,0.6076923076923076,0.9826225295914955
90200B,392.83,93,47,BLACK SWEETHEART BRACELET,4.25,1,0.010818929307843088,388.58,2371,0.607948717948718,0.9826607759819437
23116,392.34000000000003,78,22,VEGETABLE GARDEN CHOPPING BOARD,0,0,0,392.34000000000003,2372,0.6082051282051282,0.9826989746654159
84826,391.93,1165,31,ASSTD DESIGN 3D PAPER STICKERS,51,60,0.13012527747301814,340.93,2373,0.6084615384615385,0.9827371334308064
23150,390.75000000000006,148,49,IVORY SWEETHEART SOAP DISH,2.49,1,0.0063723608445297505,388.26000000000005,2374,0.6087179487179487,0.9827751773100101
85232A,389.55,78,29,SET/3 POLKADOT STACKING TINS,14.850000000000001,3,0.03812090874085484,374.7,2375,0.6089743589743589,0.9828131043558036
21373,389.04,512,47,MIRRORED WALL ART SNOWFLAKES,9,12,0.02313386798272671,380.04,2376,0.6092307692307692,0.9828509817473977
23337,388.75,180,69,EGG FRYING PAN MINT,0,0,0,388.75,2377,0.6094871794871795,0.982888830904251
35095A,388.57,925,100,BLUE VICTORIAN FABRIC OVAL BOX,0,0,0,388.57,2378,0.6097435897435898,0.9829266625360928
21879,386.77000000000004,1178,94,HEARTS GIFT TAPE,0,0,0,386.77000000000004,2379,0.61,0.9829643189178194
20854,386.32,244,41,BLUE PATCH PURSE PINK HEART,23.099999999999998,14,0.059794988610478356,363.21999999999997,2380,0.6102564102564103,0.983001931487017
21881,383.11,1102,79,CUTE CATS TAPE,0,0,0,383.11,2381,0.6105128205128205,0.9830392315268424
21197,382.96,284,27,MULTICOLOUR  CONFETTI IN TUBE,34.65,21,0.09047942343847921,348.31,2382,0.6107692307692307,0.9830765169624913
84919,381.78000000000003,58,29,BLUE CUSHION COVER WITH FLOWER,0,0,0,381.78000000000003,2383,0.611025641025641,0.9831136875119537
22346,381.65999999999997,1037,59,PARTY PIZZA DISH GREEN POLKADOT,0,0,0,381.65999999999997,2384,0.6112820512820513,0.9831508463780748
85179A,380.79,193,59,GREEN BITTY LIGHT CHAIN,0,0,0,380.79,2385,0.6115384615384616,0.9831879205399738
21562,380.36,324,28,HAWAIIAN GRASS SKIRT,0,0,0,380.36,2386,0.6117948717948718,0.9832249528365673
16045,380,8900,68,POPART WOODEN PENCILS ASST,0,0,0,380,2387,0.612051282051282,0.9832619500831378
46776D,378.29,89,37,WOVEN SUNSET CUSHION COVER,0,0,0,378.29,2388,0.6123076923076923,0.9832987808420988
90161B,377.88,76,37,ANT COPPER TURQ BOUDICCA BRACELET,0,0,0,377.88,2389,0.6125641025641025,0.9833355716829777
21051,377.2,192,51,RIBBONS PURSE,0,0,0,377.2,2390,0.6128205128205129,0.9833722963182577
90160C,377.04,54,26,TURQ+RED BOUDICCA LARGE BRACELET,0,0,0,377.04,2391,0.6130769230769231,0.9834090053757496
47367B,376.27000000000004,112,43,PAIR PADDED HANGERS PINK CHECK,0,0,0,376.27000000000004,2392,0.6133333333333333,0.9834456394651366
21284,376.18,404,42,RETROSPOT CANDLE  SMALL,30.36,36,0.08070604497846776,345.82,2393,0.6135897435897436,0.9834822647920181
17012A,375.93,323,65,ORIGAMI VANILLA INCENSE/CANDLE SET,0,0,0,375.93,2394,0.6138461538461538,0.9835188657786055
84559A,375.60999999999996,397,94,3D SHEET OF DOG STICKERS,0,0,0,375.60999999999996,2395,0.6141025641025641,0.9835554356096168
21635,374.96,271,16,MADRAS NOTEBOOK LARGE,0,0,0,374.96,2396,0.6143589743589744,0.9835919421558644
84663A,374.12,272,34,GRASS HOPPER WOODEN WALL CLOCK,9.11,5,0.024350475783171174,365.01,2397,0.6146153846153846,0.9836283669187247
20782,373.57,54,27,CAMOUFLAGE EAR MUFF HEADPHONES,0,0,0,373.57,2398,0.6148717948717949,0.9836647381329388
21945,373.34,358,105,STRAWBERRIES  DESIGN FLANNEL,0,0,0,373.34,2399,0.6151282051282051,0.9837010869540825
16011,372.33,1773,46,ANIMAL STICKERS,0,0,0,372.33,2400,0.6153846153846154,0.9837373374404393
84915,372.33,217,23,HAND TOWEL PINK FLOWER AND DAISY,0,0,0,372.33,2401,0.6156410256410256,0.9837735879267961
21689,369.87,95,26,SILVER VANILLA  FLOWER CANDLE POT,0,0,0,369.87,2402,0.615897435897436,0.9838095989046619
84563A,369.84000000000003,96,35,PINK & WHITE BREAKFAST TRAY,0,0,0,369.84000000000003,2403,0.6161538461538462,0.9838456069616924
23575,367.34999999999997,179,32,SNACK TRAY PAISLEY PARK,0,0,0,367.34999999999997,2404,0.6164102564102564,0.9838813725893969
22532,366.75,1072,73,MAGIC DRAWING SLATE LEAP FROG,0,0,0,366.75,2405,0.6166666666666667,0.9839170798003962
22769,366.73,11,8,CHALKBOARD KITCHEN ORGANISER,225.5,10,0.6148937910724511,141.23000000000002,2406,0.6169230769230769,0.9839527850641718
22265,366.15000000000003,540,64,EASTER DECORATION NATURAL CHICK,0,0,0,366.15000000000003,2407,0.6171794871794872,0.983988433858466
21000,365.09,97,52,ROSE DU SUD COSMETICS BAG,0,0,0,365.09,2408,0.6174358974358974,0.9840239794499145
21320,364.22,197,19,GLASS CHALICE GREEN  LARGE,14.700000000000001,7,0.040360221843940475,349.52000000000004,2409,0.6176923076923077,0.9840594403371405
23579,362.65,171,35,SNACK TRAY I LOVE LONDON,0,0,0,362.65,2410,0.617948717948718,0.9840947483673216
21286,362.12,273,30,RETROSPOT CANDLE  LARGE,0,0,0,362.12,2411,0.6182051282051282,0.9841300047960797
35957,361.81,688,41,SMALLFOLKART BAUBLE CHRISTMAS DEC,18.240000000000002,96,0.05041320029849922,343.57,2412,0.6184615384615385,0.9841652310428736
21348,361.55999999999995,140,6,PINK SPOTS CHOCOLATE NESTING BOXES,0,0,0,361.55999999999995,2413,0.6187179487179487,0.9842004329493736
16008,360.71,2892,70,SMALL FOLDING SCISSOR(POINTED EDGE),0,0,0,360.71,2414,0.6189743589743589,0.9842355520988747
85049e,360.71,109,42,SCANDINAVIAN REDS RIBBONS,0,0,0,360.71,2415,0.6192307692307693,0.984270671248376
84632,359.70000000000005,6,5,DECORATIVE HANGING SHELVING UNIT,59.95,1,0.16666666666666666,299.75000000000006,2416,0.6194871794871795,0.98430569206309
35954,359.6,1293,54,SMALL FOLKART STAR CHRISTMAS DEC,0,0,0,359.6,2417,0.6197435897435898,0.9843407031416868
21060,359.28999999999996,405,71,PARTY INVITES BALLOON GIRL,0,0,0,359.28999999999996,2418,0.62,0.9843756840383192
84563B,358.1,98,38,BLUE & WHITE BREAKFAST TRAY,0,0,0,358.1,2419,0.6202564102564102,0.9844105490751531
90209B,357.74,185,54,GREEN ENAMEL+GLASS HAIR COMB,0,0,0,357.74,2420,0.6205128205128205,0.9844453790619639
20856,357.28999999999996,216,61,DENIM PATCH PURSE PINK BUTTERFLY,16.5,10,0.04618097343894316,340.78999999999996,2421,0.6207692307692307,0.9844801652362459
21263,356.96999999999997,171,42,GREEN GOOSE FEATHER TREE 60CM,3.9,2,0.010925287839314228,353.07,2422,0.6210256410256411,0.9845149202549519
22100,356.46000000000004,757,59,SKULLS SQUARE TISSUE BOX,0,0,0,356.46000000000004,2423,0.6212820512820513,0.9845496256194584
82095,356.11,68,30,HEART BUTTONS JEWELLERY BOX,0,0,0,356.11,2424,0.6215384615384615,0.9845842969075538
85169D,356.08,351,50,PINK LOVE BIRD CANDLE,1.25,1,0.0035104470905414514,354.83,2425,0.6217948717948718,0.9846189652748139
85169B,356.06,329,62,BLACK LOVE BIRD CANDLE,0,0,0,356.06,2426,0.622051282051282,0.9846536316948502
84569A,355.84,294,65,PACK 3 IRON ON DOG PATCHES,0,0,0,355.84,2427,0.6223076923076923,0.9846882766954282
21724,355.83,408,81,PANDA AND BUNNIES STICKER SHEET,0,0,0,355.83,2428,0.6225641025641026,0.9847229207223944
21001,354.14,74,50,ROSE DU SUD WASHBAG,0,0,0,354.14,2429,0.6228205128205129,0.9847574002089747
37482P,354.03,506,47,CUBIC MUG PINK POLKADOT,0,0,0,354.03,2430,0.6230769230769231,0.9847918689858255
21664,353.97,99,18,RIDGED GLASS STORAGE JAR CREAM LID,0,0,0,353.97,2431,0.6233333333333333,0.984826331921006
21723,353.47999999999996,401,59,ALPHABET HEARTS STICKER SHEET,0,0,0,353.47999999999996,2432,0.6235897435897436,0.9848607471492106
23420,353.45,165,32,PANTRY HOOK TEA STRAINER,0,0,0,353.45,2433,0.6238461538461538,0.9848951594565798
23421,353.36,162,33,PANTRY HOOK SPATULA,0,0,0,353.36,2434,0.6241025641025642,0.9849295630014435
21222,353.19,269,73,SET/4 BADGES BEETLES,0,0,0,353.19,2435,0.6243589743589744,0.9849639499949072
79030D,352.57,587,47,TUMBLER BAROQUE,0.39,1,0.001106163315086366,352.18,2436,0.6246153846153846,0.9849982766244423
35095B,352.25,862,98,RED VICTORIAN FABRIC OVAL BOX,0,0,0,352.25,2437,0.6248717948717949,0.9850325720984014
20652,350.61,268,78,BLUE POLKADOT LUGGAGE TAG,0,0,0,350.61,2438,0.6251282051282051,0.9850667079000331
21555,350.46999999999997,137,69,CERAMIC STRAWBERRY TRINKET TRAY,0,0,0,350.46999999999997,2439,0.6253846153846154,0.9851008300711004
22529,349.87,853,70,MAGIC DRAWING SLATE GO TO THE FAIR,0,0,0,349.87,2440,0.6256410256410256,0.9851348938254625
84924A,348.59,81,33,WAKE UP COCKEREL CALENDAR SIGN,0,0,0,348.59,2441,0.6258974358974358,0.9851688329575203
84631,348.53,41,24,FRUIT TREE AND BIRDS WALL PLAQUE,23.85,3,0.06843026425271857,324.67999999999995,2442,0.6261538461538462,0.9852027662479078
21421,348.43,299,14,PORCELAIN ROSE LARGE,0,0,0,348.43,2443,0.6264102564102564,0.9852366898021777
23015,346.63,41,18,CORDIAL GLASS JUG,57.75,7,0.16660416005539047,288.88,2444,0.6266666666666667,0.9852704381063321
20700,345.17,73,54,GREEN CAT FLORAL CUSHION COVER,0,0,0,345.17,2445,0.6269230769230769,0.9853040442631709
47591B,344.78999999999996,209,56,SCOTTIES CHILDRENS APRON,0,0,0,344.78999999999996,2446,0.6271794871794871,0.9853376134227632
84849A,344.34000000000003,180,53,HELLO SAILOR BLUE SOAP HOLDER,27.04,16,0.07852703723064412,317.3,2447,0.6274358974358974,0.9853711387698265
85129D,343.99,208,65,BEADED CRYSTAL HEART PINK SMALL,0,0,0,343.99,2448,0.6276923076923077,0.9854046300404786
22104,343.71,288,59,MIRROR MOSAIC CANDLE PLATE,0,0,0,343.71,2449,0.627948717948718,0.9854380940500015
90149,342.76000000000005,53,4,SILVER FLOWR PINK SHELL NECKLACE,0,0,0,342.76000000000005,2450,0.6282051282051282,0.985471465566408
47559b,342.65,103,28,TEA TIME OVEN GLOVE,0,0,0,342.65,2451,0.6284615384615385,0.9855048263730853
84766,340.7,146,14,SILVER ROCOCO CANDLE STICK,37.25,15,0.10933372468447315,303.45,2452,0.6287179487179487,0.9855379973254711
21221,340.21999999999997,261,54,SET/4 BADGES CUTE CREATURES,0,0,0,340.21999999999997,2453,0.6289743589743589,0.9855711215444926
71270,338.73,239,49,PHOTO CLIP LINE,0,0,0,338.73,2454,0.6292307692307693,0.9856041006953632
22547,338.23,809,101,MINI JIGSAW DINOSAUR,0.84,2,0.0024835171333116514,337.39000000000004,2455,0.6294871794871795,0.9856370311656463
21167,337.14,1432,67,WHITE SAGE INCENSE,10.5,50,0.031144331731624845,326.64,2456,0.6297435897435898,0.9856698555122482
72122,336.73999999999995,325,61,COFFEE SCENT PILLAR CANDLE,0,0,0,336.73999999999995,2457,0.63,0.9857026409143801
84926E,334.76,992,39,FLOWERS TILE COASTER,0,0,0,334.76,2458,0.6302564102564102,0.9857352335413851
85213,334.03,841,33,MINI  ZINC GARDEN DECORATIONS,0.85,1,0.0025446816154237645,333.17999999999995,2459,0.6305128205128205,0.9857677550947325
23047,333.5,58,25,PAPER LANTERN 5 POINT SEQUIN STAR,0,0,0,333.5,2460,0.6307692307692307,0.9858002250466568
85230B,333.2,1288,39,CINNAMON SCENTED VOTIVE CANDLE,0,0,0,333.2,2461,0.6310256410256411,0.9858326657902285
22259,332.84,481,44,FELT FARM ANIMAL HEN,0,0,0,332.84,2462,0.6312820512820513,0.9858650714837772
84952B,332.14,186,29,BLACK LOVE BIRD T-LIGHT HOLDER,11.25,3,0.03387125910760523,320.89,2463,0.6315384615384615,0.9858974090245034
84638,331.5,50,37,SMALL KITCHEN FLOWER POTS PLAQUE,0,0,0,331.5,2464,0.6317948717948718,0.9859296842540773
21248,330.71999999999997,205,66,DOOR HANGER  MUM + DADS ROOM,1.45,1,0.0043843734881470735,329.27,2465,0.632051282051282,0.9859618835419348
90200A,328.44,78,50,PURPLE SWEETHEART BRACELET,0,0,0,328.44,2466,0.6323076923076923,0.9859938608463126
16259,326.56,3380,31,PIECE OF CAMO STATIONERY SET,8.64,108,0.026457618814306715,317.92,2467,0.6325641025641026,0.9860256551116813
84708B,326.35,62,19,PINK JEWELLED PHOTO FRAME,0,0,0,326.35,2468,0.6328205128205128,0.986057428931203
85204,325.96,2055,104,HANGING WOOD AND FELT FLOWER,0.12,1,3.6814333046999634e-4,325.84,2469,0.6330769230769231,0.9860891647798663
23037,325.15999999999997,196,20,CANDLE HOLDER SILVER MADELINE,0,0,0,325.15999999999997,2470,0.6333333333333333,0.9861208227395897
23478,324.40000000000003,285,13,WOODLAND LARGE PINK FELT HEART,0,0,0,324.40000000000003,2471,0.6335897435897436,0.9861524067048199
90147,324.01,32,23,CHUNKY SILVER NECKLACE PASTEL FLOWE,19.9,2,0.061417857473534766,304.11,2472,0.6338461538461538,0.9861839526991917
23695,323.32,765,57,DOILY THANK YOU CARD,0,0,0,323.32,2473,0.634102564102564,0.9862154315143526
85205B,323.15,122,29,PINK FELT EASTER RABBIT GARLAND,0,0,0,323.15,2474,0.6343589743589744,0.9862468937781138
22135,322.8,568,179,MINI LADLE LOVE HEART PINK,0,0,0,322.8,2475,0.6346153846153846,0.9862783219654636
84931A,322.53999999999996,135,51,PINK SCOTTIE DOG W FLOWER PATTERN,0,0,0,322.53999999999996,2476,0.6348717948717949,0.986309724838908
84509c,322.22,43,27,SET OF 4 POLKADOT PLACEMATS,0,0,0,322.22,2477,0.6351282051282051,0.9863410965567764
21403,322.18,1857,106,BLUE EGG  SPOON,0,0,0,322.18,2478,0.6353846153846154,0.9863724643801975
22092,322.18,672,91,BLUE PAISLEY TISSUE BOX,0,0,0,322.18,2479,0.6356410256410256,0.9864038322036188
16238,322.09,1398,134,PARTY TIME PENCIL ERASERS,0,0,0,322.09,2480,0.6358974358974359,0.9864351912645343
21425,320.49,87,30,SKULLS STORAGE BOX LARGE,0,0,0,320.49,2481,0.6361538461538462,0.9864663945475695
16236,320.09,1438,136,KITTY PENCIL ERASERS,0,0,0,320.09,2482,0.6364102564102564,0.9864975588861346
21371,319.71,287,38,MIRRORED WALL ART POPPIES,0,0,0,319.71,2483,0.6366666666666667,0.9865286862274529
20936,319.66,100,34,FORKED CACTUS CANDLE,2.95,1,0.009228555340048801,316.71000000000004,2484,0.6369230769230769,0.9865598087007128
21026,319.5,258,68,SPACE OWL,0,0,0,319.5,2485,0.6371794871794871,0.9865909155961845
22202,319.35,64,37,MILK PAN PINK POLKADOT,3.75,1,0.011742602160638797,315.6,2486,0.6374358974358975,0.9866220078874801
90161D,318.89000000000004,64,34,ANT COPPER PINK BOUDICCA BRACELET,0,0,0,318.89000000000004,2487,0.6376923076923077,0.9866530553926349
72586,318.66999999999996,693,83,SET OF 6 HALLOWEEN GHOST T-LIGHTS,15.12,36,0.047447202435120975,303.54999999999995,2488,0.637948717948718,0.9866840814783312
84876B,318.31,220,33,GREEN HEART COMPACT MIRROR,0,0,0,318.31,2489,0.6382051282051282,0.9867150725140046
20780,318.19,48,28,BLACK EAR MUFF HEADPHONES,0,0,0,318.19,2490,0.6384615384615384,0.9867460518663368
84884a,317.71999999999997,38,26,ANT WHITE WIRE HEART SPIRAL,0,0,0,317.71999999999997,2491,0.6387179487179487,0.9867769854589168
46118,317.16999999999996,232,46,FUNKY MONKEY CUSHION COVER,0,0,0,317.16999999999996,2492,0.638974358974359,0.9868078655028504
22765,316.95000000000005,27,5,NEWSPAPER STAND,0,0,0,316.95000000000005,2493,0.6392307692307693,0.9868387241273253
85170B,316.75,215,39,SET/6 BLACK BIRD T-LIGHT CANDLES,2.1,1,0.0066298342541436465,314.65,2494,0.6394871794871795,0.9868695632795653
35915C,316.46,315,60,PEACH KNITTED HEN,0,0,0,316.46,2495,0.6397435897435897,0.9869003741970646
90198A,315.73,75,44,VINTAGE ROSE BEAD BRACELET RASPBERR,0,0,0,315.73,2496,0.64,0.9869311140409059
21375,315.27,43,27,LARGE CAMPHOR WOOD FIELD MUSHROOM,0,0,0,315.27,2497,0.6402564102564102,0.9869618090986065
85202,314.81,676,106,HANGING WOOD AND FELT HEART,0,0,0,314.81,2498,0.6405128205128205,0.9869924593701668
47594B,314.54999999999995,170,56,SCOTTIES DESIGN WASHBAG,7.8,4,0.024797329518359564,306.74999999999994,2499,0.6407692307692308,0.9870230843278213
84584,314.51,144,30,PINK GINGHAM CAT WITH SCARF,0,0,0,314.51,2500,0.6410256410256411,0.9870537053910288
21841,314.5,74,21,BABY MOUSE RED GINGHAM DRESS,0,0,0,314.5,2501,0.6412820512820513,0.9870843254806246
17084N,313.31,1264,101,FAIRY DREAMS INCENSE,0,0,0,313.31,2502,0.6415384615384615,0.987114829710422
85014b,313.06,25,23,RED RETROSPOT UMBRELLA,0,0,0,313.06,2503,0.6417948717948718,0.9871453095999256
21942,313.01,287,103,SKULLS DESIGN FLANNEL,10.2,12,0.03258681831251398,302.81,2504,0.642051282051282,0.9871757846213703
84358,312.7,33,13,FLOOR LAMP SHADE WOOD BASE,0,0,0,312.7,2505,0.6423076923076924,0.9872062294608508
21442,310.49,440,59,GREEN BIRDHOUSE DECORATION,0,0,0,310.49,2506,0.6425641025641026,0.9872364591321342
21944,310.19,337,100,KITTENS DESIGN FLANNEL,0,0,0,310.19,2507,0.6428205128205128,0.9872666595950649
47021G,309.3,582,27,SET/6 BEAD COASTERS GAUZE BAG GOLD,0,0,0,309.3,2508,0.6430769230769231,0.9872967734065498
22124,309.11,150,76,SET OF 2 TEA TOWELS PING MICROWAVE,0,0,0,309.11,2509,0.6433333333333333,0.9873268687194113
21719,307.44,345,58,LOVELY BONBON STICKER SHEET,0,0,0,307.44,2510,0.6435897435897436,0.9873568014391104
23495,306.66,225,41,SET OF 3 PANTRY WOODEN SPOONS,0,0,0,306.66,2511,0.6438461538461538,0.9873866582170928
20622,305.8,186,51,VIPPASSPORT COVER,0,0,0,305.8,2512,0.6441025641025641,0.9874164312644644
22040,304.5,725,28,BOTANICAL ROSE GIFT WRAP,0,0,0,304.5,2513,0.6443589743589744,0.9874460777423084
22043,304.5,1238,64,CHRISTMAS CARD SCREEN PRINT,0,0,0,304.5,2514,0.6446153846153846,0.9874757242201524
22641,303.72999999999996,139,37,SET OF 4 NAPKIN CHARMS INSTRUMENT,0,0,0,303.72999999999996,2515,0.6448717948717949,0.9875052957298915
23430,301.88,36,18,BLUE RETRO KITCHEN WALL CLOCK,0,0,0,301.88,2516,0.6451282051282051,0.9875346871214564
35912B,301.26,252,20,WHITE/PINK CHICK DECORATION,0,0,0,301.26,2517,0.6453846153846153,0.9875640181490929
84661B,300.24,115,29,BLACK SQUARE TABLE CLOCK,0,0,0,300.24,2518,0.6456410256410257,0.9875932498683304
22409,299.72,228,57,MONEY BOX BISCUITS DESIGN,1.25,1,0.004170559188576004,298.47,2519,0.6458974358974359,0.9876224309597571
21761,299.5,10,10,WOOD AND GLASS MEDICINE CABINET,0,0,0,299.5,2520,0.6461538461538462,0.9876515906317251
23440,299.36,164,5,PAINT YOUR OWN EGGS IN CRATE,0,0,0,299.36,2521,0.6464102564102564,0.9876807366731286
20897,298.27,107,24,VINTAGE NOTEBOOK PARIS DAYS,35.400000000000006,12,0.11868441345090022,262.87,2522,0.6466666666666666,0.9877097765908512
90184B,297.94,33,21,AMETHYST CHUNKY BEAD BRACELET W STR,0,0,0,297.94,2523,0.6469230769230769,0.987738784379386
84596J,296.45,568,68,MIXED NUTS LIGHT GREEN BOWL,0,0,0,296.45,2524,0.6471794871794871,0.9877676470997696
22049,296.25,1075,33,WRAP CHRISTMAS SCREEN PRINT,10.5,25,0.035443037974683546,285.75,2525,0.6474358974358975,0.9877964903479183
85186A,293.8,615,79,EASTER BUNNY GARLAND OF FLOWERS,0,0,0,293.8,2526,0.6476923076923077,0.9878250950611879
79051A,293.31,831,41,SMOKEY GREY COLOUR D.O.F. GLASS,0,0,0,293.31,2527,0.647948717948718,0.9878536520674815
20655,292.29,197,99,QUEEN OF SKIES LUGGAGE TAG,0,0,0,292.29,2528,0.6482051282051282,0.9878821097653765
35911A,292.07,319,70,MULTICOLOUR RABBIT EGG WARMER,0,0,0,292.07,2529,0.6484615384615384,0.9879105460438129
21441,292.03,421,62,BLUE BIRDHOUSE DECORATION,0,0,0,292.03,2530,0.6487179487179487,0.9879389784278022
23567,291.58,211,37,EGG CUP HENRIETTA HEN PINK,1.25,1,0.004286988133616846,290.33,2531,0.648974358974359,0.9879673669992628
72800B,290.8,144,38,4 PURPLE FLOCK DINNER CANDLES,0,0,0,290.8,2532,0.6492307692307693,0.9879956796290068
21386,290.2,733,51,IVORY HANGING DECORATION  EGG,0,0,0,290.2,2533,0.6494871794871795,0.9880239338420456
23410,290.1,36,18,CURIO CABINET LINEN AND LACE,8.15,1,0.028093760772147536,281.95000000000005,2534,0.6497435897435897,0.9880521783189669
16015,289.98,662,24,MEDIUM CHINESE STYLE SCISSOR,0,0,0,289.98,2535,0.65,0.9880804111125472
85024B,289.65,193,12,EAU DE NILE JEWELLED PHOTOFRAME,0,0,0,289.65,2536,0.6502564102564102,0.9881086117769396
21503,288.92,726,23,TOYBOX  WRAP,0.42,1,0.001453689602658175,288.5,2537,0.6505128205128206,0.9881367413676742
46776E,288.43,67,38,WOVEN CANDY CUSHION COVER,0,0,0,288.43,2538,0.6507692307692308,0.988164823251433
79190B,288.36,707,57,RETRO PLASTIC POLKA TRAY,6.72,16,0.023304203079483977,281.64,2539,0.651025641025641,0.9881928983199095
71403,286.91,77,33,"PINK/WHITE ""KEEP CLEAN"" BULLET BIN",0,0,0,286.91,2540,0.6512820512820513,0.9882208322146818
20618,286.39,148,76,QUEEN OF THE SKIES PASSPORT COVER,0,0,0,286.39,2541,0.6515384615384615,0.9882487154816432
37413,284.49,703,81,ICON MUG REVOLUTIONARY,0,0,0,284.49,2542,0.6517948717948718,0.9882764137623717
18094C,283.93,192,42,WHITE AND BLUE CERAMIC OIL BURNER,0,0,0,283.93,2543,0.652051282051282,0.9883040575208422
21666,283.51,412,43,RIDGED GLASS T-LIGHT HOLDER,0,0,0,283.51,2544,0.6523076923076923,0.9883316603876189
16218,283.31,3821,64,CARTOON  PENCIL SHARPENERS,0,0,0,283.31,2545,0.6525641025641026,0.9883592437821608
20794,282.78999999999996,99,27,BLUE  TILE HOOK,22.95,9,0.08115562785105557,259.84,2546,0.6528205128205128,0.9883867765488915
20777,282.48999999999995,169,80,CHRYSANTHEMUM NOTEBOOK,0,0,0,282.48999999999995,2547,0.6530769230769231,0.9884142801072695
84341B,282.38,645,40,SMALL PINK MAGIC CHRISTMAS TREE,0,0,0,282.38,2548,0.6533333333333333,0.9884417729559185
84872a,282.15,26,21,TEATIME FUNKY FLOWER BACKPACK FOR 2,0,0,0,282.15,2549,0.6535897435897436,0.9884692434114971
23481,281.17,228,29,PEARLISED IVORY HEART SMALL,0,0,0,281.17,2550,0.6538461538461539,0.988496618453124
22257,280.42,373,42,FELT FARM ANIMAL SHEEP,0,0,0,280.42,2551,0.6541025641025641,0.9885239204738695
71101E,280.2,348,22,STANDING FAIRY POLE SUPPORT,0,0,0,280.2,2552,0.6543589743589744,0.9885512010751564
85188A,278.16999999999996,319,42,GREEN METAL SWINGING BUNNY,2.55,3,0.009167056116763132,275.61999999999995,2553,0.6546153846153846,0.9885782840332576
21725,277.24,301,50,SWEETIES  STICKERS,0,0,0,277.24,2554,0.6548717948717949,0.9886052764454661
16169M,277.2,660,25,WRAP DAISY CARPET,0,0,0,277.2,2555,0.6551282051282051,0.9886322649632276
21293,276.72,116,24,MIRRORED DOVE WALL DECORATION,0,0,0,276.72,2556,0.6553846153846153,0.9886592067476249
84926D,276.53,709,34,LA PALMIERA TILE COASTER,0,0,0,276.53,2557,0.6556410256410257,0.988686130033399
85049g,276.42,113,51,CHOCOLATE BOX RIBBONS,0,0,0,276.42,2558,0.6558974358974359,0.9887130426094437
23137,275.62,83,23,ZINC WIRE SWEETHEART LETTER TRAY,0,0,0,275.62,2559,0.6561538461538462,0.9887398772965483
21250,274.37,95,20,SET OF SKULL WALL STICKERS,0,0,0,274.37,2560,0.6564102564102564,0.9887665902821838
20684,273.81,81,35,STRAWBERRY DREAM CHILDS UMBRELLA,0,0,0,273.81,2561,0.6566666666666666,0.9887932487455614
22512,273.46,123,37,DOORSTOP RACING CAR DESIGN,0,0,0,273.46,2562,0.6569230769230769,0.9888198731325277
22052,273,650,27,VINTAGE CARAVAN GIFT WRAP,21,50,0.07692307692307693,252,2563,0.6571794871794872,0.9888464527333534
84859A,272.99,129,35,SILVER DISCO HANDBAG,0,0,0,272.99,2564,0.6574358974358975,0.9888730313605673
23141,272.91,79,25,TRIPLE WIRE HOOK PINK HEART,0,0,0,272.91,2565,0.6576923076923077,0.9888996021988871
22889,272.2,173,33,NUMBER TILE VINTAGE FONT No,0,0,0,272.2,2566,0.6579487179487179,0.9889261039107725
20755,272.02,307,62,BLUE PAISLEY POCKET BOOK,0,0,0,272.02,2567,0.6582051282051282,0.9889525880976464
21815,271.68,159,29,STAR  T-LIGHT HOLDER,0,0,0,271.68,2568,0.6584615384615384,0.9889790391817208
20734,271.21999999999997,158,26,SILVER MINI TAPE MEASURE,0,0,0,271.21999999999997,2569,0.6587179487179488,0.9890054454796546
85214,271.03999999999996,164,58,TUB 24 PINK FLOWER PEGS,0,0,0,271.03999999999996,2570,0.658974358974359,0.9890318342525768
23474,270.96,312,37,WOODLAND SMALL BLUE FELT HEART,0,0,0,270.96,2571,0.6592307692307692,0.9890582152366051
85019C,270.72,182,11,CURIOUS  IMAGES NOTEBOOK SET,51,12,0.18838652482269502,219.72000000000003,2572,0.6594871794871795,0.9890845728539515
21275,270.08,13,12,ZINC TOP  2 DOOR WOODEN SHELF,76.75,5,0.28417505924170616,193.32999999999998,2573,0.6597435897435897,0.9891108681601455
35001W,270.02000000000004,92,5,HAND OPEN SHAPE DECO.WHITE,3.49,1,0.012924968520850306,266.53000000000003,2574,0.66,0.989137157624669
20771,269.68,103,40,CHRYSANTHEMUM  JOURNAL,0,0,0,269.68,2575,0.6602564102564102,0.9891634139863931
21785,269.61,412,5,RAIN PONCHO,0,0,0,269.61,2576,0.6605128205128206,0.9891896635328347
85186C,269.17,528,78,BUNNY EGG GARLAND,8.4,20,0.031207043875617638,260.77000000000004,2577,0.6607692307692308,0.9892158702403594
21644,268.75,215,32,ASSORTED TUTTI FRUTTI HEART BOX,31.25,25,0.11627906976744186,237.5,2578,0.661025641025641,0.9892420360561904
21332,268.1,19,13,MOROCCAN BEATEN METAL MIRROR,0,0,0,268.1,2579,0.6612820512820513,0.9892681385872578
17013D,267.82,535,13,ORIGAMI ROSE INCENSE IN TUBE,0,0,0,267.82,2580,0.6615384615384615,0.9892942138571958
21445,267.5,214,21,12 PINK ROSE PEG PLACE SETTINGS,5,4,0.018691588785046728,262.5,2581,0.6617948717948718,0.989320257971558
85230E,267.45,1101,24,STRAWBRY SCENTED VOTIVE CANDLE,0,0,0,267.45,2582,0.662051282051282,0.9893462972178614
21265,267.21,131,19,PINK GOOSE FEATHER TREE 60CM,0,0,0,267.21,2583,0.6623076923076923,0.9893723130974826
84795b,266.78,16,14,SUNSET CHECK HAMMOCK,0,0,0,266.78,2584,0.6625641025641026,0.9893982871117987
21279,266.15,85,29,VINTAGE KITCHEN PRINT FRUITS,7.6499999999999995,3,0.028743189930490326,258.5,2585,0.6628205128205128,0.9894241997885742
20699,266.03,97,41,MOUSEY LONG LEGS SOFT TOY,0,0,0,266.03,2586,0.6630769230769231,0.9894501007820089
85039C,265.77,305,67,S/4 BLACK MINI ROSE CANDLE IN BOWL,1.65,1,0.006208375663167401,264.12,2587,0.6633333333333333,0.9894759764615378
90160A,264.94,38,15,PURPLE BOUDICCA LARGE BRACELET,48.65,7,0.18362648146750207,216.29,2588,0.6635897435897435,0.9895017713312915
72800C,264.82,132,35,4 PINK DINNER CANDLE SILVER FLOCK,0,0,0,264.82,2589,0.6638461538461539,0.989527554517704
23476,264.72,205,22,WOODLAND LARGE RED FELT HEART,0,0,0,264.72,2590,0.6641025641025641,0.9895533279679992
90160D,264.7,38,12,PINK BOUDICCA LARGE BRACELET,0,0,0,264.7,2591,0.6643589743589744,0.9895790994710707
84952A,264.46999999999997,92,26,CLEAR LOVE BIRD T-LIGHT HOLDER,0,0,0,264.46999999999997,2592,0.6646153846153846,0.9896048485810721
85124B,264.06,93,39,BLUE JUICY FRUIT PHOTO FRAME,15.299999999999999,6,0.05794137695978186,248.76,2593,0.6648717948717948,0.9896305577729916
18098c,263.12,52,12,PORCELAIN BUTTERFLY OIL BURNER,0,0,0,263.12,2594,0.6651282051282051,0.9896561754454063
85124C,261.89,94,39,GREEN JUICY FRUIT PHOTO FRAME,0,0,0,261.89,2595,0.6653846153846154,0.9896816733635757
84858C,261.68,186,6,PINK RIVIERA HANDBAG,0,0,0,261.68,2596,0.6656410256410257,0.9897071508358982
47422,261.3,653,45,ASSORTED MONKEY SUCTION CUP HOOK,0.42,1,0.0016073478760045923,260.88,2597,0.6658974358974359,0.989732591310974
16012,261.24,1244,35,FOOD/DRINK SPONGE STICKERS,0,0,0,261.24,2598,0.6661538461538462,0.9897580259443796
79337,259.96,644,10,BLUE FLOCK GLASS CANDLEHOLDER,2.2800000000000002,6,0.0087705800892445,257.68,2599,0.6664102564102564,0.9897833359554808
21324,259.67,81,28,HANGING MEDINA LANTERN SMALL,0,0,0,259.67,2600,0.6666666666666666,0.9898086177318413
78124,257.75,199,18,MAGAZINE RACK GEBRA ASSORTED,0,0,0,257.75,2601,0.666923076923077,0.9898337125747453
20997,257.61,59,34,ROSE DU SUD CUSHION COVER,0,0,0,257.61,2602,0.6671794871794872,0.9898587937870847
35915B,257.21999999999997,220,50,BLUE KNITTED HEN,0,0,0,257.21999999999997,2603,0.6674358974358975,0.989883837028566
85230G,257.03999999999996,1032,25,ORANGE VOTIVE CANDLE,13.919999999999998,48,0.05415499533146592,243.11999999999998,2604,0.6676923076923077,0.9899088627450355
21458,256.54,182,36,2 PICTURE BOOK EGGS EASTER BUNNY,0,0,0,256.54,2605,0.6679487179487179,0.9899338397809178
21427,256.44,96,41,SKULLS STORAGE BOX SMALL,6.300000000000001,3,0.024567150210575577,250.14,2606,0.6682051282051282,0.9899588070806823
84952C,255,144,12,MIRROR LOVE BIRD T-LIGHT HOLDER,0,0,0,255,2607,0.6684615384615384,0.9899836341803545
21269,254.98,29,19,ANTIQUE CREAM CUTLERY SHELF,0,0,0,254.98,2608,0.6687179487179488,0.9900084593328033
21379,254.32999999999998,184,50,CAMPHOR WOOD PORTOBELLO MUSHROOM,0,0,0,254.32999999999998,2609,0.668974358974359,0.9900332212004883
21547,253.53000000000003,79,22,CERAMIC BIRDHOUSE CRESTED TIT SMALL,0,0,0,253.53000000000003,2610,0.6692307692307692,0.990057905179233
48173c,252.95,15,7,DOORMAT BLACK FLOCK,0,0,0,252.95,2611,0.6694871794871795,0.9900825326884962
90201B,252.90000000000003,86,23,BLACK ENAMEL FLOWER RING,20.650000000000002,7,0.08165282720442862,232.25000000000003,2612,0.6697435897435897,0.9901071553297005
21882,252.47000000000003,706,70,SKULLS TAPE,0,0,0,252.47000000000003,2613,0.67,0.9901317361055997
35967,252.33,485,67,FOLK ART METAL STAR T-LIGHT HOLDER,0,0,0,252.33,2614,0.6702564102564103,0.9901563032509342
90143,252.18,33,19,SILVER BRACELET W PASTEL FLOWER,15,2,0.05948132286462051,237.18,2615,0.6705128205128205,0.9901808557920925
23149,251.45000000000002,99,21,ANTIQUE IVORY WIRE BOWL SMALL,27.39,11,0.10892821634519785,224.06,2616,0.6707692307692308,0.9902053372595929
22164,250.22000000000003,78,15,STRING OF STARS CARD HOLDER,0,0,0,250.22000000000003,2617,0.671025641025641,0.9902296989728477
85071D,249.48999999999998,403,84,CHARLIE+LOLA MY ROOM DOOR SIGN,0,0,0,249.48999999999998,2618,0.6712820512820513,0.9902539896124447
20659,248.09,159,62,ECONOMY LUGGAGE TAG,0,0,0,248.09,2619,0.6715384615384615,0.9902781439463965
21647,247.8,118,25,ASSORTED TUTTI FRUTTI LARGE PURSE,2.1,1,0.00847457627118644,245.70000000000002,2620,0.6717948717948717,0.9903022700456076
22954,247.63,202,40,HEN PARTY CORDON BARRIER TAPE,1.25,1,0.005047853652626903,246.38,2621,0.6720512820512821,0.9903263795934186
23465,247.63,29,16,TUSCAN VILLA BIRD FEEDER,0,0,0,247.63,2622,0.6723076923076923,0.9903504891412298
22410,247.42,237,58,MONEY BOX HOUSEKEEPING DESIGN,0,0,0,247.42,2623,0.6725641025641026,0.9903745782431942
84678,247.04,142,13,CLASSICAL ROSE SMALL VASE,5.05,3,0.020442033678756476,241.98999999999998,2624,0.6728205128205128,0.990398630347912
22869,246.14,96,44,NUMBER TILE COTTAGE GARDEN 1,1.95,1,0.007922320630535468,244.19,2625,0.6730769230769231,0.9904225948275721
90175A,245.63,27,25,WHITE GLASS CHUNKY CHARM BRACELET,0,0,0,245.63,2626,0.6733333333333333,0.990446509653033
22391,245.57999999999998,158,29,PAPERWEIGHT HOME SWEET HOME,0,0,0,245.57999999999998,2627,0.6735897435897436,0.9904704196104351
21676,245.35999999999999,257,61,FLOWERS  STICKERS,0,0,0,245.35999999999999,2628,0.6738461538461539,0.9904943081483786
21190,245.2,168,7,PINK HEARTS PAPER GARLAND,72.5,50,0.29567699836867867,172.7,2629,0.6741025641025641,0.990518181108534
20819,244.72,64,27,SILVER TEDDY BEAR,0,0,0,244.72,2630,0.6743589743589744,0.9905420073353254
84422,244.17000000000002,566,15,PINK/BLUE DISC/MIRROR STRING,18.72,48,0.07666789531883522,225.45000000000002,2631,0.6746153846153846,0.9905657800134704
20616,243.53,194,71,CHERRY BLOSSOM PASSPORT COVER,0,0,0,243.53,2632,0.6748717948717948,0.9905894903804633
85095,243.49,150,48,THREE CANVAS LUGGAGE TAGS,0,0,0,243.49,2633,0.67512820512820515,0.9906131968530092
85094,242.32,641,90,CANDY SPOT EGG WARMER RABBIT,0,0,0,242.32,2634,0.6753846153846154,0.9906367894129802
22870,242.23999999999998,94,39,NUMBER TILE COTTAGE GARDEN 2,0,0,0,242.23999999999998,2635,0.6756410256410257,0.9906603741840571
23475,242.17999999999998,286,31,WOODLAND SMALL PINK FELT HEART,0,0,0,242.17999999999998,2636,0.6758974358974359,0.9906839531134635
84592,241.24000000000004,76,22,CROCHET ROSE PURSE WITH SUEDE BACK,0,0,0,241.24000000000004,2637,0.6761538461538461,0.9907074405233652
47469,241.21,473,12,ASSORTED SHAPES PHOTO CLIP SILVER,15.600000000000001,24,0.06467393557481034,225.61,2638,0.6764102564102564,0.9907309250124317
23143,239.97,30,16,ZINC WIRE KITCHEN ORGANISER,0,0,0,239.97,2639,0.6766666666666666,0.9907542887736409
21028,239.24,187,58,NINJA RABBIT BLACK,0,0,0,239.24,2640,0.676923076923077,0.9907775814611923
72131,238.34999999999997,137,18,COLUMBIAN CANDLE RECTANGLE,0,0,0,238.34999999999997,2641,0.6771794871794872,0.9908007874972977
22137,237.98000000000002,82,14,BATHROOM SET LOVE HEART DESIGN,0,0,0,237.98000000000002,2642,0.6774358974358974,0.9908239575097684
23580,236.87,117,25,SNACK TRAY HAPPY FOREST,0,0,0,236.87,2643,0.6776923076923077,0.9908470194513345
21360,236.17000000000002,39,16,JOY LARGE WOOD LETTERS,0,0,0,236.17000000000002,2644,0.6779487179487179,0.9908700132400781
85023B,235.35000000000002,105,13,EAU DE NILE JEWELLED PHOTOFRAME,153.75000000000003,73,0.6532823454429574,81.6,2645,0.6782051282051282,0.9908929271926581
20775,235.18999999999997,135,63,DAISY NOTEBOOK,0,0,0,235.18999999999997,2646,0.6784615384615384,0.99091582556745
47351B,234.5,86,9,BLUE  VOILE LAMPSHADE,122.39999999999999,48,0.5219616204690831,112.10000000000001,2647,0.6787179487179488,0.9909386567630308
16216,234,3333,45,LETTER SHAPE PENCIL SHARPENER,0,0,0,234,2648,0.678974358974359,0.9909614392780243
23036,233.67,185,16,T-LIGHT HOLDER SILVER PETIT FOUR,0,0,0,233.67,2649,0.6792307692307692,0.9909841896638298
21025,233.52,174,56,SPACE FROG,0,0,0,233.52,2650,0.6794871794871795,0.9910069254454591
90058B,232.56,612,15,CRYSTAL STUD EARRINGS ASSORTED COL,13.68,36,0.058823529411764705,218.88,2651,0.6797435897435897,0.9910295677603603
84857C,232.32999999999998,98,10,PINK MONTE CARLO HANDBAG,1.95,1,0.008393233762320837,230.38,2652,0.68,0.9910521876821912
85099f,232.05999999999997,46,10,JUMBO BAG STRAWBERRY,0,0,0,232.05999999999997,2653,0.6802564102564103,0.9910747813165047
23447,231.89999999999998,158,4,PINK BUNNY EASTER EGG BASKET,0,0,0,231.89999999999998,2654,0.6805128205128205,0.9910973593730301
84712B,231.56,30,20,PINK JEWELLED PHOTO FRAME,0,0,0,231.56,2655,0.6807692307692308,0.9911199043267561
21161,231.36999999999998,144,43,KEEP OUT BOYS DOOR HANGER,0,0,0,231.36999999999998,2656,0.681025641025641,0.9911424307818588
20696,230.81,54,30,FLORAL SOFT CAR TOY,0,0,0,230.81,2657,0.6812820512820513,0.9911649027147033
22394,230.67999999999998,168,23,PAPERWEIGHT KINGS CHOICE,15.299999999999999,6,0.06632564591642101,215.37999999999997,2658,0.6815384615384615,0.991187361990595
21973,230.54999999999998,159,30,SET OF 36 MUSHROOM PAPER DOILIES,1.45,1,0.006289308176100629,229.1,2659,0.6817948717948717,0.9912098086095341
23446,230.24999999999997,157,3,BLUE BUNNY EASTER EGG BASKET,0,0,0,230.24999999999997,2660,0.6820512820512821,0.9912322260201205
90206C,229.68,46,31,CRYSTAL DIAMANTE STAR BROOCH,0,0,0,229.68,2661,0.6823076923076923,0.9912545879348371
85040B,229.46999999999997,137,35,SET/4 BLUE FLOWER CANDLES IN BOWL,6.6,4,0.028761929664008368,222.86999999999998,2662,0.6825641025641026,0.9912769294037069
72800D,229.21999999999997,88,31,4 BLUE DINNER CANDLES SILVER FLOCK,0,0,0,229.21999999999997,2663,0.6828205128205128,0.9912992465322829
85200,228.75,183,26,BUNNY EGG BOX,0,0,0,228.75,2664,0.683076923076923,0.9913215179011066
90010E,227.89,25,16,AMBER GLASS/SILVER BRACELET,0,0,0,227.89,2665,0.6833333333333333,0.9913437055393196
21157,227.6,79,34,RED RETROSPOT WASHBAG,0,0,0,227.6,2666,0.6835897435897436,0.9913658649427918
23003,226.2,542,53,TRAVEL CARD WALLET VINTAGE ROSE,0,0,0,226.2,2667,0.6838461538461539,0.9913878880406188
90201D,225.84,77,31,GREEN ENAMEL FLOWER RING,0,0,0,225.84,2668,0.6841025641025641,0.9914098760884227
22031,225.59,504,80,BOTANICAL LAVENDER BIRTHDAY CARD,5.04,12,0.02234141584290084,220.55,2669,0.6843589743589743,0.9914318397959327
85014a,225.32000000000002,18,14,BLACK/BLUE POLKADOT UMBRELLA,0,0,0,225.32000000000002,2670,0.6846153846153846,0.9914537772159255
90158,224.12,45,35,ST TROPEZ NECKLACE,0,0,0,224.12,2671,0.6848717948717948,0.991475597802508
21657,223.46,30,17,MILK BOTTLE WITH GLASS STOPPER,0,0,0,223.46,2672,0.6851282051282052,0.991497354130715
84218,223.10999999999999,123,41,BOX/12 CHICK & EGG IN BASKET,0,0,0,223.10999999999999,2673,0.6853846153846154,0.9915190763825107
21364,222.96,30,24,PEACE SMALL WOOD LETTERS,6.75,1,0.030274488697524218,216.21,2674,0.6856410256410257,0.9915407840301301
21456,222.22,171,25,2 PICTURE BOOK EGGS EASTER CHICKS,1.25,1,0.0056250562505625054,220.97,2675,0.6858974358974359,0.9915624196304796
84711A,221.79999999999998,25,17,SILVER OVAL SHAPE TRINKET BOX,0,0,0,221.79999999999998,2676,0.6861538461538461,0.9915840143391359
20781,221.65,38,25,GOLD EAR MUFF HEADPHONES,5.49,1,0.024768779607489286,216.16,2677,0.6864102564102564,0.9916055944436157
84876D,221.25,129,16,BLUE HEART COMPACT MIRROR,0,0,0,221.25,2678,0.6866666666666666,0.9916271356036256
22395,220.04,152,33,PAPERWEIGHT VINTAGE PAISLEY,0,0,0,220.04,2679,0.686923076923077,0.9916485589566133
35914,219.66,196,40,PINK CHICK EGG WARMER + EGG CUP,0,0,0,219.66,2680,0.6871794871794872,0.9916699453123545
20868,219.35000000000002,458,46,SILVER FABRIC MIRROR,0,0,0,219.35000000000002,2681,0.6874358974358974,0.9916913014861314
75178,218.87,459,13,ASSTD COL BUTTERFLY/CRYSTAL W/CHIME,0,0,0,218.87,2682,0.6876923076923077,0.9917126109265444
21378,217.89,142,34,SMALL TALL CAMPHOR WOOD TOADSTOOL,0,0,0,217.89,2683,0.6879487179487179,0.9917338249530054
21316,217.68,160,15,SMALL CHUNKY GLASS ROMAN  BOWL,2.95,1,0.013552002940095554,214.73000000000002,2684,0.6882051282051282,0.9917550185336197
90014A,217.59,27,21,SILVER/MOP ORBIT NECKLACE,0,0,0,217.59,2685,0.6884615384615385,0.9917762033517286
20847,217.58,52,18,ZINC HEART LATTICE CHARGER LARGE,0,0,0,217.58,2686,0.6887179487179487,0.9917973871962253
20769,217.56,80,34,DAISY JOURNAL,0,0,0,217.56,2687,0.688974358974359,0.9918185690934985
21132,217.35999999999999,44,22,SILVER STANDING GNOME,0,0,0,217.35999999999999,2688,0.6892307692307692,0.991839731518537
84559B,217.29,237,55,3D SHEET OF CAT STICKERS,3.4,4,0.015647291637903262,213.89,2689,0.6894871794871795,0.991860887128293
84051,216.06,282,25,ASS COLOUR GLOWING TIARAS,0,0,0,216.06,2690,0.6897435897435897,0.9918819229838036
21377,215.67999999999998,121,41,SMALL CAMPHOR WOOD FIELD  MUSHROOM,0,0,0,215.67999999999998,2691,0.69,0.9919029218420675
90120C,215.20000000000002,51,22,GREEN MURANO TWIST BRACELET,0,0,0,215.20000000000002,2692,0.6902564102564103,0.9919238739669674
21520,214.19,504,58,BOOZE & WOMEN GREETING CARD,0.84,2,0.003921751715766375,213.35,2693,0.6905128205128205,0.9919447277570805
84510C,213.82999999999998,134,54,SET OF 4 POLKADOT COASTERS,0,0,0,213.82999999999998,2694,0.6907692307692308,0.9919655464971704
22882,213.7,108,42,NUMBER TILE VINTAGE FONT 3,1.95,1,0.009124941506785214,211.75,2695,0.691025641025641,0.9919863525803074
90200C,211.43,50,26,BLUE SWEETHEART BRACELET,0,0,0,211.43,2696,0.6912820512820513,0.9920069376535768
72127,210.61,169,30,COLUMBIAN CANDLE ROUND,0,0,0,210.61,2697,0.6915384615384615,0.9920274428906827
84877B,210.56,144,21,GREEN ROUND COMPACT MIRROR,0,0,0,210.56,2698,0.6917948717948718,0.9920479432597298
84707B,210.54999999999998,34,18,PINK JEWELLED MIRROR TRINKET TRAY,0,0,0,210.54999999999998,2699,0.6920512820512821,0.9920684426551651
84926A,210.51999999999998,604,35,WAKE UP COCKEREL TILE COASTER,0,0,0,210.51999999999998,2700,0.6923076923076923,0.9920889391297651
90175D,210.04000000000002,23,20,TIGRIS EYE CHUNKY CHARM BRACELET,0,0,0,210.04000000000002,2701,0.6925641025641026,0.992109388871001
90160B,209.73000000000002,30,12,RED BOUDICCA LARGE BRACELET,0,0,0,209.73000000000002,2702,0.6928205128205128,0.9921298084302727
21750,209.61,91,24,LARGE SKULL WINDMILL,0,0,0,209.61,2703,0.693076923076923,0.9921502163062034
90192,209.10000000000002,42,25,JADE DROP EARRINGS W FILIGREE,9.9,2,0.04734576757532281,199.20000000000002,2704,0.6933333333333334,0.9921705745279347
21651,208.46999999999997,133,11,HANGING GLASS ETCHED TEALIGHT,0,0,0,208.46999999999997,2705,0.6935897435897436,0.9921908714121255
90119,207.60999999999999,84,36,METALIC LEAVES BAG CHARMS,0,0,0,207.60999999999999,2706,0.6938461538461539,0.9922110845657058
16048,205.42,1461,67,TEATIME ROUND PENCIL SHARPENER,0,0,0,205.42,2707,0.6941025641025641,0.9922310844983124
20763,205.04,73,27,DAISY SKETCHBOOK,0,0,0,205.04,2708,0.6943589743589743,0.9922510474336723
21726,204.69,237,42,MULTI HEARTS  STICKERS,0,0,0,204.69,2709,0.6946153846153846,0.9922709762926212
22878,204.19,75,33,NUMBER TILE COTTAGE GARDEN No,2.1,1,0.010284538909838875,202.09,2710,0.6948717948717948,0.9922908564709823
84875B,203.51,131,20,GREEN SQUARE COMPACT MIRROR,0,0,0,203.51,2711,0.6951282051282052,0.9923106704437442
85230A,203.27999999999997,840,18,OPIUM SCENTED VOTIVE CANDLE,0,0,0,203.27999999999997,2712,0.6953846153846154,0.9923304620234359
21911,203.20999999999998,114,29,GARDEN METAL SIGN,19.799999999999997,12,0.09743614979577776,183.40999999999997,2713,0.6956410256410256,0.9923502467878453
84688,203.07,41,15,BEACH HUT DESIGN BLACKBOARD,55.25,13,0.27207366917811593,147.82,2714,0.6958974358974359,0.9923700179216903
47578A,202.53,219,45,ENGLISH ROSE SMALL SCENTED FLOWER,0,0,0,202.53,2715,0.6961538461538461,0.9923897364805006
90201A,202.51000000000002,69,28,PURPLE ENAMEL FLOWER RING,11.8,4,0.05826872747024838,190.71,2716,0.6964102564102564,0.9924094530920873
22541,202.37,504,35,MINI JIGSAW LEAP FROG,0,0,0,202.37,2717,0.6966666666666667,0.9924291560731097
85179C,201.31,106,36,PINK BITTY LIGHT CHAIN,0,0,0,201.31,2718,0.696923076923077,0.9924487558512861
22880,200.59,99,32,NUMBER TILE VINTAGE FONT 1,0,0,0,200.59,2719,0.6971794871794872,0.9924682855294166
44235,200.45999999999998,539,13,ASSORTED COLOURED CIRCLE MOBILE,0,0,0,200.45999999999998,2720,0.6974358974358974,0.9924878025505943
84968e,200.21,8,6,SET OF 16 VINTAGE BLACK CUTLERY,0,0,0,200.21,2721,0.6976923076923077,0.9925072952314782
47594A,199.84,108,50,CAROUSEL DESIGN WASHBAG,17.55,9,0.08782025620496398,182.29,2722,0.6979487179487179,0.9925267518887272
16156L,199.5,475,18,WRAP CAROUSEL,0,0,0,199.5,2723,0.6982051282051283,0.9925461754431767
22038,199.5,475,19,BOTANICAL LAVENDER GIFT WRAP,0,0,0,199.5,2724,0.6984615384615385,0.9925655989976262
21367,199.49,171,43,MIRRORED WALL ART GENTS,0,0,0,199.49,2725,0.6987179487179487,0.992585021578464
22289,198.52,152,34,HANGING METAL CHICKEN DECORATION,0,0,0,198.52,2726,0.698974358974359,0.9926043497189619
21376,197.81,37,17,LARGE  TALL CAMPHOR WOOD TOADSTOOL,0,0,0,197.81,2727,0.6992307692307692,0.9926236087330252
22881,197.56,102,34,NUMBER TILE VINTAGE FONT 2,0,0,0,197.56,2728,0.6994871794871795,0.9926428434067949
90019A,197.09,38,27,SILVER M.O.P ORBIT BRACELET,0,0,0,197.09,2729,0.6997435897435897,0.9926620323208122
22263,196.82,327,51,FELT EGG COSY LADYBIRD,32.34,49,0.16431256986078652,164.48,2730,0.7,0.9926811949473122
22044,196.44000000000003,816,36,CHRISTMAS CARD STACK OF PRESENTS,0,0,0,196.44000000000003,2731,0.7002564102564103,0.9927003205765655
71143,196.35999999999999,178,37,SILVER BOOK MARK WITH BEADS,0,0,0,196.35999999999999,2732,0.7005128205128205,0.9927194384169251
90013A,195.32,52,32,MIDNIGHT BLUE VINTAGE EARRINGS,30,8,0.1535941019864837,165.32,2733,0.7007692307692308,0.9927384550016621
84926F,195.22,430,28,PSYCHEDELIC TILE COASTER,6.959999999999999,24,0.03565208482737424,188.26,2734,0.701025641025641,0.9927574618502819
20617,194.94,93,43,FIRST CLASS PASSPORT COVER,0,0,0,194.94,2735,0.7012820512820512,0.99277644143777255
23697,194.57999999999998,456,35,A PRETTY THANK YOU CARD,0,0,0,194.57999999999998,2736,0.7015384615384616,0.9927953859752402
22884,194.04999999999998,99,36,NUMBER TILE VINTAGE FONT 5,0,0,0,194.04999999999998,2737,0.7017948717948718,0.9928142789112849
20654,193.59,152,49,FIRST CLASS LUGGAGE TAG,0,0,0,193.59,2738,0.7020512820512821,0.9928331270611891
90018A,193.33,46,37,SILVER M.O.P ORBIT DROP EARRINGS,4.25,1,0.021983137640304143,189.08,2739,0.7023076923076923,0.9928519498971877
90082A,193.2,30,18,DIAMANTE BOW BROOCH GREEN COLOUR,0,0,0,193.2,2740,0.7025641025641025,0.9928707600762334
21306,193.02999999999997,495,44,SET/4 DAISY MIRROR MAGNETS,7.32,19,0.03792156659586594,185.70999999999998,2741,0.7028205128205128,0.9928895537038797
84910A,192.14,26,17,PINK PAISLEY CUSHION COVER,0,0,0,192.14,2742,0.703076923076923,0.9929082606800796
22883,191.48,100,32,NUMBER TILE VINTAGE FONT 4,1.95,1,0.010183831209525799,189.53,2743,0.7033333333333334,0.9929269033979041
47471,191.18,292,39,RAINBOW PEGS PHOTO CLIP STRING,0,0,0,191.18,2744,0.7035897435897436,0.9929455169073761
85045,191.1,42,11,GREEN CHRISTMAS TREE STRING 20LIGHT,19.8,4,0.10361067503924648,171.29999999999998,2745,0.7038461538461539,0.992964122627954
90030B,190.73000000000002,122,25,RED KUKUI COCONUT SEED NECKLACE,0,0,0,190.73000000000002,2746,0.7041025641025641,0.9929826923248972
90184C,190.51999999999998,21,17,BLACK CHUNKY BEAD BRACELET W STRAP,0,0,0,190.51999999999998,2747,0.7043589743589743,0.9930012415759935
21027,190.29,169,42,NINJA RABBIT PINK,0,0,0,190.29,2748,0.7046153846153846,0.9930197684340196
21418,189.75,74,25,STARFISH SOAP DISH,0,0,0,189.75,2749,0.7048717948717949,0.993038242717011
21196,189.67999999999998,108,13,ROUND WHITE CONFETTI IN TUBE,0,0,0,189.67999999999998,2750,0.7051282051282052,0.9930567101847202
21807,189.42,439,30,WHITE CHRISTMAS STAR DECORATION,0,0,0,189.42,2751,0.7053846153846154,0.9930751523385238
21311,188.86999999999998,485,51,SET/4 BIRD MIRROR MAGNETS,7.83,27,0.04145708688515911,181.03999999999996,2752,0.7056410256410256,0.9930935409436812
85020,188.81,85,22,ROUND PINK HEART MIRROR,0,0,0,188.81,2753,0.7058974358974359,0.9931119237071678
84804B,188.37000000000003,99,6,BLUE DELPHINIUM ARTIFICIAL FLOWER,0,0,0,188.37000000000003,2754,0.7061538461538461,0.9931302636317376
20694,187.54,43,16,FLORAL PINK MONSTER,0,0,0,187.54,2755,0.7064102564102565,0.9931485227465318
84711B,186.64,20,13,PINK OVAL SHAPE TRINKET BOX,0,0,0,186.64,2756,0.7066666666666667,0.9931666942362685
84535A,186.56,399,21,ENGLISH ROSE NOTEBOOK A6 SIZE,0,0,0,186.56,2757,0.7069230769230769,0.9931848579371111
21826,186.43,126,35,EIGHT PIECE DINOSAUR SET,5,4,0.02681971785656815,181.43,2758,0.7071794871794872,0.9932030089810009
21402,185.51999999999998,1369,92,RED  EGG  SPOON,0,0,0,185.51999999999998,2759,0.7074358974358974,0.9932210714262213
84429A,185.45000000000002,55,21,MEDIUM PINK BUDDHA HEAD,0,0,0,185.45000000000002,2760,0.7076923076923077,0.9932391270561594
90201C,185.42000000000002,63,21,RED ENAMEL FLOWER RING,17.700000000000003,6,0.09545895804120376,167.72000000000003,2761,0.7079487179487179,0.9932571797652622
78033,185.3,38,8,FLAG OF ST GEORGE CHAIR,17.85,3,0.0963302752293578,167.45000000000002,2762,0.7082051282051282,0.9932752207910241
72801d,184.7,75,44,4 SKY BLUE DINNER CANDLES,0,0,0,184.7,2763,0.7084615384615385,0.9932932034000809
23416,184.67999999999998,132,25,CHAMBRE HOOK,0,0,0,184.67999999999998,2764,0.7087179487179487,0.9933111840619142
90016B,184.66,22,19,GOLD/M.O.P PENDANT ORBIT NECKLACE,0,0,0,184.66,2765,0.708974358974359,0.9933291627765239
85055,183.71,45,16,FRENCH ENAMEL UTENSIL HOLDER,0,0,0,183.71,2766,0.7092307692307692,0.9933470489980172
84509E,183.45,91,23,SET OF 4 CAROUSEL PLACEMATS,0,0,0,183.45,2767,0.7094871794871795,0.9933649099056049
84927F,182.95000000000002,299,44,PSYCHEDELIC TILE HOOK,1.9500000000000002,5,0.01065864990434545,181.00000000000003,2768,0.7097435897435898,0.9933827221326051
22032,181.98,427,60,BOTANICAL LILY GREETING CARD,0,0,0,181.98,2769,0.71,0.9934004399192655
84907,180.93,29,23,PINK YELLOW PATCH CUSHION COVER,0,0,0,180.93,2770,0.7102564102564103,0.9934180554766917
85215,180.71,223,18,ASSORTED CHEESE FRIDGE MAGNETS,0,0,0,180.71,2771,0.7105128205128205,0.9934356496146595
72801C,180.65,145,19,4 ROSE PINK DINNER CANDLES,0,0,0,180.65,2772,0.7107692307692308,0.9934532379109567
84804A,180.58,70,8,CREAM DELPHINIUM ARTIFICIAL FLOWER,0,0,0,180.58,2773,0.711025641025641,0.9934708193919717
84859C,180.51999999999998,84,22,PINK DISCO HANDBAG,0,0,0,180.51999999999998,2774,0.7112820512820512,0.9934883950313161
22157,180.2,212,11,ANGEL DECORATION WITH LACE PADDED,0,0,0,180.2,2775,0.7115384615384616,0.9935059395150847
21721,179.45999999999998,195,33,CANDY SHOP  STICKER SHEET,0,0,0,179.45999999999998,2776,0.7117948717948718,0.9935234119515833
79190A,179.35999999999999,384,63,RETRO PLASTIC 70'S TRAY,1.26,3,0.0070249776984834976,178.1,2777,0.7120512820512821,0.9935408746519647
40003,179.23,155,15,WHITE BAMBOO RIBS LAMPSHADE,0,0,0,179.23,2778,0.7123076923076923,0.9935583246953931
16258A,178.97,472,59,SWIRLY CIRCULAR RUBBERS IN BAG,0.42,1,0.002346762027155389,178.55,2779,0.7125641025641025,0.9935757494249161
21847,178.89,76,33,GREEN  DIAMANTE PEN IN GIFT BOX,0,0,0,178.89,2780,0.7128205128205128,0.9935931663655451
85131C,178.85,193,50,BEADED CRYSTAL HEART BLUE ON STICK,0,0,0,178.85,2781,0.713076923076923,0.9936105794117269
22872,177.46,72,30,NUMBER TILE COTTAGE GARDEN 4,0,0,0,177.46,2782,0.7133333333333334,0.9936278571258753
84685,177.33,34,21,BEACH HUT KEY CABINET,3.75,1,0.021147014041617323,173.58,2783,0.7135897435897436,0.9936451221830709
21319,175.78,161,19,GLASS CHALICE GREEN  SMALL,1.65,1,0.009386733416770963,174.13,2784,0.7138461538461538,0.9936622363304451
84507C,175.73,66,28,BLUE CIRCLES DESIGN MONKEY DOLL,17.849999999999998,7,0.10157628179593695,157.88,2785,0.7141025641025641,0.9936793456097603
85211,175.16,149,24,S/4 GROOVY CAT MAGNETS,1.58,2,0.009020324274948619,173.57999999999998,2786,0.7143589743589743,0.9936963993932059
22764,174.77,5,3,"RUSTIC WOODEN CABINET, GLASS DOORS",24.95,1,0.14275905475768152,149.82000000000002,2787,0.7146153846153847,0.9937134152057931
90197B,174.73000000000002,35,27,BLACK GLASS BRACELET W HEART CHARMS,0,0,0,174.73000000000002,2788,0.7148717948717949,0.9937304271239331
84691,174.49999999999997,242,4,PACK 20 DOLLY PEGS,0,0,0,174.49999999999997,2789,0.7151282051282051,0.993747416649003
84800M,174.31,127,11,MEDIUM WHITE/PINK ROSE ART FLOWER,5.07,3,0.029086110951752626,169.24,2790,0.7153846153846154,0.9937643876754496
35810B,174.09,152,26,ENAMEL BLUE RIM COFFEE CONTAINER,10.79,13,0.061979435923947376,163.3,2791,0.7156410256410256,0.9937813372824377
84905,173.48,35,20,PINK BUTTERFLY CUSHION COVER,0,0,0,173.48,2792,0.7158974358974359,0.9937982274991088
22042,173.37,411,39,CHRISTMAS CARD SINGING ANGEL,5.04,12,0.02907077349022322,168.33,2793,0.7161538461538461,0.9938151070060507
16168M,173.12,371,41,FUNKY MONKEY GIFT BAG MEDIUM,0,0,0,173.12,2794,0.7164102564102565,0.9938319621726989
22885,172.78,96,28,NUMBER TILE VINTAGE FONT 6,1.95,1,0.011286028475518,170.83,2795,0.7166666666666667,0.9938487842365473
47481,172.64,226,23,50CM METAL STRING WITH  7 CLIPS,0,0,0,172.64,2796,0.7169230769230769,0.9938655926698314
21030,172.2,141,33,SPACE CADET RED,0,0,0,172.2,2797,0.7171794871794872,0.9938823582641984
82011C,172.05,51,20,BATHROOM SCALES FOOTPRINTS IN SAND,0,0,0,172.05,2798,0.7174358974358974,0.9938991092543891
84963A,171.8,4,1,PINK PAINTED KASHMIRI CHAIR,0,0,0,171.8,2799,0.7176923076923077,0.9939158359042858
62086A,171.6,88,14,PINK RETRO BIG FLOWER BAG,0,0,0,171.6,2800,0.717948717948718,0.9939325430819478
90082B,171.45,27,10,DIAMANTE BOW BROOCH RED COLOUR,0,0,0,171.45,2801,0.7182051282051282,0.9939492356554332
85146,171.11,45,9,JARDIN ETCHED GLASS SMALL BELL JAR,0,0,0,171.11,2802,0.7184615384615385,0.9939658951261191
21763,169.75,6,4,VINTAGE WOODEN BAR STOOL,0,0,0,169.75,2803,0.7187179487179487,0.9939824221856068
85129B,168.59,119,31,BEADED CRYSTAL HEART GREEN SMALL,0,0,0,168.59,2804,0.718974358974359,0.9939988363061314
21333,168.16000000000003,56,16,CLASSIC WHITE FRAME,0,0,0,168.16000000000003,2805,0.7192307692307692,0.9940152085613506
90145,168,28,18,SILVER HOOP EARRINGS WITH FLOWER,0,0,0,168,2806,0.7194871794871794,0.9940315652387818
84661A,167.79,104,20,WHITE SQUARE TABLE CLOCK,0,0,0,167.79,2807,0.7197435897435898,0.9940479014703661
85145,167.70000000000002,38,13,JARDIN ETCHED GLASS LARGE BELL JAR,0,0,0,167.70000000000002,2808,0.72,0.9940642289394447
90010A,167.3,18,15,MIDNIGHT BLUE GLASS/SILVER BRACELET,0,0,0,167.3,2809,0.7202564102564103,0.9940805174640533
21457,165.89,124,25,2 PICTURE BOOK EGGS EASTER DUCKS,0,0,0,165.89,2810,0.7205128205128205,0.9940966687094048
21280,165.75,65,12,VINTAGE KITCHEN PRINT VEGETABLES,0,0,0,165.75,2811,0.7207692307692307,0.9941128063241919
21331,165.74,12,8,MOROCCAN BEATEN METAL DISH LARGE,0,0,0,165.74,2812,0.721025641025641,0.9941289429653669
72225C,165.6,624,17,LAVENDER SCENT CAKE CANDLE,0,0,0,165.6,2813,0.7212820512820513,0.9941450659759778
23694,165.07999999999998,376,41,PAISLEY PARK CARD,0,0,0,165.07999999999998,2814,0.7215384615384616,0.9941611383587774
22538,164.84,403,40,MINI JIGSAW GO TO THE FAIR,0,0,0,164.84,2815,0.7217948717948718,0.994177187374895
21698,164.17,296,45,MOCK LOBSTER FRIDGE MAGNET,0,0,0,164.17,2816,0.7220512820512821,0.9941931711590252
90120B,164.12,39,15,BLUE MURANO TWIST BRACELET,0,0,0,164.12,2817,0.7223076923076923,0.9942091500750965
90191,163.82,26,10,SILVER LARIAT 40CM,0,0,0,163.82,2818,0.7225641025641025,0.9942250997828155
90209A,163.8,84,4,PURPLE ENAMEL+GLASS HAIR COMB,12.600000000000001,6,0.07692307692307693,151.20000000000002,2819,0.7228205128205129,0.9942410475433109
22408,163.69,146,29,MONEY BOX CONFECTIONERY DESIGN,0,0,0,163.69,2820,0.7230769230769231,0.994256984594077
22871,163.35,67,25,NUMBER TILE COTTAGE GARDEN 3,0,0,0,163.35,2821,0.7233333333333334,0.9942728885420434
16207A,163.1,60,34,PINK STRAWBERRY HANDBAG,0,0,0,163.1,2822,0.7235897435897436,0.9942887681497161
21100,162.21,65,27,CHARLIE AND LOLA CHARLOTTE BAG,0,0,0,162.21,2823,0.7238461538461538,0.9943045611059431
84683,162.20000000000002,194,12,CLASSICAL ROSE CANDLESTAND,0,0,0,162.20000000000002,2824,0.7241025641025641,0.994320353088558
85114a,161.70000000000002,49,15,BLACK ENCHANTED FOREST PLACEMAT,0,0,0,161.70000000000002,2825,0.7243589743589743,0.9943360963905856
21369,161.49,101,16,MIRRORED WALL ART SPLODGES,0,0,0,161.49,2826,0.7246153846153847,0.9943518192467662
85027L,160.5,70,18,FRENCH CHATEAU LARGE PLATTER,9.75,5,0.06074766355140187,150.75,2827,0.7248717948717949,0.9943674457153835
84799,160.48,224,10,SPRIG LAVENDER ARTIFICIAL FLOWER,35.16,60,0.2190927218344965,125.32,2828,0.7251282051282051,0.9943830702367773
21344,160.09,15,6,MOROCCAN BEATEN METAL DISH,29.849999999999998,3,0.18645761759010554,130.24,2829,0.7253846153846154,0.9943986567873127
23305,159.9,82,9,SET 4 PICNIC CUTLERY BLUEBERRY,0,0,0,159.9,2830,0.7256410256410256,0.9944142248392249
84993A,159.69,343,55,75 GREEN PETIT FOUR CASES,0,0,0,159.69,2831,0.7258974358974359,0.9944297724452902
90014B,158.74,17,15,GOLD M PEARL  ORBIT NECKLACE,0,0,0,158.74,2832,0.7261538461538461,0.9944452275582392
84247G,158.63,357,32,"DECOUPAGE,GREETING CARD,",0,0,0,158.63,2833,0.7264102564102564,0.9944606719614589
90013C,158.08,39,28,GREEN VINTAGE EARRINGS,0,0,0,158.08,2834,0.7266666666666667,0.9944760628160322
17038,158.06,1525,34,PORCELAIN BUDAH INCENSE HOLDER,0,0,0,158.06,2835,0.7269230769230769,0.9944914517233819
23417,157.5,146,27,BATHROOM HOOK,0,0,0,157.5,2836,0.7271794871794872,0.9945067861084737
84508C,157.5,57,25,BLUE CIRCLES DESIGN TEDDY,0,0,0,157.5,2837,0.7274358974358974,0.9945221204935654
90134,157.5,54,45,OLD ROSE COMBO BEAD NECKLACE,0,0,0,157.5,2838,0.7276923076923076,0.9945374548786571
84882,157.34,38,18,GREEN WIRE STANDING CANDLE HOLDER,0,0,0,157.34,2839,0.727948717948718,0.9945527736859608
35649,156.85,57,35,VINTAGE BEAD COSMETIC BAG,0,0,0,156.85,2840,0.7282051282051282,0.9945680447862887
23468,156.75,19,11,TUSCAN VILLA BIRD TABLE,0,0,0,156.75,2841,0.7284615384615385,0.994583306150499
84673B,156.63,179,66,BLUE FLY SWAT,0,0,0,156.63,2842,0.7287179487179487,0.9945985558313682
44234,155.82,698,33,ASSORTED CIRCULAR MOBILE,0.42,2,0.0026954177897574125,155.4,2843,0.728974358974359,0.9946137266496856
21349,155.6,18,11,IVY HEART WREATH,27,4,0.17352185089974292,128.6,2844,0.7292307692307692,0.9946288760485444
22353,155.54999999999998,61,24,LUNCH BOX WITH CUTLERY FAIRY CAKES,0,0,0,155.54999999999998,2845,0.7294871794871794,0.9946440205793446
84595E,154.67999999999998,78,22,LARGE TORTILLA DESIGN RED BOWL,3.29,1,0.02126971812774761,151.39,2846,0.7297435897435898,0.9946590804059222
23496,154.52,112,31,PANTRY KITCHEN THERMOMETER,0,0,0,154.52,2847,0.73,0.9946741246547118
84827,154.39000000000001,511,14,ASS DES PHONE SPONGE CRAFT STICKER,0,0,0,154.39000000000001,2848,0.7302564102564103,0.9946891562465489
21614,153.29000000000002,51,9,SET OF 12 ROSE BOTANICAL T-LIGHTS,0,0,0,153.29000000000002,2849,0.7305128205128205,0.9947040807410931
21145,152.5,122,8,ANTIQUE GLASS PLACE SETTING,0,0,0,152.5,2850,0.7307692307692307,0.9947189283203088
90198B,152.4,36,17,VINTAGE ROSE BEAD BRACELET BLACK,0,0,0,152.4,2851,0.731025641025641,0.994733766163407
84877D,152.18,97,18,BLUE ROUND COMPACT MIRROR,0,0,0,152.18,2852,0.7312820512820513,0.9947485825870467
84865,152.11,29,14,NEW BAROQUE BLACK PHOTO ALBUM,0,0,0,152.11,2853,0.7315384615384616,0.9947633921954042
72128,152.04999999999998,193,36,COLUMBIAN CANDLE ROUND,0,0,0,152.04999999999998,2854,0.7317948717948718,0.994778195962091
21401,151.19,1052,82,BLUE PUDDING SPOON,0,0,0,151.19,2855,0.732051282051282,0.9947929159981675
22415,151.05,19,13,WHITE TISSUE REAM,0,0,0,151.05,2856,0.7323076923076923,0.9948076224036791
85135A,151.05,19,8,YELLOW DRAGONFLY HELICOPTER,0,0,0,151.05,2857,0.7325641025641025,0.994822328809191
22874,150.81,65,21,NUMBER TILE COTTAGE GARDEN 6,0,0,0,150.81,2858,0.7328205128205129,0.9948370118480208
21738,150.48000000000002,48,21,COSY SLIPPER SHOES SMALL  RED,0,0,0,150.48000000000002,2859,0.7330769230769231,0.9948516627576626
21459,150.38,76,19,YELLOW EASTER EGG HUNT START POST,15.6,8,0.10373719909562441,134.78,2860,0.7333333333333333,0.994866303931187
84629,150,20,10,WHITE 3 FRAME BIRDS AND TREE,4.95,1,0.033,145.05,2861,0.7335897435897436,0.9948809081074649
84963B,149.85000000000002,3,1,BLUE PAINTED KASHMIRI CHAIR,0,0,0,149.85000000000002,2862,0.7338461538461538,0.9948954976795663
90013B,149.41000000000003,36,31,BLACK VINTAGE EARRINGS,0,0,0,149.41000000000003,2863,0.7341025641025641,0.9949100444127508
46000R,149.35,103,38,POLYESTER FILLER PAD 45x30cm,0,0,0,149.35,2864,0.7343589743589743,0.9949245853042648
21117,149.25,115,14,BLOND DOLL DOORSTOP,0,0,0,149.25,2865,0.7346153846153847,0.9949391164596612
22875,149.09,63,25,NUMBER TILE COTTAGE GARDEN 7,0,0,0,149.09,2866,0.7348717948717949,0.9949536320372695
90185D,148.63,35,11,CRYSTAL DIAMANTE EXPANDABLE RING,0,0,0,148.63,2867,0.7351282051282051,0.9949681028287374
84576,148.32,66,17,BLUE CAT BISCUIT BARREL PINK HEART,0,0,0,148.32,2868,0.7353846153846154,0.994982543438241
21486,147.88,36,11,PINK HEART DOTS HOT WATER BOTTLE,0,0,0,147.88,2869,0.7356410256410256,0.9949969412088273
37479P,146.91,175,32,CUBIC MUG FLOCK PINK ON BROWN,0,0,0,146.91,2870,0.735897435897436,0.9950112445390737
82011B,146.85,43,21,BATHROOM SCALES RUBBER DUCKS,0,0,0,146.85,2871,0.7361538461538462,0.9950255420276497
22868,146.6,64,20,NUMBER TILE COTTAGE GARDEN 0,0,0,0,146.6,2872,0.7364102564102564,0.9950398151759321
22886,146.43,87,25,NUMBER TILE VINTAGE FONT 7,0,0,0,146.43,2873,0.7366666666666667,0.9950540717728145
84870B,146.07999999999998,44,25,BLUE GEISHA GIRL,3.75,1,0.025670865279299016,142.32999999999998,2874,0.7369230769230769,0.9950682942932856
84870C,146.04999999999998,46,28,GREEN GEISHA GIRL,0,0,0,146.04999999999998,2875,0.7371794871794872,0.9950825138929212
90116,145.52,64,45,FRUIT SALAD BAG CHARM,0,0,0,145.52,2876,0.7374358974358974,0.9950966818911344
22873,145.5,60,26,NUMBER TILE COTTAGE GARDEN 5,0,0,0,145.5,2877,0.7376923076923076,0.9951108479421239
84508B,145.35,57,30,STRIPES DESIGN TEDDY,15.299999999999999,6,0.10526315789473684,130.04999999999998,2878,0.737948717948718,0.9951249993889371
47343A,145.17,159,14,FUSCHIA FLOWER PURSE WITH BEADS,0,0,0,145.17,2879,0.7382051282051282,0.9951391333107387
85118,144.52,146,10,HEART T-LIGHT HOLDER,16.25,13,0.11244118461112648,128.27,2880,0.7384615384615385,0.9951532039477764
20757,144.29,167,33,RED DAISY POCKET BOOK,0,0,0,144.29,2881,0.7387179487179487,0.9951672521917441
21368,144.03,164,33,MIRRORED WALL ART LADIES,0,0,0,144.03,2882,0.7389743589743589,0.995181275121806
84192,143.75,115,25,ASSORTED COLOUR METAL CAT,0,0,0,143.75,2883,0.7392307692307692,0.9951952707907389
21082,143.44,88,25,SET/20 FRUIT SALAD PAPER NAPKINS,0,0,0,143.44,2884,0.7394871794871795,0.9952092362777074
20837,142.47,141,15,FRENCH FLORAL CUSHION COVER,0,0,0,142.47,2885,0.7397435897435898,0.9952231073243362
22033,141.95,337,22,BOTANICAL ROSE GREETING CARD,0,0,0,141.95,2886,0.74,0.9952369277431536
20774,141.23999999999998,86,44,GREEN FERN NOTEBOOK,0,0,0,141.23999999999998,2887,0.7402564102564102,0.9952506790355369
20661,141.15,44,33,BLUE POLKADOT PURSE,0,0,0,141.15,2888,0.7405128205128205,0.9952644215654143
84796a,141.10999999999999,17,12,PINK HAWAIIAN PICNIC HAMPER FOR 2,0,0,0,141.10999999999999,2889,0.7407692307692307,0.9952781602008447
20836,141.1,170,17,FRENCH PAISLEY CUSHION COVER,9.959999999999999,12,0.07058823529411765,131.14,2890,0.7410256410256411,0.9952918978626634
90164B,140.98,38,15,WHITE  ROSEBUD PEARL BRACELET,0,0,0,140.98,2891,0.7412820512820513,0.995305623841141
16054,140.52,1166,33,POPART RECT PENCIL SHARPENER ASST,12.959999999999999,108,0.09222886421861655,127.56000000000002,2892,0.7415384615384616,0.995319305033478
90170,140.32999999999998,85,37,DAISY HAIR BAND,19.799999999999997,12,0.14109598802821918,120.52999999999999,2893,0.7417948717948718,0.9953329677271918
84744,140.02,110,20,S/6 SEW ON CROCHET FLOWERS,0,0,0,140.02,2894,0.742051282051282,0.9953466002389414
22125,139.85999999999999,13,3,UNION JACK HOT WATER BOTTLE,0,0,0,139.85999999999999,2895,0.7423076923076923,0.9953602171729028
23463,139.39999999999998,13,8,VINTAGE ZINC WATERING CAN,0,0,0,139.39999999999998,2896,0.7425641025641025,0.9953737893207236
22876,138.81,61,20,NUMBER TILE COTTAGE GARDEN 8,0,0,0,138.81,2897,0.7428205128205129,0.9953873040254511
75011,138.76,172,12,BLUE DAISY MOBILE,0,0,0,138.76,2898,0.7430769230769231,0.9954008138621199
35922,138.6,28,10,EASTER BUNNY WREATH,0,0,0,138.6,2899,0.7433333333333333,0.9954143081210006
23304,138.45,71,9,SET 4 PICNIC CUTLERY CHERRY,0,0,0,138.45,2900,0.7435897435897436,0.995427787775705
79191B,138.29999999999998,159,30,RETRO PLASTIC POLKA TRAY,10.2,12,0.07375271149674621,128.1,2901,0.7438461538461538,0.9954412528262332
22877,138.10999999999999,63,19,NUMBER TILE COTTAGE GARDEN 9,1.95,1,0.014119180363478388,136.16,2902,0.7441025641025641,0.995454699378138
20758,137.7,162,42,ABSTRACT CIRCLES POCKET BOOK,0,0,0,137.7,2903,0.7443589743589744,0.9954681060119609
90181B,137.63,15,14,AMETHYST GLASS/SHELL/PEARL NECKLACE,0,0,0,137.63,2904,0.7446153846153846,0.9954815058305018
21736,137.22000000000003,80,5,GOLD SCROLL GLASS T-LIGHT HOLDER,1.17,3,0.008526453869698292,136.05000000000004,2905,0.7448717948717949,0.9954948657309608
21637,136.25,109,6,ASSORTED SANSKRIT MINI NOTEBOOK,0,0,0,136.25,2906,0.7451282051282051,0.9955081311910798
84660c,134.92,18,16,PINK STITCHED WALL CLOCK,0,0,0,134.92,2907,0.7453846153846154,0.9955212671608358
90073,134.70000000000002,27,18,VINTAGE ENAMEL & CRYSTAL EARRINGS,0,0,0,134.70000000000002,2908,0.7456410256410256,0.9955343817111332
90115,134.53,54,31,SUMMER BUTTERFLIES BAG CHARM,0,0,0,134.53,2909,0.7458974358974358,0.9955474797100309
21943,134.48999999999998,119,50,CAKES AND RABBITS DESIGN FLANNEL,0,0,0,134.48999999999998,2910,0.7461538461538462,0.9955605738144816
90028,134.16,16,14,NEW BAROQUE LARGE NECKLACE BLK/WHIT,0,0,0,134.16,2911,0.7464102564102564,0.9955736357897444
46000U,133.75,107,26,POLYESTER FILLER PAD 30CMx30CM,0,0,0,133.75,2912,0.7466666666666667,0.9955866578469256
72130,133.34,219,27,COLUMBIAN CANDLE ROUND,0,0,0,133.34,2913,0.7469230769230769,0.9955996399860247
35921,133.23,68,23,EASTER BUNNY HANGING GARLAND,1.25,1,0.009382271260226676,131.98,2914,0.7471794871794872,0.9956126114153947
20823,132.72,168,8,GOLD WINE GOBLET,0,0,0,132.72,2915,0.7474358974358974,0.9956255331905655
90208,132.7,53,37,PAIR OF PINK FLOWER CLUSTER SLIDE,15.299999999999999,6,0.11529766390354182,117.39999999999999,2916,0.7476923076923077,0.9956384530185125
62096A,132.5,106,8,PINK/YELLOW FLOWERS HANDBAG,0,0,0,132.5,2917,0.747948717948718,0.9956513533742245
21518,132.44,318,38,BANK ACCOUNT  GREETING  CARD,0,0,0,132.44,2918,0.7482051282051282,0.995664247888266
90210D,132.05,107,8,PURPLE ACRYLIC FACETED BANGLE,0,0,0,132.05,2919,0.7484615384615385,0.9956771044314493
85039a,131.81,40,29,SET/4 RED MINI ROSE CANDLE IN BOWL,0,0,0,131.81,2920,0.7487179487179487,0.9956899376079505
90185A,131.03,31,13,AMBER DIAMANTE EXPANDABLE RING,25.5,6,0.1946119209341372,105.53,2921,0.7489743589743589,0.9957026948427351
90164A,130.67,27,14,PINK ROSEBUD PEARL BRACELET,0,0,0,130.67,2922,0.7492307692307693,0.9957154170274966
90210C,130.51,99,10,RED   ACRYLIC FACETED BANGLE,0,0,0,130.51,2923,0.7494871794871795,0.9957281236344699
84510a,130.48,53,40,SET OF 4 ENGLISH ROSE COASTERS,0,0,0,130.48,2924,0.7497435897435898,0.9957408273206082
37467,130.26999999999998,159,17,PIG MUG IN TWO COLOUR DESIGNS,0,0,0,130.26999999999998,2925,0.75,0.9957535105608996
90000D,129.85,21,14,COPPER/OLIVE GREEN FLOWER NECKLACE,0,0,0,129.85,2926,0.7502564102564102,0.9957661529094973
21281,129.63,43,14,VINTAGE KITCHEN PRINT SEAFOOD,0,0,0,129.63,2927,0.7505128205128205,0.9957787738386368
47590b,129.48,12,9,PINK HAPPY BIRTHDAY BUNTING,0,0,0,129.48,2928,0.7507692307692307,0.9957913801635998
72799C,129.47,81,19,PINK PILLAR CANDLE SILVER FLOCK,0,0,0,129.47,2929,0.7510256410256411,0.995803985514951
21400,128.63,881,72,RED PUDDING SPOON,0,0,0,128.63,2930,0.7512820512820513,0.9958165090829151
20826,128.4,276,8,SILVER APERITIF GLASS,0,0,0,128.4,2931,0.7515384615384615,0.995829010257809
35638B,128.32999999999998,57,5,PINK/BLUE STRING CURTAIN,0,0,0,128.32999999999998,2932,0.7517948717948718,0.9958415046174205
84846A,128.14000000000001,57,13,SCENTED CANDLE IN DIGITALIS TIN,0,0,0,128.14000000000001,2933,0.752051282051282,0.9958539804784087
84800S,127.57000000000001,113,9,SMALL WHITE/PINK ROSE ART FLOWER,2.5,2,0.01959708395390766,125.07000000000001,2934,0.7523076923076923,0.9958664008435271
90180A,127.24,17,9,BLACK+WHITE NECKLACE W TASSEL,0,0,0,127.24,2935,0.7525641025641026,0.9958787890794577
85130A,127.04999999999998,77,10,BEADED PEARL HEART WHITE LARGE,0,0,0,127.04999999999998,2936,0.7528205128205128,0.9958911588167652
79190D,126.97999999999999,265,47,RETRO PLASTIC DAISY TRAY,0,0,0,126.97999999999999,2937,0.7530769230769231,0.9959035217387902
22887,126.78,78,23,NUMBER TILE VINTAGE FONT 8,0,0,0,126.78,2938,0.7533333333333333,0.9959158651885801
23303,126.75,65,6,SET 4 PICNIC CUTLERY FONDANT,0,0,0,126.75,2939,0.7535897435897436,0.9959282057175349
85067,126.64999999999999,7,5,CREAM SWEETHEART WALL CABINET,0,0,0,126.64999999999999,2940,0.7538461538461538,0.9959405365103722
90199C,126.63999999999999,20,10,5 STRAND GLASS NECKLACE CRYSTAL,12.7,2,0.10028427037271005,113.93999999999998,2941,0.7541025641025642,0.9959528663295976
23578,125.72,60,14,SNACK TRAY RED GINGHAM,0,0,0,125.72,2942,0.7543589743589744,0.9959651065765419
84968a,125.33,5,3,SET OF 16 VINTAGE ROSE CUTLERY,0,0,0,125.33,2943,0.7546153846153846,0.9959773088526279
22888,124.98,76,21,NUMBER TILE VINTAGE FONT 9,0,0,0,124.98,2944,0.7548717948717949,0.9959894770523027
84228,124.09,297,27,HEN HOUSE W CHICK STANDING,0.42,1,0.0033846401805141427,123.67,2945,0.7551282051282051,0.9960015586005314
21420,123.66,54,19,OYSTER TRINKET BOX,0,0,0,123.66,2946,0.7553846153846154,0.9960135982834548
23477,123.47,92,13,WOODLAND LARGE BLUE FELT HEART,0,0,0,123.47,2947,0.7556410256410256,0.9960256194677549
37343,123.29999999999998,72,13,POLKADOT MUG PINK,0,0,0,123.29999999999998,2948,0.7558974358974359,0.9960376241006553
90058A,123.12,324,7,CRYSTAL STUD EARRINGS CLEAR DISPLAY,13.68,36,0.1111111111111111,109.44,2949,0.7561538461538462,0.9960496112085441
84906,123.02,35,12,PINK B'FLY C/COVER W BOBBLES,1.95,1,0.015851081125020323,121.07,2950,0.7564102564102564,0.9960615885803155
90195A,122.84,19,10,PURPLE GEMSTONE BRACELET,0,0,0,122.84,2951,0.7566666666666667,0.9960735484270753
90070,122.64,20,14,RUBY GLASS CLUSTER BRACELET,17.85,3,0.14554794520547945,104.78999999999999,2952,0.7569230769230769,0.9960854888015999
85086A,122.08,146,50,CANDY SPOT HEART DECORATION,0,0,0,122.08,2953,0.7571794871794871,0.9960973746538665
90129B,121.38000000000001,57,20,TURQUOISE GLASS TASSLE BAG CHARM,0,0,0,121.38000000000001,2954,0.7574358974358975,0.9961091923533106
37333,120.99,21,17,"RETRO ""TEA FOR ONE""",0,0,0,120.99,2955,0.7576923076923077,0.9961209720818963
20845,120.64999999999999,19,11,ZINC HEART LATTICE 2 WALL PLANTER,0,0,0,120.64999999999999,2956,0.757948717948718,0.9961327187076825
90173,120.34,32,17,PAIR BUTTERFLY HAIR CLIPS,0,0,0,120.34,2957,0.7582051282051282,0.9961444351515043
23467,120.08000000000001,32,11,VINTAGE ZINC PLANTER,0,0,0,120.08000000000001,2958,0.7584615384615384,0.9961561262814206
35972,120,96,16,DAISY FOLKART HEART DECORATION,0,0,0,120,2959,0.7587179487179487,0.9961678096224428
90161A,119.91000000000001,24,21,ANT COPPER RED BOUDICCA BRACELET,0,0,0,119.91000000000001,2960,0.7589743589743589,0.9961794842009594
90124B,119.89,12,11,BLUE MURANO TWIST NECKLACE,0,0,0,119.89,2961,0.7592307692307693,0.9961911568322522
90003C,119.84,32,24,MIDNIGHT BLUE PAIR HEART HAIR SLIDE,15,4,0.12516688918558078,104.84,2962,0.7594871794871795,0.9962028245954864
84569B,119.65,86,19,PACK 3 FIRE ENGINE/CAR PATCHES,0,0,0,119.65,2963,0.7597435897435898,0.9962144738600974
90122C,119.23,24,11,TURQUOISE CRYSTAL+GLASS BRACELET,0,0,0,119.23,2964,0.76,0.9962260822330148
10080,119.08999999999999,303,22,GROOVY CACTUS INFLATABLE,0,0,0,119.08999999999999,2965,0.7602564102564102,0.9962376769753676
21032,119.03,98,30,SPACE CADET WHITE,0,0,0,119.03,2966,0.7605128205128205,0.9962492658760499
84709B,119,20,11,PINK OVAL JEWELLED MIRROR,0,0,0,119,2967,0.7607692307692308,0.996260851855897
85114b,118.86,36,14,IVORY ENCHANTED FOREST PLACEMAT,0,0,0,118.86,2968,0.7610256410256411,0.9962724242051796
21095,118.72999999999999,125,14,SET/6 POSIES PAPER PLATES,0,0,0,118.72999999999999,2969,0.7612820512820513,0.9962839838975093
84507B,118.72999999999999,39,22,STRIPES DESIGN MONKEY DOLL,0,0,0,118.72999999999999,2970,0.7615384615384615,0.9962955435898391
90184A,117.73,13,9,AMBER CHUNKY BEAD BRACELET W STRAP,0,0,0,117.73,2971,0.7617948717948718,0.9963070059209936
21814,117.57,78,15,HEART T-LIGHT HOLDER,0,0,0,117.57,2972,0.762051282051282,0.9963184526743603
90183A,117.24000000000001,40,23,AMBER DROP EARRINGS W LONG BEADS,17.700000000000003,6,0.15097236438075742,99.54,2973,0.7623076923076924,0.996329867298539
84741C,117,60,14,CITRUS GARLAND FELT FLOWERS,0,0,0,117,2974,0.7625641025641026,0.9963412585560357
23151,116.82000000000001,62,21,ZINC SWEETHEART SOAP DISH,0,0,0,116.82000000000001,2975,0.7628205128205128,0.9963526322885207
23185,116.58999999999999,323,30,FRENCH STYLE STORAGE JAR JAM,0.29,1,0.002487348829230637,116.29999999999998,2976,0.7630769230769231,0.9963639836279358
72780,116.44999999999999,137,20,BLACK SILOUETTE CANDLE PLATE,0,0,0,116.44999999999999,2977,0.7633333333333333,0.9963753213367861
51020A,116.32999999999998,325,18,SUMMER FUN DESIGN SHOWER CAP,0.58,2,0.004985816212498926,115.74999999999999,2978,0.7635897435897436,0.9963866473622953
72812,116.06,34,11,LARGE ZINC GLASS CANDLEHOLDER,0,0,0,116.06,2979,0.7638461538461538,0.9963979471002874
84809A,115.50000000000001,55,8,WHITE CHRYSANTHEMUMS ART FLOWER,4.2,2,0.03636363636363636,111.30000000000001,2980,0.764102564102564,0.9964091923160213
16052,115.3,479,13,TEATIME PUSH DOWN RUBBER,0,0,0,115.3,2981,0.7643589743589744,0.9964204180595201
90148,114.48,9,6,LONG SILVER NECKLACE PASTEL FLOWER,25.5,2,0.22274633123689727,88.98,2982,0.7646153846153846,0.9964315639668554
90130B,113.97,39,31,TURQ STONE/CRYSTAL EARRINGS,0,0,0,113.97,2983,0.7648717948717949,0.9964426602199914
47518F,113.64,827,28,ICON PLACEMAT POP ART ELVIS,0,0,0,113.64,2984,0.7651282051282051,0.9964537243439393
84457,113.41,127,26,SET/3 RABBITS FLOWER SKIPPPING ROPE,0,0,0,113.41,2985,0.7653846153846153,0.996464766074817
72801D,113.21,75,18,4 SKY BLUE DINNER CANDLES,0,0,0,113.21,2986,0.7656410256410257,0.99647578833346
20795,113.05000000000001,49,11,LARGE BLUE PROVENCAL CERAMIC BALL,12.6,6,0.11145510835913311,100.45000000000002,2987,0.7658974358974359,0.9964867950143146
47503H,112.81,101,37,ASS FLORAL PRINT SPIRIT LEVEL,0,0,0,112.81,2988,0.7661538461538462,0.9964977783284873
84925F,112.47999999999999,80,14,PSYCHEDELIC WALL THERMOMETER,0,0,0,112.47999999999999,2989,0.7664102564102564,0.9965087295134721
90003D,112.26,30,16,CRYSTAL PAIR HEART HAIR SLIDES,15,4,0.13361838588989844,97.26,2990,0.7666666666666667,0.9965196592789984
90096,112.21,45,26,NECKLACE+BRACELET SET BLUE BLOSSOM,0,0,0,112.21,2991,0.7669230769230769,0.9965305841764659
21678,111.86,125,32,PAISLEY PATTERN  STICKERS,0,0,0,111.86,2992,0.7671794871794871,0.9965414749975223
90214A,111.66,130,56,"LETTER ""A"" BLING KEY RING",0,0,0,111.66,2993,0.7674358974358975,0.9965523463463435
90036E,110.95,14,11,"FLOWER GLASS GARLD NECKL36""AMETHYST",0,0,0,110.95,2994,0.7676923076923077,0.9965631485687303
90185C,110.09,26,10,BLACK DIAMANTE EXPANDABLE RING,68,16,0.6176764465437369,42.09,2995,0.767948717948718,0.9965738670605064
90125D,110.03,95,19,PURPLE BERTIE GLASS BEAD BAG CHARM,0,0,0,110.03,2996,0.7682051282051282,0.9965845797106122
20731,109.96,92,16,POSY CANDY BAG,0,0,0,109.96,2997,0.7684615384615384,0.9965952855454355
85167B,109.94,50,8,BLACK GRAND BAROQUE PHOTO FRAME,0,0,0,109.94,2998,0.7687179487179487,0.9966059894330354
21278,109.64999999999999,43,7,VINTAGE KITCHEN PRINT PUDDINGS,0,0,0,109.64999999999999,2999,0.768974358974359,0.9966166650858944
90124C,109.53999999999999,11,8,GREEN MURANO TWIST NECKLACE,0,0,0,109.53999999999999,3000,0.7692307692307693,0.9966273300290244
90122A,109.48,22,14,PINK CRYSTAL+GLASS BRACELET,0,0,0,109.48,3001,0.7694871794871795,0.9966379891304835
85096,109.23,25,16,HILDA CANDY SPOT RABBIT,0,0,0,109.23,3002,0.7697435897435897,0.9966486238916491
20894,108.71000000000001,33,15,HANGING BAUBLE T-LIGHT HOLDER LARGE,0,0,0,108.71000000000001,3003,0.77,0.9966592080250035
21372,107.75,75,33,MIRRORED WALL ART TABLE LAMP,0,0,0,107.75,3004,0.7702564102564102,0.9966696986916298
35916C,107.72,106,20,PINK FELT HANGING HEART W FLOWER,0,0,0,107.72,3005,0.7705128205128206,0.9966801864374206
17090A,107.44999999999999,109,10,LAVENDER INCENSE 40 CONES IN TIN,0,0,0,107.44999999999999,3006,0.7707692307692308,0.9966906478956944
85129C,107.31,80,15,BEADED CRYSTAL HEART BLUE SMALL,0,0,0,107.31,3007,0.771025641025641,0.9967010957234035
21904,107.10000000000001,51,23,HOUSE WRECKING METAL SIGN,0,0,0,107.10000000000001,3008,0.7712820512820513,0.996711523105266
23626,107.07000000000001,43,16,SET 10 CARDS DINKY TREE 17076,0,0,0,107.07000000000001,3009,0.7715384615384615,0.996721947566293
35818P,106.97,266,19,"ACRYLIC JEWEL ICICLE, PINK",0,0,0,106.97,3010,0.7717948717948718,0.9967323622912025
35819B,106.81,270,24,"ACRYLIC HANGING JEWEL,BLUE",0,0,0,106.81,3011,0.772051282051282,0.9967427614383242
90125A,106.24,115,10,PINK BERTIE GLASS BEAD BAG CHARM,0,0,0,106.24,3012,0.7723076923076924,0.9967531050895759
20657,105.91,73,33,TROPICAL LUGGAGE TAG,0,0,0,105.91,3013,0.7725641025641026,0.9967634166116398
20898,105.73,38,13,VINTAGE NOTEBOOK TRAVELOGUE,17.700000000000003,6,0.16740754752671902,88.03,3014,0.7728205128205128,0.996773710608692
90016A,105.71000000000001,17,7,SILVER/M.O.P PENDANT ORBIT NECKLACE,0,0,0,105.71000000000001,3015,0.7730769230769231,0.996784002658521
85040a,105.28,32,21,S/4 PINK FLOWER CANDLES IN BOWL,0,0,0,105.28,3016,0.7733333333333333,0.9967942528430445
22039,105,250,7,BOTANICAL LILY GIFT WRAP,10.5,25,0.1,94.5,3017,0.7735897435897436,0.9968044757664389
23574,105,14,14,PACKING CHARGE,15,2,0.14285714285714285,90,3018,0.7738461538461539,0.9968146986898334
35920,104.84,72,15,FOUR RABBIT EASTER DECORATIONS,0,0,0,104.84,3019,0.7741025641025641,0.9968249060354398
84661C,104.84,71,14,PINK SQUARE TABLE CLOCK,0,0,0,104.84,3020,0.7743589743589744,0.9968351133810462
84461,104.55,41,14,12 PINK HEN+CHICKS IN BASKET,15.299999999999999,6,0.14634146341463414,89.25,3021,0.7746153846153846,0.9968452924919119
17084P,104.44,423,39,DRAGONS BLOOD INCENSE,0,0,0,104.44,3022,0.7748717948717949,0.9968554608930482
20796,103.94,62,9,SMALL BLUE PROVENCAL CERAMIC BALL,0,0,0,103.94,3023,0.7751282051282051,0.9968655806135972
79144B,103.64999999999999,181,53,PAINTED LIGHTBULB STAR+ MOON,0,0,0,103.64999999999999,3024,0.7753846153846153,0.996875672099405
90032,103.13,21,8,IVORY SHELL HEART NECKLACE,0,0,0,103.13,3025,0.7756410256410257,0.9968857129574019
22879,102.46,70,16,NUMBER TILE VINTAGE FONT 0,0,0,0,102.46,3026,0.7758974358974359,0.9968956885834114
90063A,102,12,8,WHITE VINT ART DECO CRYSTAL NECKLAC,0,0,0,102,3027,0.7761538461538462,0.9969056194232803
90196A,102,8,5,PURPLE GEMSTONE NECKLACE 45CM,0,0,0,102,3028,0.7764102564102564,0.9969155502631492
20701,100.97,25,18,PINK CAT FLORAL CUSHION COVER,0,0,0,100.97,3029,0.7766666666666666,0.9969253808210077
35637C,100.86,30,9,PINK STRING CURTAIN WITH POLE,0,0,0,100.86,3030,0.7769230769230769,0.9969352006691369
16033,100.79999999999998,840,4,MINI HIGHLIGHTER PENS,0,0,0,100.79999999999998,3031,0.7771794871794871,0.9969450146755956
35911B,100.76,119,15,PINK/FLOWER RABBIT EGG WARMER,0,0,0,100.76,3032,0.7774358974358975,0.9969548247876073
21370,100.66,16,9,MIRRORED WALL ART FOXY,0,0,0,100.66,3033,0.7776923076923077,0.9969646251635015
22407,100.53,95,24,MONEY BOX FIRST ADE DESIGN,0,0,0,100.53,3034,0.7779487179487179,0.9969744128824428
90010B,100.08999999999999,11,7,BLACK/WHITE GLASS/SILVER BRACELET,0,0,0,100.08999999999999,3035,0.7782051282051282,0.9969841577624673
23611,99.60000000000001,40,16,SET 10 CARDS RED RIDING HOOD 17214,0,0,0,99.60000000000001,3036,0.7784615384615384,0.9969938549355157
90081C,99.60000000000001,20,15,LILY BROOCH OLIVE COLOUR,0,0,0,99.60000000000001,3037,0.7787179487179487,0.9970035521085642
17091A,99.29,172,25,LAVENDER INCENSE IN TIN,0,0,0,99.29,3038,0.778974358974359,0.9970132190996482
23464,99.2,18,8,VINTAGE ZINC WATERING CAN SMALL,0,0,0,99.2,3039,0.7792307692307693,0.9970228773282267
84510c,98.7,40,23,SET OF 4 POLKADOT COASTERS,0,0,0,98.7,3040,0.7794871794871795,0.9970324868762175
84898F,98.63000000000001,46,19,YELLOW FLOWERS FELT HANDBAG KIT,0,0,0,98.63000000000001,3041,0.7797435897435897,0.997042089608926
79144C,98.53999999999999,153,51,PAINTED LIGHTBULB RAINBOW DESIGN,0,0,0,98.53999999999999,3042,0.78,0.9970516835791288
90101,98.07,39,17,WHITE FRANGIPANI NECKLACE,15.299999999999999,6,0.1560110125420618,82.77,3043,0.7802564102564102,0.9970612317895793
84723,97.95,41,6,CHERRY BLOSSOM CANVAS ART PICTURE,0,0,0,97.95,3044,0.7805128205128206,0.9970707683166886
47369B,97.13,35,22,BLUE GREEN EMBROIDERY COSMETIC BAG,0,0,0,97.13,3045,0.7807692307692308,0.9970802250076344
90185B,97.02000000000001,23,12,AMETHYST DIAMANTE EXPANDABLE RING,38.25,9,0.39424860853432275,58.77000000000001,3046,0.781025641025641,0.9970896709888508
84806A,96.88999999999999,137,11,PINK CANDYSTUFT ARTIFICIAL FLOWER,0,0,0,96.88999999999999,3047,0.7812820512820513,0.9970991043131147
90204,96.86,29,18,PAIR OF ENAMEL BUTTERFLY HAIRCLIP,13.4,4,0.1383440016518687,83.46,3048,0.7815384615384615,0.997108534716543
84801A,96.60000000000001,46,5,PINK HYDRANGEA ART FLOWER,0,0,0,96.60000000000001,3049,0.7817948717948718,0.9971179398060659
90019B,96.52000000000001,18,18,GOLD M.O.P ORBIT BRACELET,0,0,0,96.52000000000001,3050,0.782051282051282,0.997127337106695
72801c,95.94,39,25,4 ROSE PINK DINNER CANDLES,0,0,0,95.94,3051,0.7823076923076923,0.9971366779378422
21722,95.53,98,36,SWEET PUDDING STICKER SHEET,0.85,1,0.008897728462263162,94.68,3052,0.7825641025641026,0.9971459788509076
90174,95.42,38,21,BUTTERFLY HAIR BAND,30.599999999999998,12,0.3206874869000209,64.82000000000001,3053,0.7828205128205128,0.9971552690542438
21777,95.4,12,6,RECIPE BOX WITH METAL HEART,39.75,5,0.41666666666666663,55.650000000000006,3054,0.7830769230769231,0.9971645573103565
90036D,95.35000000000001,12,5,"FLOWER GLASS GARLAND NECKL.36""BLACK",0,0,0,95.35000000000001,3055,0.7833333333333333,0.9971738406984104
90146,95.35,17,7,FINE SILVER NECKLACE W PASTEL FLOWE,0,0,0,95.35,3056,0.7835897435897435,0.9971831240864645
90178A,95.25,8,8,AMBER CHUNKY GLASS+BEAD NECKLACE,0,0,0,95.25,3057,0.7838461538461539,0.997192397738401
20653,95.17999999999999,73,33,CHERRY BLOSSOM LUGGAGE TAG,0,0,0,95.17999999999999,3058,0.7841025641025641,0.997201664575055
84527,95.1,52,8,FLAMES SUNGLASSES PINK LENSES,0,0,0,95.1,3059,0.7843589743589744,0.9972109236228152
84666,94.80000000000001,24,4,SQUARE CHERRY BLOSSOM CABINET,0,0,0,94.80000000000001,3060,0.7846153846153846,0.9972201534622228
90133,94.43,19,13,TEAL/FUSCHIA COL BEAD NECKLACE,0,0,0,94.43,3061,0.7848717948717949,0.9972293472779955
82613A,93.63,72,18,"METAL SIGN,CUPCAKE SINGLE HOOK",0,0,0,93.63,3062,0.7851282051282051,0.997238463204828
47369A,93.19,33,20,PINK GREEN EMBROIDERY COSMETIC BAG,0,0,0,93.19,3063,0.7853846153846153,0.9972475362927437
20773,92.39999999999999,56,23,BLUE PAISLEY NOTEBOOK,0,0,0,92.39999999999999,3064,0.7856410256410257,0.9972565324653306
90018B,92.28,22,17,GOLD M.O.P ORBIT DROP EARRINGS,0,0,0,92.28,3065,0.7858974358974359,0.9972655169545769
35933,92.21,226,19,PINK STOCKING CHRISTMAS DECORATION,0,0,0,92.21,3066,0.7861538461538462,0.9972744946285407
85132a,92.19999999999999,8,8,CHARLIE + LOLA BISCUITS TINS,0,0,0,92.19999999999999,3067,0.7864102564102564,0.9972834713288928
82615,91.8,36,1,PINK MARSHMALLOW SCARF KNITTING KIT,0,0,0,91.8,3068,0.7866666666666666,0.9972924090847748
90030C,91.7,77,11,BROWN KUKUI COCONUT SEED NECKLACE,0,0,0,91.7,3069,0.786923076923077,0.9973013371045394
90175B,91.68,10,9,PINK GLASS CHUNKY CHARM BRACELET,0,0,0,91.68,3070,0.7871794871794872,0.9973102631770804
20901,91.48,20,15,VINTAGE KEEPSAKE BOX PINK FLOWER,12.7,2,0.13882815916047223,78.78,3071,0.7874358974358975,0.9973191697773863
20662,90.42,31,20,FIRST CLASS HOLIDAY PURSE,0,0,0,90.42,3072,0.7876923076923077,0.9973279731748467
85230F,90.33999999999999,338,12,JASMINE VOTIVE CANDLE,0,0,0,90.33999999999999,3073,0.7879487179487179,0.9973367687834129
90163A,90.32000000000001,12,9,PINK ROSEBUD & PEARL NECKLACE,0,0,0,90.32000000000001,3074,0.7882051282051282,0.9973455624447557
90022,90.2,24,20,EDWARDIAN DROP EARRINGS JET BLACK,15,4,0.1662971175166297,75.2,3075,0.7884615384615384,0.9973543444227573
21690,90,24,7,SILVER  CANDLEPOT JARDIN,0,0,0,90,3076,0.7887179487179488,0.997363106928524
72051S,89.94999999999999,131,13,BAG OF SILVER STONES,0,0,0,89.94999999999999,3077,0.788974358974359,0.9973718645662318
35833P,89.72,50,22,4 PINK FLOCK CHRISTMAS BALLS,0,0,0,89.72,3078,0.7892307692307692,0.9973805998108696
35400,89.5,10,5,WOODEN BOX ADVENT CALENDAR,135.2,16,1.5106145251396648,-45.69999999999999,3079,0.7894871794871795,0.9973893136360487
20892,89.22,4,3,SET/3 TALL GLASS CANDLE HOLDER PINK,0,0,0,89.22,3080,0.7897435897435897,0.9973980002000987
90123A,89.12,15,9,PINK HEART OF GLASS BRACELET,0,0,0,89.12,3081,0.79,0.9974066770280312
84984A,88.35000000000001,19,6,GREEN PEONY CUSHION COVER,0,0,0,88.35000000000001,3082,0.7902564102564102,0.9974152788878589
84306,88.22,10,9,S/3 PINK SQUARE PLANTERS ROSES,0,0,0,88.22,3083,0.7905128205128205,0.9974238680907337
90166,88.04,21,15,PINK & WHITE ROSEBUD RING,0,0,0,88.04,3084,0.7907692307692308,0.997432439768597
90129F,88.03,40,16,RED GLASS TASSLE BAG CHARM,0,0,0,88.03,3085,0.791025641025641,0.9974410104728487
84531B,87.56,156,28,BLUE KNITTED EGG COSY,0,0,0,87.56,3086,0.7912820512820513,0.9974495354173478
84989a,87.51,42,25,75 GREEN FAIRY CAKE CASES,0,0,0,87.51,3087,0.7915384615384615,0.9974580554937884
23442,87.36,42,7,12 HANGING EGGS HAND PAINTED,0,0,0,87.36,3088,0.7917948717948718,0.9974665609660526
20869,86.76,180,29,GOLD FABRIC MIRROR,0,0,0,86.76,3089,0.7920512820512821,0.9974750080216116
21038,86.75,77,23,SET/4 MODERN VINTAGE COTTON NAPKINS,5.9,2,0.06801152737752161,80.85,3090,0.7923076923076923,0.997483454103559
23614,86.58,26,11,SET 10 CARDS 12 DAYS WRAP  17058,0,0,0,86.58,3091,0.7925641025641026,0.9974918836341066
90003E,86.11,23,14,GREEN PAIR HEART HAIR SLIDES,15,4,0.17419579607478805,71.11,3092,0.7928205128205128,0.9975002674049017
79403,85.52,95,15,FROSTED WHITE BASE,0,0,0,85.52,3093,0.7930769230769231,0.9975085937326037
75172,85.31,93,8,PAINTED SEA SHELL METAL WINDCHIME,0,0,0,85.31,3094,0.7933333333333333,0.9975168996144587
20821,84.15,17,6,GOLDIE LOOKING MIRROR,59.400000000000006,12,0.7058823529411765,24.75,3095,0.7935897435897435,0.9975250925573506
16169K,84,200,8,WRAP FOLK ART,0,0,0,84,3096,0.7938461538461539,0.9975332708960661
20941,83.78,64,19,FROG CANDLE,2.5,2,0.02984005729291,81.28,3097,0.7941025641025641,0.9975414278153231
90072,83.42,21,14,RUBY DROP CHANDELIER EARRINGS,0,0,0,83.42,3098,0.7943589743589744,0.997549549684557
22016,83.33,1,1,Dotcomgiftshop Gift Voucher £100.00,0,0,0,83.33,3099,0.7946153846153846,0.9975576627912852
90123C,83.29,14,6,GREEN HEART OF GLASS BRACELET,0,0,0,83.29,3100,0.7948717948717948,0.9975657720035666
90129A,82.98,45,20,PINK GLASS TASSLE BAG CHARM,0,0,0,82.98,3101,0.7951282051282051,0.9975738510338835
84881,82.57,12,6,BLUE WIRE SPIRAL CANDLE HOLDER,6.35,1,0.07690444471357637,76.22,3102,0.7953846153846154,0.9975818901461184
35638A,82.1,38,5,PINK AND BLACK STRING CURTAIN,0,0,0,82.1,3103,0.7956410256410257,0.9975898834986012
35968,82.1,163,19,FOLK ART METAL HEART T-LIGHT HOLDER,0,0,0,82.1,3104,0.7958974358974359,0.9975978768510839
16049,82.08,504,5,TEATIME GEL PENS ASST,0,0,0,82.08,3105,0.7961538461538461,0.9976058682563431
90108,81.96000000000001,70,12,BLUE BLOSSOM HAIR CLIP,10.5,10,0.1281112737920937,71.46000000000001,3106,0.7964102564102564,0.9976138479782612
21226,81.8,94,20,POCKET MIRROR WOODLAND,0,0,0,81.8,3107,0.7966666666666666,0.9976218121223915
20664,81.66,32,18,TROPICAL HOLIDAY PURSE,0,0,0,81.66,3108,0.796923076923077,0.9976297626359572
71496A,80.96000000000001,127,12,A4 WALL TIDY BLUE OFFICE,0,0,0,80.96000000000001,3109,0.7971794871794872,0.9976376449967
90175C,80.55,9,6,BLUE GLASS CHUNKY CHARM BRACELET,0,0,0,80.55,3110,0.7974358974358975,0.9976454874393613
84249A,80.46,174,27,"GREETING CARD,SQUARE, DOUGHNUTS",0,0,0,80.46,3111,0.7976923076923077,0.9976533211195169
84927E,80.16000000000001,59,13,FLOWERS TILE HOOK,4.2,2,0.05239520958083832,75.96000000000001,3112,0.7979487179487179,0.9976611255913196
90129C,79.76,35,16,GREEN GLASS TASSLE BAG CHARM,0,0,0,79.76,3113,0.7982051282051282,0.9976688911186525
90124A,79.66,8,6,PINK MURANO TWIST NECKLACE,0,0,0,79.66,3114,0.7984615384615384,0.9976766469098676
90162B,79.65,27,10,ANT SILVER LIME GREEN BOUDICCA RING,2.95,1,0.037037037037037035,76.7,3115,0.7987179487179488,0.9976844017274712
84984B,79.05000000000001,17,5,RED PEONY CUSHION COVER,0,0,0,79.05000000000001,3116,0.798974358974359,0.9976920981283697
72811,78.92999999999999,53,8,SMALL ZINC/GLASS CANDLEHOLDER,0,0,0,78.92999999999999,3117,0.7992307692307692,0.997699782845927
84847,78.75,21,11,FLORAL BATHROOM SET,0,0,0,78.75,3118,0.7994871794871795,0.9977074500384728
90039D,78.69,21,9,FIRE POLISHED GLASS BRACELET GREEN,0,0,0,78.69,3119,0.7997435897435897,0.9977151113893482
37479B,78.09,131,21,CUBIC MUG FLOCK BLUE ON BROWN,0,0,0,78.09,3120,0.8,0.9977227143235183
90000A,77.91,13,8,RASPBERRY ANT COPPER FLOWER NECKLAC,0,0,0,77.91,3121,0.8002564102564103,0.9977302997326771
90086,77.78999999999999,102,28,CRYSTAL FROG PHONE CHARM,0,0,0,77.78999999999999,3122,0.8005128205128205,0.9977378734584949
90129E,77.03999999999999,42,14,PURPLE GLASS TASSLE BAG CHARM,0,0,0,77.03999999999999,3123,0.8007692307692308,0.997745374163431
20980,76.91,79,20,36 PENCILS TUBE POSY,11.25,9,0.14627486672734366,65.66,3124,0.801025641025641,0.9977528622114146
84531A,76.69,147,29,PINK KNITTED EGG COSY,0,0,0,76.69,3125,0.8012820512820513,0.9977603288399395
35916B,76.67999999999999,91,32,BLUE FELT HANGING HEART WITH FLOWER,0,0,0,76.67999999999999,3126,0.8015384615384615,0.9977677944948529
46000P,76.5,18,6,POLYESTER FILLER PAD 65CMx65CM,0,0,0,76.5,3127,0.8017948717948717,0.9977752426247546
84840,76.44,6,6,SWEETHEART CARRY-ALL BASKET,17,2,0.22239665096807953,59.44,3128,0.8020512820512821,0.9977826849129857
90099,76.38,27,16,NECKLACE+BRACELET SET BLUE HIBISCUS,0,0,0,76.38,3129,0.8023076923076923,0.9977901213595463
90063B,76.32,9,6,BLACK VINT ART DEC CRYSTAL NECKLACE,0,0,0,76.32,3130,0.8025641025641026,0.9977975519644364
90177C,76.23,26,14,DROP DIAMANTE EARRINGS CRYSTAL,17.700000000000003,6,0.23219205037386859,58.53,3131,0.8028205128205128,0.9978049738068209
16207B,76.14,29,18,PINK HEART RED HANDBAG,0,0,0,76.14,3132,0.803076923076923,0.9978123868866995
20798,75.60000000000001,36,5,CLEAR MILKSHAKE GLASS,6.6,4,0.08730158730158728,69.00000000000001,3133,0.8033333333333333,0.9978197473915436
21946,75.35,86,25,PARTY TIME DESIGN FLANNEL,0,0,0,75.35,3134,0.8035897435897436,0.9978270835560937
21413,75.02,48,17,PERIWINKLE T-LIGHT HOLDER,0,0,0,75.02,3135,0.8038461538461539,0.997834387591456
84968d,74.88,3,3,SET OF 16 VINTAGE RED CUTLERY,0,0,0,74.88,3136,0.8041025641025641,0.997841677996254
84251G,74.7,270,53,"GREETING CARD, OVERCROWDED POOL.",0,0,0,74.7,3137,0.8043589743589744,0.9978489508760403
17012E,74.64,68,10,ORIGAMI OPIUM INCENSE/CANDLE SET,0,0,0,74.64,3138,0.8046153846153846,0.9978562179141562
90118,74.64,30,19,PINK DAISY BAG CHARM,15.299999999999999,6,0.20498392282958197,59.34,3139,0.8048717948717948,0.9978634849522722
85132b,74.60999999999999,9,9,CHARLIE AND LOLA TABLE TINS,0,0,0,74.60999999999999,3140,0.8051282051282052,0.9978707490695526
85198,74.58,90,9,ASSORTED FARMYARD ANIMALS IN BUCKET,0,0,0,74.58,3141,0.8053846153846154,0.997878010265998
21087,74.57000000000001,141,16,SET/6 POSIES PAPER CUPS,0,0,0,74.57000000000001,3142,0.8056410256410257,0.9978852704888316
90059A,74.53,45,27,DIAMANTE HAIR GRIP PACK/2 CRYSTAL,9.899999999999999,6,0.13283241647658658,64.63,3143,0.8058974358974359,0.9978925268172181
90081A,74.25,15,8,LILY BROOCH AMETHYST COLOUR,0,0,0,74.25,3144,0.8061538461538461,0.9978997558844757
90098,73.94999999999999,29,10,NECKLACE+BRACELET PINK BUTTERFLY,15.299999999999999,6,0.20689655172413796,58.64999999999999,3145,0.8064102564102564,0.9979069557433807
90177D,73.53,25,14,DROP DIAMANTE EARRINGS PURPLE,17.700000000000003,6,0.24071807425540598,55.83,3146,0.8066666666666666,0.997914114710592
85197,73.5,35,19,SET OF 12 MINI BUNNIES IN A BUCKET,0,0,0,73.5,3147,0.806923076923077,0.9979212707569681
90214C,72.77,91,33,"LETTER ""C"" BLING KEY RING",0,0,0,72.77,3148,0.8071794871794872,0.9979283557296863
90103,72.66,29,16,PURPLE FRANGIPANI NECKLACE,0,0,0,72.66,3149,0.8074358974358974,0.9979354299926754
84231,72.63000000000001,108,20,EASTER BUNNY WITH BASKET ON BACK,0,0,0,72.63000000000001,3150,0.8076923076923077,0.9979425013348291
20960,72.49,29,10,WATERMELON BATH SPONGE,0,0,0,72.49,3151,0.8079487179487179,0.9979495590464184
72801G,72.46,57,13,4 BURGUNDY WINE DINNER CANDLES,0,0,0,72.46,3152,0.8082051282051282,0.9979566138371722
90030A,72,72,7,SPOTTED WHITE NATURAL SEED NECKLACE,0,0,0,72,3153,0.8084615384615385,0.9979636238417855
90036C,71.4,9,5,"FLOWER GLASS GARLAND NECKL.36""BLUE",0,0,0,71.4,3154,0.8087179487179487,0.9979705754296938
17014A,71.19,155,8,ORIGAMI VANILLA INCENSE CONES,0,0,0,71.19,3155,0.808974358974359,0.9979775065717552
20933,71.05,23,9,YELLOW POT PLANT CANDLE,0,0,0,71.05,3156,0.8092307692307692,0.9979844240832523
90214S,71,94,41,"LETTER ""S"" BLING KEY RING",0,0,0,71,3157,0.8094871794871795,0.9979913367266904
90211A,70.97,12,8,DIAMOND LAS VEGAS NECKLACE 45CM,0,0,0,70.97,3158,0.8097435897435897,0.9979982464492931
47589,70.85000000000001,13,3,CONGRATULATIONS BUNTING,0,0,0,70.85000000000001,3159,0.81,0.9980051444885553
84251B,70.78,245,53,"GREETING CARD, STICKY GORDON",2.2800000000000002,12,0.03221248940378638,68.5,3160,0.8102564102564103,0.9980120357125348
51020B,70.57,197,15,STRIPY DESIGN SHOWER CAP,0.29,1,0.004109394927022814,70.27999999999999,3161,0.8105128205128205,0.9980189064906676
84927A,70.45,50,18,WAKE UP COCKEREL TILE HOOK,0.39,1,0.0055358410220014195,70.06,3162,0.8107692307692308,0.9980257655854594
85026B,70.27,79,11,EAU DE NILE JEWELLED T-LIGHT HOLDER,0,0,0,70.27,3163,0.811025641025641,0.9980326071552397
90051,70.16,10,7,CRACKED GLAZE NECKLACE RED,0,0,0,70.16,3164,0.8112820512820513,0.9980394380152906
16161G,70,700,22,WRAP BAD HAIR DAY,0,0,0,70,3165,0.8115384615384615,0.9980462532975536
16020C,69.89999999999999,84,17,CLEAR STATIONERY BOX SET,0,0,0,69.89999999999999,3166,0.8117948717948718,0.9980530588436991
90125C,69.85,77,7,TURQUOISE BERTIE GLASS BEAD CHARM,0,0,0,69.85,3167,0.8120512820512821,0.9980598595217858
46126A,69.84,52,8,ELVIS WALLHANGING / CURTAIN,0,0,0,69.84,3168,0.8123076923076923,0.9980666592262607
81952V,69.73,367,24,ROUND PURPLE CLOCK WITH SUCKER,0,0,0,69.73,3169,0.8125641025641026,0.9980734482210064
90199A,69.63,11,6,5 STRAND GLASS NECKLACE BLACK,0,0,0,69.63,3170,0.8128205128205128,0.9980802274796347
84549,69.38,38,7,CROCHET WHITE RABBIT KEYRING,0,0,0,69.38,3171,0.813076923076923,0.998086982397969
90019C,68.73,13,11,SILVER BLACK ORBIT BRACELET,0,0,0,68.73,3172,0.8133333333333334,0.9980936740315395
85188B,68.69999999999999,78,10,PINK METAL SWINGING BUNNY,0,0,0,68.69999999999999,3173,0.8135897435897436,0.9981003627442747
90151,68,8,4,SILVER/NATURAL SHELL NECKLACE,0,0,0,68,3174,0.8138461538461539,0.9981069833041872
90194,67.87,16,10,SILVER LARIAT BLACK STONE EARRINGS,0,0,0,67.87,3175,0.8141025641025641,0.9981135912071473
84247K,67.85000000000001,23,9,"FOLK ART GREETING CARD,pack/12",32.45,11,0.47826086956521735,35.400000000000006,3176,0.8143589743589743,0.9981201971628835
90000B,67.83,11,7,MIDNIGHT BLUE COPPER FLOWER NECKLAC,0,0,0,67.83,3177,0.8146153846153846,0.9981268011713964
90155,67.62,9,7,RESIN NECKLACE W PASTEL BEADS,0,0,0,67.62,3178,0.8148717948717948,0.9981333847340625
84874B,67.51,41,14,BLUE TRAVEL FIRST AID KIT,0,0,0,67.51,3179,0.8151282051282052,0.9981399575869992
82011A,67.5,18,12,"BATHROOM SCALES, TROPICAL BEACH",0,0,0,67.5,3180,0.8153846153846154,0.9981465294663243
85049B,67.5,54,13,LUSH GREENS RIBBONS,0,0,0,67.5,3181,0.8156410256410257,0.9981531013456493
35916A,67.39,87,29,YELLOW FELT HANGING HEART W FLOWER,0,0,0,67.39,3182,0.8158974358974359,0.9981596625152449
90144,67.36,18,14,SILVER DROP EARRINGS WITH FLOWER,0,0,0,67.36,3183,0.8161538461538461,0.9981662207640055
90024B,67.28,8,6,NEW BAROQUE B'FLY NECKLACE RED,17,2,0.25267538644470866,50.28,3184,0.8164102564102564,0.9981727712238719
37444A,67.13000000000001,55,18,YELLOW BREAKFAST CUP AND SAUCER,0,0,0,67.13000000000001,3185,0.8166666666666667,0.9981793070795623
84859B,66.75999999999999,32,11,BLUE DISCO HANDBAG,0,0,0,66.75999999999999,3186,0.816923076923077,0.9981858069116176
90040B,66.7,18,11,MURANO STYLE GLASS BRACELET BLACK,0,0,0,66.7,3187,0.8171794871794872,0.9981923009020024
35819P,66.55,95,7,"ACRYLIC HANGING JEWEL,PINK",0,0,0,66.55,3188,0.8174358974358974,0.9981987802882111
84686,66.39,49,8,BEACH HUT MIRROR,0,0,0,66.39,3189,0.8176923076923077,0.9982052440966315
17011F,66.36,81,7,ORIGAMI SANDLEWOOD INCENSE+FLOWER,0,0,0,66.36,3190,0.8179487179487179,0.9982117049842169
72807a,66.32,8,5,SET/3 ROSE CANDLE IN JEWELLED BOX,0,0,0,66.32,3191,0.8182051282051283,0.9982181619773552
20663,66.25999999999999,25,20,QUEEN OF THE SKIES HOLIDAY PURSE,0,0,0,66.25999999999999,3192,0.8184615384615385,0.998224613128823
85008,66.12,13,8,SET OF 3 CONEY ISLAND OVAL BOXES,0,0,0,66.12,3193,0.8187179487179487,0.9982310506497262
20835,65.8,67,8,FRENCH LATTICE CUSHION COVER,0,0,0,65.8,3194,0.818974358974359,0.9982374570150534
21031,65.49,53,19,SPACE CADET BLACK,0,0,0,65.49,3195,0.8192307692307692,0.9982438331984164
90214L,65.03999999999999,94,37,"LETTER ""L"" BLING KEY RING",0,0,0,65.03999999999999,3196,0.8194871794871795,0.9982501655692504
84247N,64.9,22,18,PACK/12 BLUE FOLKART CARDS,0,0,0,64.9,3197,0.8197435897435897,0.99825648430952
90186B,64.58,22,15,CRYSTAL HOOP EARRING FLORAL LEAF,0,0,0,64.58,3198,0.82,0.9982627718942134
90202D,64.46000000000001,22,11,PINK ENAMEL FLOWER HAIR TIE,17.700000000000003,6,0.2745888923363326,46.760000000000005,3199,0.8202564102564103,0.9982690477955658
90082D,64.38,10,5,DIAMANTE BOW BROOCH BLACK COLOUR,0,0,0,64.38,3200,0.8205128205128205,0.9982753159080243
90202A,64.28,22,15,PURPLE ENAMEL FLOWER HAIR TIE,17.700000000000003,6,0.2753578095830741,46.58,3201,0.8207692307692308,0.9982815742843651
90036F,64.08,8,5,"FLOWER GLASS GARLD NECKL36""TURQUOIS",0,0,0,64.08,3202,0.821025641025641,0.998287813188471
90181A,64.04,7,7,AMBER GLASS/SHELL/PEARL NECKLACE,0,0,0,64.04,3203,0.8212820512820512,0.99829404819813
21692,63.75,17,7,SILVER LATTICE VANILLA CANDLE POT,0,0,0,63.75,3204,0.8215384615384616,0.9983002549730481
84875D,63.75,51,8,BLUE SQUARE COMPACT MIRROR,0,0,0,63.75,3205,0.8217948717948718,0.9983064617479661
84673A,63.720000000000006,92,43,PINK FLY SWAT,0,0,0,63.720000000000006,3206,0.8220512820512821,0.9983126656020488
72133,63.51,45,16,COLUMBIAN CANDLE RECTANGLE,0,0,0,63.51,3207,0.8223076923076923,0.9983188490102849
90196B,63.480000000000004,5,5,BLACK GEMSTONE NECKLACE 45CM,0,0,0,63.480000000000004,3208,0.8225641025641026,0.9983250294976856
35815P,63.28000000000001,162,5,"ACRYLIC JEWEL SNOWFLAKE, PINK",0,0,0,63.28000000000001,3209,0.8228205128205128,0.9983311905128515
62094B,63.209999999999994,19,8,TURQ ICE CREAM BUM BAG,0,0,0,63.209999999999994,3210,0.823076923076923,0.9983373447127348
90141A,63.11000000000001,12,10,GREEN PENDANT TRIPLE SHELL NECKLACE,0,0,0,63.11000000000001,3211,0.8233333333333334,0.9983434891765007
22145,63,30,1,CHRISTMAS CRAFT HEART STOCKING,0,0,0,63,3212,0.8235897435897436,0.9983496229305374
84452,62.9,74,16,METAL RABBIT LADDER EASTER,3.4,4,0.05405405405405406,59.5,3213,0.8238461538461539,0.9983557469484566
40046A,62.5,50,6,RED DAISY PAPER LAMPSHADE,0,0,0,62.5,3214,0.8241025641025641,0.9983618320219058
84760S,62.349999999999994,43,8,SMALL HANGING GLASS+ZINC LANTERN,0,0,0,62.349999999999994,3215,0.8243589743589743,0.9983679024911786
72351a,62.269999999999996,15,12,SET/6 TURQUOISE BUTTERFLY T-LIGHTS,0,0,0,62.269999999999996,3216,0.8246153846153846,0.9983739651715575
85160B,62.239999999999995,106,16,BLACK BIRD GARDEN DESIGN MUG,0.78,2,0.012532133676092546,61.459999999999994,3217,0.82487179487179485,0.998380024931101
84247L,62.06,128,19,FAWN AND MUSHROOM GREETING CARD,0,0,0,62.06,3218,0.8251282051282052,0.9983860671656329
20848,61.95,21,8,ZINC HEART LATTICE CHARGER SMALL,0,0,0,61.95,3219,0.8253846153846154,0.9983920986904358
90210B,61.56,41,7,CLEAR ACRYLIC FACETED BANGLE,0,0,0,61.56,3220,0.8256410256410256,0.99839809224438
90087,61.46,107,25,CRYSTAL SEA HORSE PHONE CHARM,0,0,0,61.46,3221,0.8258974358974359,0.998404076062207
16151A,61.25,49,3,FLOWERS HANDBAG blue and orange,0,0,0,61.25,3222,0.8261538461538461,0.9984100394341872
90183B,61.08,21,17,AMETHYST DROP EARRINGS W LONG BEADS,0,0,0,61.08,3223,0.8264102564102564,0.9984159862547675
71495B,61.050000000000004,163,8,CD WALL TIDY RED FLOWERS,0,0,0,61.050000000000004,3224,0.8266666666666667,0.9984219301545124
84985A,60.9,42,18,SET OF 72 GREEN PAPER DOILIES,7.25,5,0.11904761904761905,53.65,3225,0.8269230769230769,0.9984278594500813
21655,60.84,36,2,HANGING RIDGE GLASS T-LIGHT HOLDER,60.84,36,1,0,3226,0.8271794871794872,0.9984337829039795
90065A,60.75,9,4,WHITE VINTAGE CRYSTAL BRACELET,0,0,0,60.75,3227,0.8274358974358974,0.9984396975953721
90214K,60.699999999999996,78,38,"LETTER ""K"" BLING KEY RING",0,0,0,60.699999999999996,3228,0.8276923076923077,0.9984456074187059
84984D,60.45,13,4,ORIENTAL RED CUSHION COVER,0,0,0,60.45,3229,0.8279487179487179,0.9984514929017458
84805A,60,32,4,CREAM CLIMBING HYDRANGA ART FLOWER,0,0,0,60,3230,0.8282051282051283,0.9984573345722569
90031,59.89,50,7,BILI NUT AND WOOD NECKLACE,0,0,0,59.89,3231,0.8284615384615385,0.9984631655330388
90206A,59.800000000000004,12,9,GOLD DIAMANTE STAR BROOCH,0,0,0,59.800000000000004,3232,0.8287179487179487,0.9984689877313149
23629,59.760000000000005,24,10,SET 10 CARDS DRESSING UP 17077,0,0,0,59.760000000000005,3233,0.828974358974359,0.998474806035144
21910,59.39999999999999,36,8,WAY OUT METAL SIGN,0,0,0,59.39999999999999,3234,0.8292307692307692,0.9984805892889499
79071B,59,20,11,ENGLISH ROSE METAL WASTE BIN,0,0,0,59,3235,0.8294871794871795,0.9984863335982859
90202C,58.71,20,14,GREEN ENAMEL FLOWER HAIR TIE,17.700000000000003,6,0.30148185998978033,41.01,3236,0.8297435897435897,0.9984920496728811
20760,58.65,69,21,GARDEN PATH POCKET BOOK,0,0,0,58.65,3237,0.83,0.9984977599058058
84798A,58.65,23,4,PINK FOXGLOVE ARTIIFCIAL FLOWER,30.599999999999998,12,0.5217391304347826,28.05,3238,0.8302564102564103,0.9985034701387302
72134,58.62,105,11,COLUMBIAN  CUBE CANDLE,0,0,0,58.62,3239,0.8305128205128205,0.9985091774508197
90190C,58.43,20,19,SILVER/AMETHYST DROP EARRINGS LEAF,0,0,0,58.43,3240,0.8307692307692308,0.9985148662642858
84877A,58.160000000000004,40,4,PINK ROUND COMPACT MIRROR,0,0,0,58.160000000000004,3241,0.831025641025641,0.9985205287902346
72802a,58.029999999999994,7,2,ROSE SCENT CANDLE IN JEWELLED BOX,0,0,0,58.029999999999994,3242,0.8312820512820512,0.9985261786592305
71406C,57.96,138,21,BLACK ORANGE SQUEEZER,0,0,0,57.96,3243,0.8315384615384616,0.9985318217129443
16046,57.8,68,14,TEATIME PEN CASE & PENS,0,0,0,57.8,3244,0.8317948717948718,0.99853744918887
90210A,57.55,34,10,GREY ACRYLIC FACETED BANGLE,0,0,0,57.55,3245,0.8320512820512821,0.9985430523245019
84466,57.5,46,10,TOP SECRET PEN SET,0,0,0,57.5,3246,0.8323076923076923,0.9985486505920751
84597C,57.5,46,13,RETRO PINK BALL ASHTRAY,0,0,0,57.5,3247,0.8325641025641025,0.9985542488596483
85006,57.25,55,9,SET 4 NURSERY DES ROUND BOXES,0,0,0,57.25,3248,0.8328205128205128,0.9985598227869277
90214J,57.209999999999994,71,41,"LETTER ""J"" BLING KEY RING",0,0,0,57.209999999999994,3249,0.833076923076923,0.9985653928197601
21460,56.779999999999994,28,11,GREEN EASTER EGG HUNT START POST,0,0,0,56.779999999999994,3250,0.8333333333333334,0.9985709209872871
90199B,56.59,9,8,5 STRAND GLASS NECKLACE AMETHYST,0,0,0,56.59,3251,0.8335897435897436,0.9985764306561908
44236,56.52,52,6,PINK/PURPLE CIRCLE CURTAIN,0,0,0,56.52,3252,0.8338461538461538,0.9985819335098123
90003B,56.31,15,10,ROSE COLOUR PAIR HEART HAIR SLIDES,15,4,0.2663825253063399,41.31,3253,0.8341025641025641,0.9985874159175869
47341B,56.25,45,11,BLUE TABLE RUN FLOWER,0,0,0,56.25,3254,0.8343589743589743,0.9985928924836912
90038A,56.15,15,10,GLASS AND PAINTED BEADS BRACELET TO,0,0,0,56.15,3255,0.8346153846153846,0.9985983593136779
90050,55.720000000000006,8,4,CRACKED GLAZE NECKLACE IVORY,13.9,2,0.24946159368269918,41.82000000000001,3256,0.8348717948717949,0.998603784278359
84679,55.7,6,2,CLASSICAL ROSE TABLE LAMP,0,0,0,55.7,3257,0.8351282051282052,0.998609207295817
90023,55.02,13,9,FILIGREE DIAMANTE EARRINGS,0,0,0,55.02,3258,0.8353846153846154,0.9986145641076757
84750B,54.99,61,12,BLACK SMALL GLASS CAKE STAND,0.39,1,0.0070921985815602835,54.6,3259,0.8356410256410256,0.9986199179986991
90071,54.62,44,33,RUBY GLASS CLUSTER EARRINGS,0,0,0,54.62,3260,0.8358974358974359,0.9986252358660876
72132,54.599999999999994,28,12,COLUMBIAN CUBE CANDLE,0,0,0,54.599999999999994,3261,0.8361538461538461,0.9986305517862529
21336,54.57,27,10,GOLD WASHBAG,0,0,0,54.57,3262,0.8364102564102565,0.9986358647855826
90040C,54.42,15,10,MURANO STYLE GLASS BRACELET GOLD,0,0,0,54.42,3263,0.8366666666666667,0.9986411631807363
20759,54.4,64,20,CHRYSANTHEMUM POCKET BOOK,0,0,0,54.4,3264,0.8369230769230769,0.9986464596286664
90040A,54.290000000000006,14,5,MURANO STYLE GLASS BRACELET RED,0,0,0,54.290000000000006,3265,0.8371794871794872,0.9986517453668673
20793,54,8,4,BLUE TILED TRAY,33.75,5,0.625,20.25,3266,0.8374358974358974,0.9986570028703273
79323B,54,8,1,BLACK CHERRY LIGHTS,54,8,1,0,3267,0.8376923076923077,0.9986622603737874
84251C,53.88,127,40,"GREETING CARD, TWO SISTERS.",0,0,0,53.88,3268,0.837948717948718,0.9986675061939062
90012A,53.760000000000005,11,5,MIDNIGHT BLUE DROP CRYSTAL NECKLACE,0,0,0,53.760000000000005,3269,0.8382051282051282,0.9986727403306842
90035A,53.62,5,3,"PEARL & SHELL 42""NECKL. GREEN",0,0,0,53.62,3270,0.8384615384615385,0.9986779608368977
20851,53.550000000000004,9,7,ZINC HEART LATTICE TRAY OVAL,0,0,0,53.550000000000004,3271,0.8387179487179487,0.9986831745278287
20697,53.55,21,11,LITTLE GREEN MONSTER SOFT TOY,0,0,0,53.55,3272,0.838974358974359,0.99868838821876
20756,53.55,63,22,GREEN FERN POCKET BOOK,0,0,0,53.55,3273,0.8392307692307692,0.9986936019096913
47586A,53.55,21,8,PINK FAIRY CAKE CUSHION COVER,0,0,0,53.55,3274,0.8394871794871794,0.9986988156006223
90123B,53.42,9,5,TURQUOISE HEART OF GLASS BRACELET,0,0,0,53.42,3275,0.8397435897435898,0.9987040166346007
90211B,53.260000000000005,9,6,JET BLACK LAS VEGAS NECKLACE 45CM,11.9,2,0.22343221930153961,41.36000000000001,3276,0.84,0.9987092020907912
90214E,53.199999999999996,72,30,"LETTER ""E"" BLING KEY RING",0,0,0,53.199999999999996,3277,0.8402564102564103,0.9987143817053111
20857,52.8,32,8,BLUE ROSE PATCH PURSE PINK BUTTERFL,24.75,15,0.46875,28.049999999999997,3278,0.8405128205128205,0.9987195223753608
90163B,52.72,7,5,WHITE ROSEBUD & PEARL NECKLACE,0,0,0,52.72,3279,0.8407692307692308,0.9987246552565167
90168,52.56,18,12,2 DAISIES HAIR COMB,17.700000000000003,6,0.33675799086757996,34.86,3280,0.841025641025641,0.9987297725598844
84805B,52.5,38,3,BLUE CLIMBING HYDRANGA ART FLOWER,0,0,0,52.5,3281,0.8412820512820512,0.9987348840215816
84842,52.5,14,9,HELLO SAILOR BATHROOM SET,0,0,0,52.5,3282,0.8415384615384616,0.9987399954832789
90176D,52.5,7,4,DIAMANTE NECKLACE PURPLE,7.5,1,0.14285714285714285,45,3283,0.8417948717948718,0.9987451069449761
90138,52.42,10,7,WHITE/PINK MINI CRYSTALS NECKLACE,0,0,0,52.42,3284,0.8420512820512821,0.9987502106177794
90141C,52.31,10,8,TURQ PENDANT TRIPLE SHELL NECKLACE,0,0,0,52.31,3285,0.8423076923076923,0.9987553035808533
84927D,52.25,48,14,LA PALMIERA TILE HOOK,4.2,2,0.08038277511961722,48.05,3286,0.8425641025641025,0.9987603907022568
35265,52.2,17,12,COLOURFUL FLOWER FRUIT BOWL,0,0,0,52.2,3287,0.8428205128205128,0.9987654729556014
85028S,51.599999999999994,24,8,FRENCH CHATEAU SMALL FRUITBOWL,0,0,0,51.599999999999994,3288,0.8430769230769231,0.998770496792241
90205A,51.51,31,16,LARGE MINT DIAMANTE HAIRSLIDE,0,0,0,51.51,3289,0.8433333333333334,0.9987755118663747
84597B,51.25,41,5,RETRO BROWN BALL ASHTRAY,0,0,0,51.25,3290,0.8435897435897436,0.9987805016266029
20910,50.8,8,3,VINTAGE PHOTO ALBUM PARIS DAYS,0,0,0,50.8,3291,0.8438461538461538,0.9987854475743024
84534B,50.72,53,10,FAIRY CAKE NOTEBOOK A5 SIZE,0,0,0,50.72,3292,0.8441025641025641,0.9987903857331077
17007B,50.400000000000006,24,2,S/3 POT POURI CUSHIONS BLUE COLOURS,0,0,0,50.400000000000006,3293,0.8443589743589743,0.9987952927363372
90018C,50.400000000000006,12,9,SILVER BLACK ORBIT DROP EARRINGS,4.25,1,0.08432539682539682,46.150000000000006,3294,0.8446153846153847,0.9988001997395665
47348A,50.309999999999995,97,15,FUSCHIA VOILE POINTY SHOE DEC,0,0,0,50.309999999999995,3295,0.8448717948717949,0.9988050979802902
44242B,50.28,52,3,PINK FEATHERS CURTAIN,0,0,0,50.28,3296,0.8451282051282051,0.9988099933001784
90214D,49.9,68,32,"LETTER ""D"" BLING KEY RING",0,0,0,49.9,3297,0.8453846153846154,0.9988148516228201
90214M,49.82,60,28,"LETTER ""M"" BLING KEY RING",0,0,0,49.82,3298,0.8456410256410256,0.9988197021565679
90180B,49.81,5,5,PURPLE AMETHYST NECKLACE W TASSEL,0,0,0,49.81,3299,0.8458974358974359,0.998824551716704
23603,49.800000000000004,20,14,SET 10 CARD KRAFT REINDEER 17084,0,0,0,49.800000000000004,3300,0.8461538461538461,0.9988294003032281
90079,49.760000000000005,10,4,VINTAGE ENAMEL & CRYSTAL NECKLACE,0,0,0,49.760000000000005,3301,0.8464102564102564,0.9988342449953053
20667,49.69,20,16,CHERRY BLOSSOM PURSE,0,0,0,49.69,3302,0.8466666666666667,0.9988390828721004
90202B,49.650000000000006,17,10,WHITE ENAMEL FLOWER HAIR TIE,17.700000000000003,6,0.35649546827794565,31.950000000000003,3303,0.8469230769230769,0.9988439168544482
90142D,49.64,10,4,MOP PENDANT SHELL NECKLACE,0,0,0,49.64,3304,0.8471794871794872,0.9988487498631845
90157,49.59,10,5,RIVIERA NECKLACE,0,0,0,49.59,3305,0.8474358974358974,0.9988535780038619
21816,49.3,34,7,CHRISTMAS TREE T-LIGHT HOLDER,0,0,0,49.3,3306,0.8476923076923077,0.9988583779097986
21089,48.99,233,25,SET/6 GREEN SPRING PAPER CUPS,0,0,0,48.99,3307,0.847948717948718,0.998863147633771
90038B,48.77,13,8,GLASS AND PAINTED BEADS BRACELET OL,0,0,0,48.77,3308,0.8482051282051282,0.9988678959382847
84497,48.75,13,7,BUTTONS AND STRIPES NOTEBOOK,0,0,0,48.75,3309,0.8484615384615385,0.998872642295575
90002D,48.71,13,9,FLOWER BURST SILVER RING CRYSTAL,0,0,0,48.71,3310,0.8487179487179487,0.9988773847584183
21720,48.449999999999996,57,8,CAKE SHOP  STICKER SHEET,0,0,0,48.449999999999996,3311,0.848974358974359,0.998882101907356
84559a,48.379999999999995,29,22,3D SHEET OF DOG STICKERS,0,0,0,48.379999999999995,3312,0.8492307692307692,0.9988868122410114
84510E,48.29,34,16,SET OF 4 GREEN CAROUSEL COASTERS,0,0,0,48.29,3313,0.8494871794871794,0.9988915138121612
90205C,48.21,29,15,LARGE CRYSTAL DIAMANTE HAIRSLIDE,0,0,0,48.21,3314,0.8497435897435898,0.9988962075944169
84402B,48.19,61,3,PURPLE DRESS JEWELLERY STAND,0,0,0,48.19,3315,0.85,0.9989008994294492
90125B,48.06,30,12,AQUA BERTIE GLASS BEAD BAG CHARM,0,0,0,48.06,3316,0.8502564102564103,0.9989055786075285
90169,47.839999999999996,19,11,DAISY HAIR COMB,15.299999999999999,6,0.31981605351170567,32.54,3317,0.8505128205128205,0.9989102363661493
90036A,47.7,6,4,FLOWER GARLAND NECKLACE RED,0,0,0,47.7,3318,0.8507692307692307,0.9989148804942057
90165B,47.43,19,18,WHITE ROSEBUD  PEARL EARRINGS,0,0,0,47.43,3319,0.851025641025641,0.9989194983347448
17084J,47.25,225,8,LOVE POTION MASALA INCENSE,0,0,0,47.25,3320,0.8512820512820513,0.9989240986502723
84086B,47.2,16,7,YELLOW/BLUE RETRO RADIO,2.95,1,0.0625,44.25,3321,0.8515384615384616,0.998928694097741
84706F,47.2,16,10,RED PEONY TABLE CLOCK,0,0,0,47.2,3322,0.8517948717948718,0.9989332895452098
84715,47.2,16,3,SET OF 6 ICE CREAM SKITTLES,0,0,0,47.2,3323,0.852051282051282,0.9989378849926785
84750A,46.8,24,1,PINK SMALL GLASS CAKE STAND,52.65,27,1.125,-5.850000000000001,3324,0.8523076923076923,0.9989424414956772
84857B,46.8,24,1,BLUE MONTE CARLO HANDBAG,3.9,2,0.08333333333333334,42.9,3325,0.8525641025641025,0.9989469979986758
90190A,46.760000000000005,16,10,SILVER/CRYSTAL DROP EARRINGS W LEAF,0,0,0,46.760000000000005,3326,0.8528205128205129,0.9989515506072275
21392,46.39,34,7,RED POLKADOT PUDDING BOWL,0,0,0,46.39,3327,0.8530769230769231,0.9989560671921444
84801B,46.2,22,3,WHITE HYDRANGEA ART FLOWER,0,0,0,46.2,3328,0.8533333333333334,0.998960565278438
85031A,45.9,16,7,ROMANTIC IMAGES SCRAP BOOK SET,0,0,0,45.9,3329,0.8535897435897436,0.9989650341563789
90012B,45.35000000000001,13,3,BLACK DROP CRYSTAL NECKLACE,0,0,0,45.35000000000001,3330,0.8538461538461538,0.9989694494856737
90064B,45,12,7,BLACK VINTAGE  CRYSTAL EARRINGS,3.75,1,0.08333333333333333,41.25,3331,0.8541025641025641,0.9989738307385571
23625,44.910000000000004,9,4,SET 6 CARDS SPARKLY REINDEER 17262,0,0,0,44.910000000000004,3332,0.8543589743589743,0.9989782032289345
90141B,44.86,9,5,IVORY PENDANT TRIPLE SHELL NECKLACE,0,0,0,44.86,3333,0.8546153846153847,0.9989825708512534
85185D,44.25000000000001,15,8,FROG SOCK PUPPET,0,0,0,44.25000000000001,3334,0.8548717948717949,0.9989868790832553
20670,44.04,14,11,VIP HOLIDAY PURSE,0,0,0,44.04,3335,0.8551282051282051,0.9989911668694105
47344B,43.66,44,6,BLUE FLOWER DES PURSE,0,0,0,43.66,3336,0.8553846153846154,0.9989954176583191
79063C,43.65,235,14,"RETRO PILL BOX KEY CHAIN,THE KING",0,0,0,43.65,3337,0.8556410256410256,0.9989996674736159
90056,43.510000000000005,4,4,CHUNKY CRACKED GLAZE NECKLACE IVORY,0,0,0,43.510000000000005,3338,0.8558974358974359,0.9990039036583482
20698,43.349999999999994,17,8,LITTLE PINK MONSTER SOFT TOY,0,0,0,43.349999999999994,3339,0.8561538461538462,0.9990081242652925
90014C,43.199999999999996,5,4,SILVER AND BLACK ORBIT NECKLACE,0,0,0,43.199999999999996,3340,0.8564102564102564,0.9990123302680606
46138B,43.15,43,12,BLUE CHENILLE SHAGGY CUSHION COVER,11.05,13,0.25608342989571264,32.099999999999994,3341,0.8566666666666667,0.9990165314027697
37444C,43.050000000000004,23,9,PINK BREAKFAST CUP AND SAUCER,0,0,0,43.050000000000004,3342,0.8569230769230769,0.9990207228013616
23038,42.919999999999995,44,8,T-LIGHT HOLDER SILVER SAUCER,0,0,0,42.919999999999995,3343,0.8571794871794872,0.9990249015430005
84539,42.9,26,2,KNITTED RABBIT DOLL,0,0,0,42.9,3344,0.8574358974358974,0.9990290783374159
22987,42.84,102,5,WRAP SUMMER ROSE DESIGN,0,0,0,42.84,3345,0.8576923076923076,0.9990332492901609
20818,42.7,15,5,GOLD TEDDY BEAR,0,0,0,42.7,3346,0.857948717948718,0.9990374066123413
16254,42.58,40,17,TRANSPARENT ACRYLIC TAPE DISPENSER,0,0,0,42.58,3347,0.8582051282051282,0.9990415522511806
84922,42.29,9,6,PINK BUTTERFLY WASHBAG,0,0,0,42.29,3348,0.8584615384615385,0.9990456696552793
90029,42.14,5,4,NEW BAROQUE SMALL NECKLACE BLACK,0,0,0,42.14,3349,0.8587179487179487,0.9990497724552018
90024F,42.13,5,4,NEW BAROQUE B'FLY NECKLACE CRYSTAL,0,0,0,42.13,3350,0.8589743589743589,0.9990538742815122
47570b,42.019999999999996,2,2,TEA TIME TABLE CLOTH,0,0,0,42.019999999999996,3351,0.8592307692307692,0.9990579653980934
17084A,42,200,7,TRANQUILITY MASALA INCENSE,0,0,0,42,3352,0.8594871794871795,0.9990620545674512
90120D,41.790000000000006,10,5,WHITE MURANO TWIST BRACELET,0,0,0,41.790000000000006,3353,0.8597435897435898,0.9990661232909623
20666,41.53,30,17,ECONOMY HOLIDAY PURSE,0,0,0,41.53,3354,0.86,0.9990701667005677
15030,41.47,143,12,FAN BLACK FRAME,0,0,0,41.47,3355,0.8602564102564103,0.9990742042685027
72807c,41.449999999999996,5,5,SET/3 VANILLA SCENTED CANDLE IN BOX,0,0,0,41.449999999999996,3356,0.8605128205128205,0.9990782398892141
90059D,41.449999999999996,25,19,DIAMANTE HAIR GRIP PACK/2 PERIDOT,9.899999999999999,6,0.23884197828709286,31.549999999999997,3357,0.8607692307692307,0.9990822755099256
90059E,41.37,25,15,DIAMANTE HAIR GRIP PACK/2 RUBY,9.899999999999999,6,0.23930384336475705,31.47,3358,0.861025641025641,0.999086303341743
90039B,41.31,11,6,FIRE POLISHED GLASS BRACELET MONTAN,0,0,0,41.31,3359,0.8612820512820513,0.9990903253318899
85089,41.300000000000004,14,5,CANDY SPOT BUNNY,0,0,0,41.300000000000004,3360,0.8615384615384616,0.999094346348425
90162C,41.300000000000004,14,7,ANT SILVER FUSCHIA BOUDICCA RING,0,0,0,41.300000000000004,3361,0.8617948717948718,0.9990983673649602
84921,41.25,11,5,CREAM AND PINK FLOWERS PONY,0,0,0,41.25,3362,0.862051282051282,0.9991023835134366
23448,41.24999999999999,25,3,CREAM BUNNY EASTER EGG BASKET,0,0,0,41.24999999999999,3363,0.8623076923076923,0.999106399661913
75013B,41.24999999999999,25,6,"STRING OF 8 BUTTERFLIES,PINK",0,0,0,41.24999999999999,3364,0.8625641025641025,0.9991104158103894
90067A,41.150000000000006,14,7,PINK VINTAGE VICTORIAN EARRINGS,0,0,0,41.150000000000006,3365,0.8628205128205129,0.9991144222227483
90177E,41.080000000000005,14,9,DROP DIAMANTE EARRINGS GREEN,17.700000000000003,6,0.4308666017526777,23.380000000000003,3366,0.8630769230769231,0.9991184218198249
90177B,41.010000000000005,14,7,DROP DIAMANTE EARRINGS BLACK DIAMON,0,0,0,41.010000000000005,3367,0.8633333333333333,0.9991224146016193
90182C,40.96,14,9,BLACK 3 BEAD DROP EARRINGS,17.700000000000003,6,0.43212890625000006,23.259999999999998,3368,0.8635897435897436,0.9991264025153548
90130C,40.95,14,13,GREEN STONE/CRYSTAL EARRINGS,0,0,0,40.95,3369,0.8638461538461538,0.9991303894554787
90177A,40.900000000000006,14,9,CLASSIC DIAMANTE EARRINGS JET,17.700000000000003,6,0.43276283618581907,23.200000000000003,3370,0.8641025641025641,0.9991343715275438
10120,40.53,193,29,DOGGY RUBBER,0,0,0,40.53,3371,0.8643589743589744,0.999138317575974
71495A,40.38,103,8,CD WALL TIDY BLUE OFFICE,0,0,0,40.38,3372,0.8646153846153846,0.999142249020228
90214G,40.199999999999996,60,30,"LETTER ""G"" BLING KEY RING",0,0,0,40.199999999999996,3373,0.8648717948717949,0.9991461629394705
85092,40.05,27,2,CANDY SPOT TEA COSY,0,0,0,40.05,3374,0.8651282051282051,0.9991500622545366
90187B,40.03,12,8,GREEN DROP EARRINGS W BEAD CLUSTER,0,0,0,40.03,3375,0.8653846153846154,0.9991539596223794
90165A,39.98,16,15,PINK ROSEBUD PEARL EARRINGS,0,0,0,39.98,3376,0.8656410256410256,0.9991578521221633
72369A,39.92,30,5,PINK CLEAR GLASS CANDLE PLATE,0,0,0,39.92,3377,0.865897435897436,0.9991617387802767
90135,39.660000000000004,8,2,ORANGE/WHT/FUSCHIA STONES NECKLACE,0,0,0,39.660000000000004,3378,0.8661538461538462,0.9991656001244846
84725,39.65,41,18,FREESTYLE CANVAS ART PICTURE,0,0,0,39.65,3379,0.8664102564102564,0.9991694604950806
84596f,39.36,16,12,SMALL MARSHMALLOWS PINK BOWL,0,0,0,39.36,3380,0.8666666666666667,0.999173292630936
84575A,39.3,14,4,PINK DOG CANNISTER,5.95,1,0.1513994910941476,33.349999999999994,3381,0.8669230769230769,0.9991771189251206
21307,39.199999999999996,79,13,SET/4 BUTTERFLY MIRROR MAGNETS,0,0,0,39.199999999999996,3382,0.8671794871794872,0.999180935483188
35910A,39,20,4,MULTICOLOUR EASTER RABBIT,0,0,0,39,3383,0.8674358974358974,0.9991847325690203
47341A,38.75,27,5,FUSCHIA TABLE RUN FLOWER,0,0,0,38.75,3384,0.8676923076923077,0.9991885053145587
90064A,38.7,10,6,WHITE VINTAGE CRYSTAL EARRINGS,0,0,0,38.7,3385,0.867948717948718,0.9991922731920383
84751B,38.69,19,8,BLACK MEDIUM GLASS CAKE STAND,0.79,1,0.020418712845696563,37.9,3386,0.8682051282051282,0.9991960400959061
21393,38.67,29,7,BLUE POLKADOT PUDDING BOWL,0,0,0,38.67,3387,0.8684615384615385,0.9991998050525506
47420,38.38,202,13,ASSORTED COLOUR SUCTION CUP HOOK,0,0,0,38.38,3388,0.8687179487179487,0.9992035417744543
84559b,38.33,23,20,3D SHEET OF CAT STICKERS,0,0,0,38.33,3389,0.8689743589743589,0.9992072736282992
84746,38.31,14,9,PINK EASTER HENS+FLOWER,0,0,0,38.31,3390,0.8692307692307693,0.9992110035349205
84617,38.25,3,3,NEW BAROQUE BLACK BOXES,0,0,0,38.25,3391,0.8694871794871795,0.9992147275998714
84925D,38.25,15,10,LA PALMIERA WALL THERMOMETER,0,0,0,38.25,3392,0.8697435897435898,0.9992184516648223
90190B,38.18,13,7,GOLD/AMBER DROP EARRINGS W LEAF,0,0,0,38.18,3393,0.87,0.9992221689144908
81952B,38,200,9,ROUND BLUE CLOCK WITH SUCKER,0,0,0,38,3394,0.8702564102564102,0.9992258686391479
84033,37.949999999999996,23,7,FLAG OF ST GEORGE,0,0,0,37.949999999999996,3395,0.8705128205128205,0.9992295634957461
84809B,37.800000000000004,18,1,PINK CHRYSANTHEMUMS ART FLOWER,0,0,0,37.800000000000004,3396,0.8707692307692307,0.9992332437481681
90075,37.66,4,3,MONTANA DIAMOND CLUSTER NECKLACE,0,0,0,37.66,3397,0.8710256410256411,0.9992369103700256
90199D,37.620000000000005,6,6,5 STRAND GLASS NECKLACE AMBER,0,0,0,37.620000000000005,3398,0.8712820512820513,0.9992405730974361
90212B,37.62,10,8,JET BLACK LAS VEGAS BRACELET ROUND,0,0,0,37.62,3399,0.8715384615384615,0.9992442358248466
79191D,37.61,35,16,RETRO PLASTIC DAISY TRAY,10.2,12,0.2712044668971018,27.41,3400,0.8717948717948718,0.9992478975786453
72709,37.4,44,7,IVORY SCULPTED RND CANDLE,0,0,0,37.4,3401,0.872051282051282,0.9992515388865972
35809a,37.33,9,9,ENAMEL PINK TEA CONTAINER,0,0,0,37.33,3402,0.8723076923076923,0.999255173379267
84509b,37.3,5,4,SET OF 4 FAIRY CAKE PLACEMATS,0,0,0,37.3,3403,0.8725641025641026,0.9992588049511012
90074,37.239999999999995,4,3,BLACK DIAMOND CLUSTER NECKLACE,0,0,0,37.239999999999995,3404,0.8728205128205129,0.9992624306812652
84522,36.76,20,12,PINK PARTY SUNGLASSES,0,0,0,36.76,3405,0.8730769230769231,0.999266009678065
90085,36.76,34,10,CRYSTAL STILETTO PHONE CHARM,0,0,0,36.76,3406,0.8733333333333333,0.9992695886748647
90214H,36.76,48,30,"LETTER ""H"" BLING KEY RING",0,0,0,36.76,3407,0.8735897435897436,0.9992731676716647
71510,36.519999999999996,52,8,SQUARE METAL CANDLEHOLDER BASE,0,0,0,36.519999999999996,3408,0.8738461538461538,0.9992767233017824
35913B,36.33,37,10,WHITE/PINK CHICK EASTER DECORATION,0,0,0,36.33,3409,0.8741025641025642,0.999280260433277
84548,36.3,22,4,CROCHET BEAR RED/BLUE  KEYRING,0,0,0,36.3,3410,0.8743589743589744,0.9992837946439361
17090D,36.25,29,12,VANILLA INCENSE 40 CONES IN TIN,0,0,0,36.25,3411,0.8746153846153846,0.9992873239865365
84226,36.21,51,10,HEN HOUSE W FAMILY IN BARN & NEST,0,0,0,36.21,3412,0.8748717948717949,0.9992908494346902
85216,35.75,55,8,ASSORTED CAKES FRIDGE MAGNETS,0,0,0,35.75,3413,0.8751282051282051,0.999294330096703
90094,35.699999999999996,14,13,NECKLACE+BRACELET SET FRUIT SALAD,0,0,0,35.699999999999996,3414,0.8753846153846154,0.999297805890657
90179C,35.44,6,6,BLACK FINE BEAD NECKLACE W TASSEL,0,0,0,35.44,3415,0.8756410256410256,0.9993012563707058
79063D,35.33,190,11,"RETRO PILL BOX , REVOLUTIONARY",0,0,0,35.33,3416,0.8758974358974358,0.9993046961410249
90123D,35.31,6,5,WHITE HEART OF GLASS BRACELET,0,0,0,35.31,3417,0.8761538461538462,0.9993081339641207
90179A,35.31,6,5,AMBER FINE BEAD NECKLACE W TASSEL,0,0,0,35.31,3418,0.8764102564102564,0.9993115717872165
90011B,35.27,12,7,BLACK CRYSTAL DROP EARRINGS,0,0,0,35.27,3419,0.8766666666666667,0.9993150057158653
90060F,35.160000000000004,6,6,FIRE POLISHED GLASS NECKL GREEN,0,0,0,35.160000000000004,3420,0.8769230769230769,0.9993184289347848
90186A,35.11,12,9,AMETHYST HOOP EARRING FLORAL LEAF,0,0,0,35.11,3421,0.8771794871794871,0.9993218472856455
90131,34.870000000000005,5,2,PINK/AMETHYST/GOLD NECKLACE,0,0,0,34.870000000000005,3422,0.8774358974358974,0.9993252422698243
90049,34.77,5,3,IVORY GOLD METAL BAG CHARM,0,0,0,34.77,3423,0.8776923076923077,0.9993286275178855
90059F,34.69,21,14,DIAMANTE HAIR GRIP PACK/2 LT ROSE,9.899999999999999,6,0.28538483712885554,24.79,3424,0.877948717948718,0.9993320049770527
20827,34.32,88,2,GOLD APERITIF GLASS,0,0,0,34.32,3425,0.8782051282051282,0.999335346412585
79406,34.12,144,8,FROSTED WHITE BASE,0,0,0,34.12,3426,0.8784615384615385,0.9993386683758825
81950B,33.93,117,8,FLOWER BLUE CLOCK WITH SUCKER,0,0,0,33.93,3427,0.8787179487179487,0.9993419718405565
84873A,33.9,2,2,FUNKY FLOWER PICNIC BAG FOR 4,0,0,0,33.9,3428,0.8789743589743589,0.9993452723843953
90026C,33.82,4,3,GLASS BEAD HOOP NECKLACE GREEN,0,0,0,33.82,3429,0.8792307692307693,0.9993485651393399
90024C,33.81,4,3,NEW BAROQUE B'FLY NECKLACE GREEN,0,0,0,33.81,3430,0.8794871794871795,0.999351856920673
17136A,33.75,404,17,BLUE STONES ON WIRE FOR CANDLE,0,0,0,33.75,3431,0.8797435897435898,0.9993551428603356
90038C,33.69,9,4,GLASS AND BEADS BRACELET IVORY,0,0,0,33.69,3432,0.88,0.9993584229583274
72783,33.6,16,2,BLACK SIL'T SQU CANDLE PLATE,0,0,0,33.6,3433,0.8802564102564102,0.9993616942938138
90129D,33.440000000000005,14,7,AMBER GLASS TASSLE BAG CHARM,0,0,0,33.440000000000005,3434,0.8805128205128205,0.9993649500515119
37423,33.18,78,3,WHITE WITH BLACK CATS PLATE,0,0,0,33.18,3435,0.8807692307692307,0.9993681804953046
72807b,33.16,4,4,SET/3 OCEAN SCENT CANDLE JEWEL BOX,0,0,0,33.16,3436,0.8810256410256411,0.9993714089918738
35610C,32.51,25,2,WHITE CHRISTMAS FLOCK DROPLET,0,0,0,32.51,3437,0.8812820512820513,0.999374574203679
37468,32.42,65,13,HARDMAN MUG 3 ASSORTED,0,0,0,32.42,3438,0.8815384615384615,0.9993777306529785
17109D,32.35,61,5,FLOWER FAIRY INCENSE BOUQUET,0,0,0,32.35,3439,0.8817948717948718,0.9993808802869958
84824,31.9,2,2,DANISH ROSE UMBRELLA STAND,0,0,0,31.9,3440,0.882051282051282,0.9993839861084842
90036B,31.8,4,2,"FLOWER GLASS GARLAND NECKL.36""GREEN",0,0,0,31.8,3441,0.8823076923076923,0.9993870821938552
20878,31.25,25,7,SET/9 CHRISTMAS T-LIGHTS SCENTED,0,0,0,31.25,3442,0.8825641025641026,0.9993901247305798
23632,31.200000000000003,15,10,SET 10 CARDS CHEERFUL ROBIN 17065,0,0,0,31.200000000000003,3443,0.8828205128205128,0.9993931623992455
44228,30.599999999999998,36,2,CANNABIS LEAF BEAD CURTAIN,0,0,0,30.599999999999998,3444,0.8830769230769231,0.999396141651206
85018D,30.599999999999998,12,7,YULETIDE IMAGES S/6 PAPER BOXES,0,0,0,30.599999999999998,3445,0.8833333333333333,0.9993991209031668
37471,30.43,29,3,MULTICOLOUR POLKADOT PLATE,0,0,0,30.43,3446,0.8835897435897436,0.9994020836037277
90176B,30.12,4,3,DIAMANTE NECKLACE BLACK,0,0,0,30.12,3447,0.8838461538461538,0.9994050161223242
35610B,30,24,1,BLACK CHRISTMAS FLOCK DROPLET,0,0,0,30,3448,0.884102564102564,0.9994079369575798
90176E,29.98,4,3,DIAMANTE NECKLACE GREEN,0,0,0,29.98,3449,0.8843589743589744,0.999410855845612
90195B,29.98,4,4,BLACK GEMSTONE BRACELET,0,0,0,29.98,3450,0.8846153846153846,0.999413774733644
90039A,29.96,8,3,FIRE POLISHED GLASS BRACELET RED,0,0,0,29.96,3451,0.8848717948717949,0.9994166916744525
21310,29.95,1,1,CAPIZ CHANDELIER,0,0,0,29.95,3452,0.8851282051282051,0.9994196076416494
90122B,29.93,6,6,JADE CRYSTAL+GLASS BRACELET,0,0,0,29.93,3453,0.8853846153846154,0.9994225216616227
21667,29.9,2,1,GLASS CAKE COVER AND PLATE,29.9,2,1,0,3454,0.8856410256410256,0.9994254327607608
90136,29.849999999999998,3,2,PALE PINK/AMETHYST STONE NECKLACE,0,0,0,29.849999999999998,3455,0.8858974358974359,0.99942833899184
84660a,29.84,4,2,WHITE STITCHED WALL CLOCK,0,0,0,29.84,3456,0.8861538461538462,0.9994312442493075
90159,29.790000000000003,6,5,COTE D'AZURE NECKLACE,0,0,0,29.790000000000003,3457,0.8864102564102564,0.9994341446387162
90001D,29.73,7,5,ANTIQUE OLIVE GREEN FLOWER EARRINGS,0,0,0,29.73,3458,0.8866666666666667,0.9994370391864545
90120A,29.73,7,3,PINK MURANO TWIST BRACELET,0,0,0,29.73,3459,0.8869230769230769,0.9994399337341928
21757,29.700000000000003,6,3,LIGHTHOUSE PRINTED METAL SIGN,0,0,0,29.700000000000003,3460,0.8871794871794871,0.9994428253610957
21040,29.7,22,8,MODERN VINTAGE COTTON SHOPPING BAG,0,0,0,29.7,3461,0.8874358974358975,0.9994457169879989
35816P,29.64,78,2,"ACRYLIC JEWEL ANGEL,PINK",0,0,0,29.64,3462,0.8876923076923077,0.9994486027732312
90214I,29.619999999999997,38,13,"LETTER ""I"" BLING KEY RING",0,0,0,29.619999999999997,3463,0.887948717948718,0.9994514866112404
84706D,29.599999999999998,8,4,CHERRY BLOSSOM TABLE CLOCK,0,0,0,29.599999999999998,3464,0.8882051282051282,0.9994543685020257
90162D,29.500000000000004,10,5,ANT SILVER PURPLE BOUDICCA RING,0,0,0,29.500000000000004,3465,0.8884615384615384,0.9994572406566937
84465,29.5,10,7,15 PINK FLUFFY CHICKS IN BOX,0,0,0,29.5,3466,0.8887179487179487,0.9994601128113617
82605,29.400000000000002,14,3,OLD DOC RUSSEL METAL SIGN,0,0,0,29.400000000000002,3467,0.888974358974359,0.9994629752299122
84558a,29.310000000000002,5,5,3D DOG PICTURE PLAYING CARDS,0,0,0,29.310000000000002,3468,0.8892307692307693,0.9994658288859568
85030,29.25,15,6,FRENCH CHATEAU OVAL PLATTER,0,0,0,29.25,3469,0.8894871794871795,0.9994686767003309
90214N,29.23,41,24,"LETTER ""N"" BLING KEY RING",0,0,0,29.23,3470,0.8897435897435897,0.9994715225674816
84199,29.19,139,31,GLOW IN DARK DOLPHINS,0,0,0,29.19,3471,0.89,0.9994743645401855
21011,29,20,3,GLITTER SNOW PEAR TREE DECORATION,0,0,0,29,3472,0.8902564102564102,0.9994771880142659
46776f,28.91,7,1,WOVEN ROSE GARDEN CUSHION COVER,0,0,0,28.91,3473,0.8905128205128205,0.9994800027258403
90152A,28.76,5,5,SILVER/NAT SHELL NECKLACE W PENDANT,0,0,0,28.76,3474,0.8907692307692308,0.9994828028332388
84803B,28.73,17,4,WHITE ALLIUM  ARTIFICIAL FLOWER,5.07,3,0.17647058823529413,23.66,3475,0.8910256410256411,0.9994856000198017
90093,28.57,52,10,CLEAR CRYSTAL STAR PHONE CHARM,0,0,0,28.57,3476,0.8912820512820513,0.9994883816285768
90027D,28.4,9,6,GLASS BEAD HOOP EARRINGS AMETHYST,0,0,0,28.4,3477,0.8915384615384615,0.9994911466859521
17165D,28.35,27,7,ASS COL LARGE SAND FROG P'WEIGHT,0,0,0,28.35,3478,0.8917948717948718,0.9994939068752685
84798B,28.049999999999997,11,3,PURPLE FOXGLOVE ARTIIFCIAL FLOWER,10.2,4,0.36363636363636365,17.849999999999998,3479,0.892051282051282,0.9994966378562326
90005A,28.02,14,10,JADE GREEN ENAMEL HAIR COMB,0,0,0,28.02,3480,0.8923076923076924,0.9994993659163612
90214R,28.009999999999998,41,25,"LETTER ""R"" BLING KEY RING",0,0,0,28.009999999999998,3481,0.8925641025641026,0.9995020930028782
84613A,27.900000000000002,6,3,PINK NEW BAROQUE FLOCK CANDLESTICK,0,0,0,27.900000000000002,3482,0.8928205128205128,0.9995048093796659
79066k,27.77,17,10,RETRO MOD TRAY,0,0,0,27.77,3483,0.8930769230769231,0.9995075130995007
23613,27.39,11,6,SET 10 XMAS CARDS & BADGES 17070,0,0,0,27.39,3484,0.8933333333333333,0.9995101798220891
23637,27.39,11,9,SET 10 CARDS OUT OF ORDER 17216,0,0,0,27.39,3485,0.8935897435897436,0.9995128465446775
85126,27.14,2,1,LARGE ROUND CUTGLASS CANDLESTICK,6.75,1,0.24871039056742814,20.39,3486,0.8938461538461538,0.999515488926972
85017C,27.02,50,10,ENVELOPE 50 CURIOUS IMAGES,0,0,0,27.02,3487,0.8941025641025641,0.9995181196259254
23702,27,4,3,High Resolution Image,0,0,0,27,3488,0.8943589743589744,0.9995207483776554
79323P,27,4,1,PINK CHERRY LIGHTS,54,8,2,-27,3489,0.8946153846153846,0.9995233771293854
84993a,26.56,32,19,75 GREEN PETIT FOUR CASES,0,0,0,26.56,3490,0.8948717948717949,0.9995259630421983
35598A,26.550000000000004,9,2,DUSTY PINK CHRISTMAS TREE 60CM,0,0,0,26.550000000000004,3491,0.8951282051282051,0.9995285479813997
84675,26.55,9,2,FROG KING WATERING CAN,0,0,0,26.55,3492,0.8953846153846153,0.9995311329206007
90059B,26.519999999999996,16,10,DIAMANTE HAIR GRIP PACK/2 BLACK DIA,9.899999999999999,6,0.3733031674208145,16.619999999999997,3493,0.8956410256410257,0.9995337149389667
21836,26.490000000000002,5,3,GINGHAM OVEN GLOVE RED HEART,0,0,0,26.490000000000002,3494,0.8958974358974359,0.9995362940364972
72140E,26.349999999999998,31,8,BEST DAD CANDLE LETTERS,0.85,1,0.03225806451612903,25.499999999999996,3495,0.8961538461538462,0.9995388595034636
90212C,26.25,7,3,PURPLE LAS VEGAS BRACELET ROUND,0,0,0,26.25,3496,0.8964102564102564,0.9995414152343122
23636,26.19,9,7,SET 10 CARDS WISHING TREE 17116,0,0,0,26.19,3497,0.8966666666666666,0.9995439651234902
90183C,26.15,9,9,BLACK DROP EARRINGS W LONG BEADS,0,0,0,26.15,3498,0.8969230769230769,0.9995465111182213
21461,25.81,11,6,BLUE EASTER EGG HUNT START POST,3.9,2,0.1511042231693142,21.91,3499,0.8971794871794871,0.9995490240101528
84968B,25.5,2,2,SET OF 16 VINTAGE IVORY CUTLERY,0,0,0,25.5,3500,0.8974358974358975,0.9995515067201199
90026D,25.5,3,3,GLASS BEAD HOOP NECKLACE AMETHYST,0,0,0,25.5,3501,0.8976923076923077,0.9995539894300872
84968f,25.49,1,1,SET OF 16 VINTAGE SKY BLUE CUTLERY,0,0,0,25.49,3502,0.897948717948718,0.9995564711664428
35910B,25.349999999999998,13,3,PINK FLOWERS RABBIT EASTER,0,0,0,25.349999999999998,3503,0.8982051282051282,0.9995589392722338
90026B,25.32,3,3,GLASS BEAD HOOP NECKLACE MONTANA,0,0,0,25.32,3504,0.8984615384615384,0.9995614044571893
90037B,25.279999999999998,10,5,TINY CRYSTAL BRACELET GREEN,0,0,0,25.279999999999998,3505,0.8987179487179487,0.9995638657476982
90013D,25.17,6,3,PURPLE VINTAGE EARRINGS,0,0,0,25.17,3506,0.898974358974359,0.9995663163284776
90188,25.13,10,7,DROP EARRINGS W FLOWER & LEAF,0,0,0,25.13,3507,0.8992307692307693,0.9995687630148099
84596e,25.099999999999998,10,6,SMALL LICORICE DES PINK BOWL,0,0,0,25.099999999999998,3508,0.8994871794871795,0.9995712067803072
90033,25.07,10,9,IVORY SHELL HEART EARRINGS,0,0,0,25.07,3509,0.8997435897435897,0.9995736476249689
90016C,24.96,3,3,SILVER/BLACK PENDANT ORBIT NECKLACE,0,0,0,24.96,3510,0.9,0.9995760777599016
23620,24.900000000000002,10,7,SET 10 CARDS PERFECT POST 17090,0,0,0,24.900000000000002,3511,0.9002564102564102,0.9995785020531638
15060b,24.869999999999997,3,3,FAIRY CAKE DESIGN UMBRELLA,0,0,0,24.869999999999997,3512,0.9005128205128206,0.9995809234255906
85034a,24.869999999999997,3,3,3 GARDENIA MORRIS BOXED CANDLES,0,0,0,24.869999999999997,3513,0.9007692307692308,0.9995833447980175
85115B,24.869999999999997,3,1,S/4 BLACK DISCO PARTITION PANEL,0,0,0,24.869999999999997,3514,0.901025641025641,0.9995857661704443
85132c,24.869999999999997,3,3,CHARLIE AND LOLA FIGURES TINS,0,0,0,24.869999999999997,3515,0.9012820512820513,0.999588187542871
90043,24.810000000000002,4,2,COPPER AND BRASS BAG CHARM,0,0,0,24.810000000000002,3516,0.9015384615384615,0.9995906030736275
90059C,24.79,15,10,DIAMANTE HAIR GRIP PACK/2 MONTANA,9.899999999999999,6,0.39935457845905603,14.89,3517,0.9017948717948718,0.9995930166571604
90214B,24.77,37,22,"LETTER ""B"" BLING KEY RING",0,0,0,24.77,3518,0.902051282051282,0.9995954282934697
20820,24.75,5,2,SILVER LOOKING MIRROR,0,0,0,24.75,3519,0.9023076923076923,0.9995978379825555
84854,24.75,5,1,GIRLY PINK TOOL SET,0,0,0,24.75,3520,0.9025641025641026,0.9996002476716415
90141E,24.75,5,2,ORANGE PENDANT TRIPLE SHELL NECKLAC,0,0,0,24.75,3521,0.9028205128205128,0.9996026573607273
20778,24.749999999999996,15,8,GARDEN PATH NOTEBOOK,0,0,0,24.749999999999996,3522,0.9030769230769231,0.9996050670498131
84993B,24.36,58,18,75 BLACK PETIT FOUR CASES,0,0,0,24.36,3523,0.9033333333333333,0.9996074387680406
90076,24.119999999999997,9,4,MONTANA DIAMOND CLUSTER EARRINGS,2.55,1,0.10572139303482588,21.569999999999997,3524,0.9035897435897436,0.9996097871195861
47503J,23.85,3,2,SET/3 FLORAL GARDEN TOOLS IN BAG,0,0,0,23.85,3525,0.9038461538461539,0.9996121091836142
84562A,23.85,3,3,PINK/WHITE RIBBED MELAMINE JUG,0,0,0,23.85,3526,0.9041025641025641,0.9996144312476424
21357,23.75,19,10,TOAST ITS - DINOSAUR,0,0,0,23.75,3527,0.9043589743589744,0.9996167435755531
35909A,23.6,8,3,RABBIT EASTER DECORATION,0,0,0,23.6,3528,0.9046153846153846,0.9996190412992874
35909B,23.6,8,2,PINK FLOWERS RABBIT EASTER,0,0,0,23.6,3529,0.9048717948717949,0.9996213390230217
90083,23.47,25,9,CRYSTAL CZECH CROSS PHONE CHARM,0,0,0,23.47,3530,0.9051282051282051,0.9996236240898034
90176C,23.32,3,2,DIAMANTE NECKLACE,0,0,0,23.32,3531,0.9053846153846153,0.9996258945524088
23623,23.28,8,6,SET 10 CARD CHRISTMAS WELCOME 17112,0,0,0,23.28,3532,0.9056410256410257,0.999628161120567
90182A,23.2,8,8,AMBER 3 BEAD DROP EARRINGS,0,0,0,23.2,3533,0.9058974358974359,0.9996304198998314
90104,23.16,28,12,PURPLE FRANGIPANI HAIRCLIP,0,0,0,23.16,3534,0.9061538461538462,0.9996326747846487
85195,23.1,11,3,HANGING HEART BASKET,0,0,0,23.1,3535,0.9064102564102564,0.9996349238277955
85206B,23.099999999999998,14,4,PINK FELT EASTER EGG BASKET,0,0,0,23.099999999999998,3536,0.9066666666666666,0.9996371728709422
22351,23.089999999999996,13,2,DOTCOMGIFTSHOP TEA TOWEL,0,0,0,23.089999999999996,3537,0.9069230769230769,0.9996394209404772
90214Y,22.839999999999996,66,8,"LETTER ""Y"" BLING KEY RING",0,0,0,22.839999999999996,3538,0.9071794871794872,0.9996416446697185
90054,22.58,9,9,CRACKED GLAZE EARRINGS RED,0,0,0,22.58,3539,0.9074358974358975,0.9996438430850542
90039C,22.48,6,6,FIRE POLISHED GLASS BRACELET BLACK,0,0,0,22.48,3540,0.9076923076923077,0.9996460317642724
90176A,22.48,3,2,CLASSIC DIAMANTE NECKLACE JET,7.5,1,0.33362989323843417,14.98,3541,0.9079487179487179,0.9996482204434906
23640,22.410000000000004,9,8,SET 10 CARDS SCOTTIE DOG 17211,0,0,0,22.410000000000004,3542,0.9082051282051282,0.9996504023074265
23645,22.410000000000004,9,4,SET 10 CHRISTMAS CARDS HOHOHO 16956,0,0,0,22.410000000000004,3543,0.9084615384615384,0.9996525841713624
21018,22.06,24,6,BIRD BOX CHRISTMAS TREE DECORATION,0,0,0,22.06,3544,0.9087179487179488,0.9996547319588869
90035C,21.5,2,1,"PEARL & SHELL 42""NECKL. IVORY",0,0,0,21.5,3545,0.908974358974359,0.9996568252241533
84387A,21.45,11,1,BIRD ON BRANCH CANVAS SCREEN,0,0,0,21.45,3546,0.9092307692307692,0.9996589136213612
84551,21.449999999999996,13,2,CROCHET DOG KEYRING,0,0,0,21.449999999999996,3547,0.9094871794871795,0.9996610020185689
20695,21.25,5,4,FLORAL BLUE MONSTER,0,0,0,21.25,3548,0.9097435897435897,0.9996630709435416
90001B,21.15,5,3,ANTIQUE MID BLUE FLOWER EARRINGS,0,0,0,21.15,3549,0.91,0.9996651301323968
90001C,21.130000000000003,5,5,ANTIQUE OPAL WHITE FLOWER EARRINGS,0,0,0,21.130000000000003,3550,0.9102564102564102,0.9996671873740284
90125E,21.05,11,10,AMBER BERTIE GLASS BEAD BAG CHARM,0,0,0,21.05,3551,0.9105128205128206,0.999669236826766
16169P,21,50,2,WRAP GREEN RUSSIAN FOLKART,0,0,0,21,3552,0.9107692307692308,0.9996712814114449
23692,21,50,2,WRAP A PRETTY THANK YOU,0,0,0,21,3553,0.911025641025641,0.9996733259961238
90001A,20.950000000000003,5,4,ANTIQUE RASPBERRY FLOWER EARRINGS,0,0,0,20.950000000000003,3554,0.9112820512820513,0.9996753657127438
17001,20.88,72,1,HEAVENS SCENT FRAGRANCE OILS ASSTD,0,0,0,20.88,3555,0.9115384615384615,0.9996773986140819
47518f,20.73,5,5,ICON PLACEMAT POP ART ELVIS,0,0,0,20.73,3556,0.9117948717948718,0.9996794169112435
46776a,20.65,5,1,WOVEN BUBBLE GUM CUSHION COVER,0,0,0,20.65,3557,0.912051282051282,0.9996814274195112
90141D,20.36,4,2,ROSE PENDANT TRIPLE SHELL NECKLACE,0,0,0,20.36,3558,0.9123076923076923,0.9996834096930378
90214P,20.23,39,16,"LETTER ""P"" BLING KEY RING",0,0,0,20.23,3559,0.9125641025641026,0.9996853793096119
90034,20.17,2,2,WHITE SILVER NECKLACE SHELL GLASS,0,0,0,20.17,3560,0.9128205128205128,0.9996873430845153
84415B,20,8,3,BLUE FLOCK CUSHION COVER,0,0,0,20,3561,0.9130769230769231,0.999689290308019
23601,19.92,8,4,SET 10 CARDS SNOWY SNOWDROPS  17100,0,0,0,19.92,3562,0.9133333333333333,0.9996912297426287
23616,19.92,8,7,SET 10 CARDS JINGLE BELLS 17217,0,0,0,19.92,3563,0.9135897435897435,0.9996931691772384
23646,19.92,8,5,SET 10 CARDS JINGLE BELLS 16957,0,0,0,19.92,3564,0.9138461538461539,0.9996951086118481
21681,19.9,2,2,GIANT MEDINA STAMPED METAL BOWL,0,0,0,19.9,3565,0.9141025641025641,0.9996970460992344
35817P,19.86,18,2,"ACRYLIC JEWEL SNOWFLAKE,PINK",0,0,0,19.86,3566,0.9143589743589744,0.9996989796921735
37491A,19.81,6,4,YELLOW/PINK CERAMIC CANDLE HOLDER,0,0,0,19.81,3567,0.9146153846153846,0.999700908417054
90156,19.8,4,3,RESIN BRACELET W PASTEL BEADS,0,0,0,19.8,3568,0.9148717948717948,0.9997028361683226
85024C,19.799999999999997,12,9,PINK SMALL JEWELLED PHOTOFRAME,1.65,1,0.08333333333333334,18.15,3569,0.9151282051282051,0.9997047639195913
37487B,19.72,68,2,YELLOW/ORANGE FLOWER DESIGN PLATE,0,0,0,19.72,3570,0.9153846153846154,0.9997066838819658
85028L,19.5,10,4,FRENCH CHATEAU LARGE FRUIT BOWL,0,0,0,19.5,3571,0.9156410256410257,0.9997085824248819
79062D,19.4,52,4,"RETRO TIN ASHTRAY,REVOLUTIONARY",0,0,0,19.4,3572,0.9158974358974359,0.9997104712316806
85047,19.049999999999997,3,2,WHITE BEADED GARLAND STRING 20LIGHT,18.25,3,0.9580052493438321,0.7999999999999972,3573,0.9161538461538462,0.9997123259620679
21416,18.75,5,4,CLAM SHELL LARGE,0,0,0,18.75,3574,0.9164102564102564,0.9997141514841026
21538,18.75,5,2,DAIRY MAID  PUDDING BOWL,0,0,0,18.75,3575,0.9166666666666666,0.9997159770061373
44092C,18.7,22,8,PURPLE/COPPER HANGING LAMPSHADE,0,0,0,18.7,3576,0.916923076923077,0.9997177976601133
84856S,18.6,4,1,SMALL TAHITI BEACH BAG,3.81,1,0.20483870967741935,14.790000000000001,3577,0.9171794871794872,0.9997196085779717
90041,18.27,5,4,PEARL AND CHERRY QUARTZ BRACLET,0,0,0,18.27,3578,0.9174358974358975,0.9997213873666424
35607B,18.240000000000002,96,7,BLACK FEATHER CHRISTMAS DECORATION,0,0,0,18.240000000000002,3579,0.9176923076923077,0.9997231632344779
72821,18.15,11,4,CUPID SCENTED CANDLE IN GLASS,0,0,0,18.15,3580,0.9179487179487179,0.9997249303398074
21661,17.85,3,3,VINTAGE GLASS TEA CADDY,0,0,0,17.85,3581,0.9182051282051282,0.9997266682367845
90060D,17.85,3,3,FIRE POLISHED GLASS NECKL BRONZE,0,0,0,17.85,3582,0.9184615384615384,0.9997284061337616
84856L,17.82,2,2,LARGE TAHITI BEACH BAG,0,0,0,17.82,3583,0.9187179487179488,0.9997301411099033
20935,17.700000000000003,6,4,ROUND CACTUS CANDLE,0,0,0,17.700000000000003,3584,0.918974358974359,0.9997318644027041
90162A,17.700000000000003,6,1,ANT SILVER TURQUOISE BOUDICCA RING,0,0,0,17.700000000000003,3585,0.9192307692307692,0.9997335876955048
90027A,17.66,6,3,GLASS BEAD HOOP EARRINGS BLACK,0,0,0,17.66,3586,0.9194871794871795,0.9997353070938586
90179B,17.59,3,3,PURPLE FINE BEAD NECKLACE W TASSEL,0,0,0,17.59,3587,0.9197435897435897,0.9997370196769301
84596b,17.57,7,5,SMALL DOLLY MIX DESIGN ORANGE BOWL,0,0,0,17.57,3588,0.92,0.9997387303127782
90011A,17.509999999999998,6,6,MIDNIGHT BLUE CRYSTAL DROP EARRINGS,0,0,0,17.509999999999998,3589,0.9202564102564103,0.9997404351069556
79331,17.5,26,3,PINK FLOCK GLASS CANDLEHOLDER,0,0,0,17.5,3590,0.9205128205128205,0.9997421389275214
90130A,17.5,6,6,WHITE STONE/CRYSTAL EARRINGS,0,0,0,17.5,3591,0.9207692307692308,0.9997438427480871
35597D,17.48,46,2,PINK/WHITE CHRISTMAS TREE 30CM,0,0,0,17.48,3592,0.921025641025641,0.9997455446214294
23627,17.43,7,2,SET 10 CARDS XMAS GRAPHIC  17218,0,0,0,17.43,3593,0.9212820512820513,0.9997472416267128
37489D,17.16,40,16,PINK/GREEN FLOWER DESIGN BIG MUG,0,0,0,17.16,3594,0.9215384615384615,0.999748912344479
35645,17,4,3,VINTAGE BEAD PINK JEWEL BOX,0,0,0,17,3595,0.9217948717948717,0.9997505674844572
47574B,17,4,2,ENGLISH ROSE SCENTED HANGING HEART,0,0,0,17,3596,0.9220512820512821,0.9997522226244353
85084,17,20,7,HOLLY TOP CHRISTMAS STOCKING,0,0,0,17,3597,0.9223076923076923,0.9997538777644135
90026A,17,2,1,GLASS BEAD HOOP NECKLACE BLACK,0,0,0,17,3598,0.9225641025641026,0.9997555329043917
21120,16.98,1,1,*Boombox Ipod Classic,0,0,0,16.98,3599,0.9228205128205128,0.9997571860971464
20954,16.94,2,2,*USB Office Mirror Ball,0,0,0,16.94,3600,0.9230769230769231,0.999758835395454
21595,16.94,2,2,Dad's Cab Electronic Meter,0,0,0,16.94,3601,0.9233333333333333,0.9997604846937617
85035a,16.94,2,2,GARDENIA 3 WICK MORRIS BOXED CANDLE,0,0,0,16.94,3602,0.9235897435897436,0.9997621339920693
90024D,16.82,2,2,NEW BAROQUE B'FLY NECKLACE PINK,0,0,0,16.82,3603,0.9238461538461539,0.9997637716070359
90024E,16.810000000000002,2,2,NEW BAROQUE B'FLY NECKLACE MONTANA,0,0,0,16.810000000000002,3604,0.9241025641025641,0.9997654082483907
21144,16.8,5,2,PINK POODLE HANGING DECORATION,4.5600000000000005,12,0.27142857142857146,12.24,3605,0.9243589743589744,0.9997670439161338
37489B,16.77,31,12,BLUE/YELLOW FLOWER DESIGN BIG MUG,0,0,0,16.77,3606,0.9246153846153846,0.9997686766630417
23644,16.65,5,5,SET 10 CARDS CHRISTMAS TREE 16955,0,0,0,16.65,3607,0.9248717948717948,0.9997702977266085
84031a,16.63,1,1,CHARLIE+LOLA RED HOT WATER BOTTLE,0,0,0,16.63,3608,0.92512820512820515,0.999771916842952
84031b,16.63,1,1,CHARLIE LOLA BLUE HOT WATER BOTTLE,0,0,0,16.63,3609,0.9253846153846154,0.9997735359592952
85036a,16.58,2,1,GARDENIA 1 WICK MORRIS BOXED CANDLE,0,0,0,16.58,3610,0.9256410256410257,0.9997751502075798
90137,16.310000000000002,3,3,PINK COMBO MINI CRYSTALS NECKLACE,0,0,0,16.310000000000002,3611,0.9258974358974359,0.9997767381683471
16248B,16.25,13,7,BLUE HOLE PUNCH,0,0,0,16.25,3612,0.9261538461538461,0.9997783202874438
35647,16.25,13,2,VINTAGE BEAD PINK SHADE,0,0,0,16.25,3613,0.9264102564102564,0.9997799024065406
90089,16.22,32,9,PINK CRYSTAL SKULL PHONE CHARM,0,0,0,16.22,3614,0.9266666666666666,0.9997814816048021
85160a,16.13,1,1,WHITE BIRD GARDEN DESIGN MUG,0,0,0,16.13,3615,0.926923076923077,0.9997830520405578
90214V,15.979999999999999,26,14,"LETTER ""V"" BLING KEY RING",0,0,0,15.979999999999999,3616,0.9271794871794872,0.9997846078721373
72815,15.97,3,2,3 WICK CHRISTMAS BRIAR CANDLE,15,4,0.939261114589856,0.9700000000000006,3617,0.9274358974358974,0.9997861627301049
84795C,15.9,2,1,OCEAN STRIPE HAMMOCK,0,0,0,15.9,3618,0.9276923076923077,0.9997877107727904
85136B,15.9,2,2,BLUE SHARK HELICOPTER,0,0,0,15.9,3619,0.9279487179487179,0.9997892588154759
20816,15.6,8,2,GOLD FLOWER CUSHION COVER,0,0,0,15.6,3620,0.9282051282051282,0.9997907776498087
78034B,15.6,8,6,BLUE NETTING STORAGE HANGER,0,0,0,15.6,3621,0.9284615384615384,0.9997922964841416
90214F,15.43,27,15,"LETTER ""F"" BLING KEY RING",0,0,0,15.43,3622,0.9287179487179488,0.9997937987670749
84989A,15.400000000000002,28,17,75 GREEN FAIRY CAKE CASES,0,0,0,15.400000000000002,3623,0.928974358974359,0.9997952981291726
90132,15.16,3,3,LIGHT TOPAZ TEAL/AQUA COL NECKLACE,0,0,0,15.16,3624,0.9292307692307692,0.9997967741245884
72024U,15.120000000000001,72,3,LILAC VOTIVE CANDLE,0,0,0,15.120000000000001,3625,0.9294871794871795,0.9997982462255574
90140,15.120000000000001,2,2,PINK SWEETIE NECKLACE,0,0,0,15.120000000000001,3626,0.9297435897435897,0.999799718326526
84660b,15.08,2,2,BLACK STITCHED WALL CLOCK,0,0,0,15.08,3627,0.93,0.9998011865330478
35610A,15.02,10,3,PINK CHRISTMAS FLOCK DROPLET,0,0,0,15.02,3628,0.9302564102564103,0.999802648897899
17191A,15,4,2,ROSE FLOWER CANDLE+INCENSE 16X16CM,0,0,0,15,3629,0.9305128205128205,0.9998041093155269
23449,15,12,1,SET OF 6 EASTER RAINBOW CHICKS,0,0,0,15,3630,0.9307692307692308,0.9998055697331547
84415A,15,12,2,PINK FLOCK SUEDE CUSHION COVER,0,0,0,15,3631,0.931025641025641,0.9998070301507824
84462,15,12,6,3 PINK HEN+CHICKS IN BASKET,0,0,0,15,3632,0.9312820512820513,0.9998084905684103
84705C,15,12,1,PINK FLOCK PHOTO FRAME,0,0,0,15,3633,0.9315384615384615,0.999809950986038
90069,15,2,1,RUBY GLASS CLUSTER NECKLACE,0,0,0,15,3634,0.9317948717948717,0.9998114114036658
90078,15,2,1,PINK/WHITE GLASS DEMI CHOKER,0,0,0,15,3635,0.9320512820512821,0.9998128718212935
90189A,15,2,2,SILVER 2 STRAND NECKLACE-LEAF CHARM,0,0,0,15,3636,0.9323076923076923,0.9998143322389214
90025F,14.96,4,4,BAROQUE BUTTERFLY EARRINGS CRYSTAL,0,0,0,14.96,3637,0.9325641025641026,0.9998157887621022
23621,14.940000000000001,6,4,SET 10 CARDS DAVID'S MADONNA 17074,0,0,0,14.940000000000001,3638,0.9328205128205128,0.9998172433380594
84509g,14.92,2,2,SET OF 4 FAIRY CAKE PLACEMATS,0,0,0,14.92,3639,0.933076923076923,0.9998186959667932
85031C,14.850000000000001,3,1,CURIOUS IMAGES SCRAP BOOK SET,0,0,0,14.850000000000001,3640,0.9333333333333333,0.9998201417802447
90046,14.850000000000001,3,1,WHITE WITH METAL BAG CHARM,0,0,0,14.850000000000001,3641,0.9335897435897436,0.9998215875936963
90048,14.850000000000001,3,1,GREEN WITH METAL BAG CHARM,0,0,0,14.850000000000001,3642,0.9338461538461539,0.9998230334071477
84593,14.750000000000002,5,1,CROCHET ROSE DES CLOTHES HANGER,0,0,0,14.750000000000002,3643,0.9341025641025641,0.9998244694844818
23634,14.55,5,5,SET 10 CARDS XMAS CHOIR 17068,0,0,0,14.55,3644,0.9343589743589743,0.9998258860895806
16202B,14.5,29,2,PASTEL BLUE PHOTO ALBUM,0,0,0,14.5,3645,0.9346153846153846,0.9998272978266208
90027C,14.5,5,5,GLASS BEAD HOOP EARRINGS GREEN,0,0,0,14.5,3646,0.9348717948717948,0.999828709563661
90182B,14.5,5,5,AMETHYST 3 BEAD DROP EARRINGS,0,0,0,14.5,3647,0.9351282051282052,0.9998301213007011
37489A,14.43,33,14,YELLOW/PINK FLOWER DESIGN BIG MUG,0,0,0,14.43,3648,0.9353846153846154,0.9998315262224593
47593A,14.37,33,12,CAROUSEL PONIES BABY BIB,0,0,0,14.37,3649,0.9356410256410257,0.9998329253025466
90052,14.14,2,2,CRACKED GLAZE NECKLACE BROWN,0,0,0,14.14,3650,0.9358974358974359,0.9998343019895638
62043B,14.11,17,5,BLUE CHECK BAG W HANDLE 34X20CM,0.83,1,0.058823529411764705,13.28,3651,0.9361538461538461,0.9998356757557456
79336,13.680000000000001,36,3,LIGHT PINK FLOCK GLASS CANDLEHOLDER,0,0,0,13.680000000000001,3652,0.9364102564102564,0.9998370076566221
37489C,13.65,23,8,GREEN/BLUE FLOWER DESIGN BIG MUG,0,0,0,13.65,3653,0.9366666666666666,0.9998383366366634
85017A,13.58,16,8,ENVELOPE 50 ROMANTIC IMAGES,0,0,0,13.58,3654,0.936923076923077,0.9998396588014224
90065B,13.5,2,2,BLACK VINT ART DEC CRYSTAL BRACELET,0,0,0,13.5,3655,0.9371794871794872,0.9998409731772874
90214T,13.459999999999999,24,11,"LETTER ""T"" BLING KEY RING",0,0,0,13.459999999999999,3656,0.9374358974358974,0.9998422836587053
84745A,13.44,32,5,PINK HANGING GINGHAM EASTER HEN,0,0,0,13.44,3657,0.9376923076923077,0.9998435921929
84745B,13.44,32,5,BLUE HANGING GINGHAM EASTER HEN,0,0,0,13.44,3658,0.9379487179487179,0.9998449007270944
23639,13.32,4,4,SET 10 CARDS MAGICAL TREE 17086,0,0,0,13.32,3659,0.9382051282051282,0.9998461975779479
23607,13.28,8,7,SET 10 CARDS HATS & STOCKINGS 17081,0,0,0,13.28,3660,0.9384615384615385,0.9998474905343543
37491C,13.2,8,1,GREEN/BLUE CERAMIC CANDLE HOLDER,0,0,0,13.2,3661,0.9387179487179487,0.9998487757018668
84388,13.14,24,6,WISE MAN STAR SHAPE EGG PAN,0,0,0,13.14,3662,0.938974358974359,0.9998500550277086
37462E,13.1,36,12,"PET MUG, GOLDFISH",0,0,0,13.1,3663,0.9392307692307692,0.9998513304591036
16162L,13,20,8,THE KING GIFT BAG,0,0,0,13,3664,0.9394871794871795,0.9998525961543809
47013C,12.969999999999999,52,12,WINE BOTTLE DRESSING DARK BLUE,1.44,12,0.11102544333076331,11.53,3665,0.9397435897435897,0.9998538589288232
18097A,12.75,5,4,PINK TALL PORCELAIN T-LIGHT HOLDER,0,0,0,12.75,3666,0.94,0.9998551002838068
21895,12.72,2,2,POTTING SHED SOW 'N' GROW SET,0,0,0,12.72,3667,0.9402564102564103,0.9998563387179552
90042C,12.7,5,5,FRESHWATER PEARL BRACELET IVORY,0,0,0,12.7,3668,0.9405128205128205,0.9998575752048801
90055,12.53,5,5,CRACKED GLAZE EARRINGS BROWN,0,0,0,12.53,3669,0.9407692307692308,0.9998587951404052
90037C,12.52,5,5,TINY CRYSTAL BRACELET BLUE,0,0,0,12.52,3670,0.941025641025641,0.9998600141023185
20671,12.5,10,2,BLUE TEATIME PRINT BOWL,0,0,0,12.5,3671,0.9412820512820513,0.9998612311170083
23635,12.48,3,3,SET 10 CARDS CHRISTMAS HOLLY  17259,0,0,0,12.48,3672,0.9415384615384615,0.9998624461844746
90020,12.48,1,1,FILIGREE DIAMANTE CHAIN,0,0,0,12.48,3673,0.9417948717948718,0.9998636612519408
23654,12.450000000000001,5,4,SET 10 CARD SNOWMAN 16965,0,0,0,12.450000000000001,3674,0.9420512820512821,0.999864873398572
82613c,12.399999999999999,5,4,"METAL SIGN,CUPCAKE SINGLE HOOK",0,0,0,12.399999999999999,3675,0.9423076923076923,0.9998660806771441
17164B,12.18,29,9,ASS COL SMALL SAND GECKO P'WEIGHT,0,0,0,12.18,3676,0.9425641025641026,0.999867266536258
79329,12.18,12,2,PINK FLOCK GLASS CANDLEHOLDER,0,0,0,12.18,3677,0.9428205128205128,0.9998684523953718
84016,12.16,27,2,FLAG OF ST GEORGE CAR FLAG,0,0,0,12.16,3678,0.943076923076923,0.9998696363072621
90021,11.95,1,1,LASER CUT MULTI STRAND NECKLACE,0,0,0,11.95,3679,0.9433333333333334,0.9998707997733054
90178B,11.95,1,1,PURPLE CHUNKY GLASS+BEAD NECKLACE,0,0,0,11.95,3680,0.9435897435897436,0.999871963239349
84614A,11.9,2,1,PINK BAROQUE FLOCK CANDLE HOLDER,0,0,0,11.9,3681,0.9438461538461539,0.9998731218373336
84620,11.9,2,1,BLUE GINGHAM ROSE CUSHION COVER,0,0,0,11.9,3682,0.9441025641025641,0.9998742804353183
44092B,11.899999999999999,14,5,BLUE WHITE PLASTIC RINGS LAMPSHADE,0,0,0,11.899999999999999,3683,0.9443589743589743,0.9998754390333031
90214Z,11.84,22,10,"LETTER ""Z"" BLING KEY RING",0,0,0,11.84,3684,0.9446153846153846,0.9998765917896173
37444B,11.8,4,3,BLUE BREAKFAST CUP AND SAUCER,0,0,0,11.8,3685,0.9448717948717948,0.9998777406514845
35818B,11.780000000000001,31,3,"ACRYLIC JEWEL ICICLE, BLUE",0,0,0,11.780000000000001,3686,0.9451282051282052,0.9998788875661281
16162M,11.76,28,8,THE KING GIFT BAG 25x24x12cm,0,0,0,11.76,3687,0.9453846153846154,0.9998800325335483
16043,11.759999999999998,98,2,POP ART PUSH DOWN RUBBER,0,0,0,11.759999999999998,3688,0.9456410256410256,0.9998811775009685
23605,11.64,4,1,SET 10 CARDS 12 DAYS OF XMAS 17059,0,0,0,11.64,3689,0.9458974358974359,0.9998823107850476
23608,11.64,4,3,SET 10 CARDS RUDOLPHS NOSE 17097,0,0,0,11.64,3690,0.9461538461538461,0.9998834440691269
85184c,11.58,2,2,SET 4 VALENTINE DECOUPAGE HEART BOX,0,0,0,11.58,3691,0.9464102564102564,0.9998845715115355
71050,11.549999999999999,33,6,SMALL SINGLE FLAME CANDLE HOLDER,0,0,0,11.549999999999999,3692,0.9466666666666667,0.9998856960331088
72798C,11.549999999999999,7,3,SET/4 GARDEN ROSE DINNER CANDLE,0,0,0,11.549999999999999,3693,0.946923076923077,0.9998868205546823
90152B,11.46,2,2,BLUE/GREEN SHELL NECKLACE W PENDANT,0,0,0,11.46,3694,0.9471794871794872,0.9998879363137498
90025D,11.19,3,3,BAROQUE BUTTERFLY EARRINGS PINK,0,0,0,11.19,3695,0.9474358974358974,0.9998890257853003
84536a,11.060000000000002,14,4,ENGLISH ROSE NOTEBOOK A7 SIZE,0,0,0,11.060000000000002,3696,0.9476923076923077,0.9998901025998977
37488A,10.92,28,3,YELLOW PINK FLOWER DESIGN BIG BOWL,0,0,0,10.92,3697,0.9479487179487179,0.9998911657839307
79026B,10.61,25,9,"S/4 ICON COASTER,ELVIS LIVES",0,0,0,10.61,3698,0.9482051282051283,0.9998921987859996
16161M,10.5,25,1,WRAP  PINK FLOCK,0,0,0,10.5,3699,0.9484615384615385,0.999893221078339
16169N,10.5,25,1,WRAP BLUE RUSSIAN FOLKART,0,0,0,10.5,3700,0.9487179487179487,0.9998942433706784
35966,10.260000000000002,27,2,FOLKART CHRISTMAS TREE T-LIGHT HOLD,0,0,0,10.260000000000002,3701,0.948974358974359,0.9998952422963359
35958,10.2,12,3,FOLKART ZINC STAR CHRISTMAS DEC,0,0,0,10.2,3702,0.9492307692307692,0.9998962353803227
40005B,10.2,12,4,BLUE ORGANDY ROUND LAMPSHADE W BEA,0,0,0,10.2,3703,0.9494871794871795,0.9998972284643096
85109,10.2,12,1,PINK BOUDOIR T-LIGHT HOLDER,0,0,0,10.2,3704,0.9497435897435897,0.9998982215482964
44089C,10.08,24,6,LILAC GAUZE BUTTERFLY LAMPSHADE,0,0,0,10.08,3705,0.95,0.9998992029489423
90053,9.99,4,4,CRACKED GLAZE EARRINGS IVORY,0,0,0,9.99,3706,0.9502564102564103,0.9999001755870824
23615,9.96,4,4,SET 10 CARDS PRINTED GRAPHIC 17219,0,0,0,9.96,3707,0.9505128205128205,0.9999011453043872
23619,9.96,4,2,SET 10 CARDS POINSETTIA 17093,0,0,0,9.96,3708,0.9507692307692308,0.9999021150216921
23624,9.96,4,4,SET 10 CARD PERFECT NATIVITY 17089,0,0,0,9.96,3709,0.951025641025641,0.9999030847389969
23650,9.96,4,4,SET 10 CARDS FILIGREE BAUBLE 16961,0,0,0,9.96,3710,0.9512820512820512,0.9999040544563018
37474,9.95,1,1,SET/4 2 TONE EGG SHAPE MIXING BOWLS,0,0,0,9.95,3711,0.9515384615384616,0.9999050231999949
84689,9.95,3,2,S/2 BEACH HUT TREASURE CHESTS,0,0,0,9.95,3712,0.9517948717948718,0.9999059919436881
82613b,9.94,4,4,"METAL SIGN,CUPCAKE SINGLE HOOK",0,0,0,9.94,3713,0.9520512820512821,0.9999069597137694
37491D,9.879999999999999,4,2,PURPLE/BLUE CERAMIC CANDLE HOLDER,0,0,0,9.879999999999999,3714,0.9523076923076923,0.9999079216421801
85231g,9.78,6,6,ORANGE SCENTED SET/9 T-LIGHTS,0,0,0,9.78,3715,0.9525641025641025,0.9999088738344736
44242A,9.48,12,1,LILAC FEATHERS CURTAIN,0,0,0,9.48,3716,0.9528205128205128,0.9999097968184143
23441,9.24,22,3,HAND PAINTED HANGING EASTER EGG,0,0,0,9.24,3717,0.953076923076923,0.9999106964356729
35809B,9.18,8,3,ENAMEL BLUE RIM TEA CONTAINER,0,0,0,9.18,3718,0.9533333333333334,0.9999115902112612
90181C,9.15,1,1,BLACK GLASS/SHELL/PEARL NECKLACE,0,0,0,9.15,3719,0.9535897435897436,0.999912481066014
90184c,9.15,1,1,BLACK CHUNKY BEAD BRACELET W STRAP,0,0,0,9.15,3720,0.9538461538461539,0.999913371920767
37351,9.06,10,2,ORANGE FLOWER MUG,0,0,0,9.06,3721,0.9541025641025641,0.9999142540130143
81950V,8.889999999999999,21,6,FLOWER PURPLE CLOCK WITH SUCKER,0,0,0,8.889999999999999,3722,0.9543589743589743,0.9999151195538617
20906,8.850000000000001,3,2,VINTAGE NOTEBOOK BEAUTY GIRL,0,0,0,8.850000000000001,3723,0.9546153846153846,0.999915981200262
45013,8.850000000000001,3,2,FOLDING SHOE TIDY,0,0,0,8.850000000000001,3724,0.9548717948717949,0.9999168428466624
84773,8.850000000000001,3,1,RED ROSE AND LACE C/COVER,0,0,0,8.850000000000001,3725,0.9551282051282052,0.9999177044930627
90077,8.82,3,3,BLACK DIAMOND CLUSTER EARRINGS,0,0,0,8.82,3726,0.9553846153846154,0.9999185632186279
90011D,8.76,3,3,PURPLE CRYSTAL DROP EARRINGS,0,0,0,8.76,3727,0.9556410256410256,0.9999194161025226
90011E,8.76,3,3,AMBER CRYSTAL DROP EARRINGS,0,0,0,8.76,3728,0.9558974358974359,0.9999202689864172
90027B,8.76,3,3,GLASS BEAD HOOP EARRINGS MONTANA,0,0,0,8.76,3729,0.9561538461538461,0.9999211218703118
16206B,8.75,7,2,RED PURSE WITH PINK HEART,0,0,0,8.75,3730,0.9564102564102565,0.9999219737805947
90130D,8.7,3,3,RED STONE/CRYSTAL EARRINGS,0,0,0,8.7,3731,0.9566666666666667,0.9999228208228188
84732B,8.58,22,2,CUTE BIRD CEATURE SCREEN,0,0,0,8.58,3732,0.9569230769230769,0.999923656181702
44265,8.5,2,1,M/COLOUR POM-POM CURTAIN,0,0,0,8.5,3733,0.9571794871794872,0.999924483751691
90102,8.5,10,1,WHITE FRANGIPANI HAIR CLIP,0,0,0,8.5,3734,0.9574358974358974,0.99992531132168
90167,8.5,10,1,BEADED LOVE HEART JEWELLERY SET,0,0,0,8.5,3735,0.9576923076923077,0.9999261388916691
21410,8.47,1,1,COUNTRY COTTAGE  DOORSTOP GREEN,0,0,0,8.47,3736,0.9579487179487179,0.9999269635408229
72803b,8.47,1,1,OCEAN SCENT CANDLE JEWELLED DRAWER,0,0,0,8.47,3737,0.9582051282051282,0.9999277881899767
85035b,8.47,1,1,CHOCOLATE 3 WICK MORRIS BOX CANDLE,0,0,0,8.47,3738,0.9584615384615385,0.9999286128391306
85035c,8.47,1,1,ROSE 3 WICK MORRIS BOX CANDLE,0,0,0,8.47,3739,0.9587179487179487,0.9999294374882843
85036b,8.47,1,1,CHOCOLATE 1 WICK MORRIS BOX CANDLE,0,0,0,8.47,3740,0.958974358974359,0.9999302621374382
84975,8.45,5,2,HEART SHAPED MIRROR,0,0,0,8.45,3741,0.9592307692307692,0.9999310848393684
20871,8.42,2,1,OPULENT VELVET SET/3 CANDLES,0,0,0,8.42,3742,0.9594871794871795,0.9999319046204636
21594,8.34,2,2,Dr. Jam's Arouzer Stress Ball,0,0,0,8.34,3743,0.9597435897435898,0.9999327166126647
23612,8.299999999999999,5,2,SET 10 MINICARDS CUTE SNOWMAN 17071,0,0,0,8.299999999999999,3744,0.96,0.9999335247104186
72802c,8.29,1,1,VANILLA SCENT CANDLE JEWELLED BOX,0,0,0,8.29,3745,0.9602564102564103,0.999934331834561
85034b,8.29,1,1,3 WHITE CHOC MORRIS BOXED CANDLES,0,0,0,8.29,3746,0.9605128205128205,0.9999351389587032
84924F,7.9,10,3,PSYCHEDELIC METAL SIGN CALENDAR,0,0,0,7.9,3747,0.9607692307692308,0.9999359081119873
16244B,7.85,7,2,MAXWELL 2 TONE BLUE 60 PAGE PHOTO A,0,0,0,7.85,3748,0.961025641025641,0.9999366723972124
35607A,7.82,26,2,PINK FLUFFY CHRISTMAS DECORATION,0,0,0,7.82,3749,0.9612820512820512,0.9999374337616024
85189,7.6499999999999995,9,3,HANGING BUTTERFLY  EGG,0,0,0,7.6499999999999995,3750,0.9615384615384616,0.9999381785745927
90042A,7.6499999999999995,3,2,FRESHWATER PEARL BRACELET GOLD,0,0,0,7.6499999999999995,3751,0.9617948717948718,0.9999389233875828
79149B,7.5600000000000005,18,8,SILICON STAR BULB  BLUE,0,0,0,7.5600000000000005,3752,0.9620512820512821,0.9999396594380671
16202E,7.5,15,3,BLACK PHOTO ALBUM,5.55,1,0.74,1.9500000000000002,3753,0.9623076923076923,0.999940389646881
21827,7.5,6,3,EIGHT PIECE CREEPY CRAWLIE SET,0,0,0,7.5,3754,0.9625641025641025,0.9999411198556949
37379A,7.5,6,1,PINK CHERRY BLOSSOM CUP & SAUCER,0,0,0,7.5,3755,0.9628205128205128,0.9999418500645088
85160A,7.5,6,1,WHITE BIRD GARDEN DESIGN MUG,0,0,0,7.5,3756,0.963076923076923,0.9999425802733226
90025A,7.5,2,2,BAROQUE BUTTERFLY EARRINGS BLACK,0,0,0,7.5,3757,0.9633333333333334,0.9999433104821366
90068,7.5,1,1,"RUBY GLASS NECKLACE 42""",0,0,0,7.5,3758,0.9635897435897436,0.9999440406909504
23633,7.470000000000001,3,3,SET 10 CARDS WORLD CHILDREN 17067,0,0,0,7.470000000000001,3759,0.9638461538461538,0.9999447679789292
62097B,7.469999999999999,9,3,BLUE STRIPES SHOULDER BAG,0,0,0,7.469999999999999,3760,0.9641025641025641,0.9999454952669078
90128A,7.43,3,2,PINK LEAVES AND BEADS PHONE CHARM,0,0,0,7.43,3761,0.9643589743589743,0.9999462186604394
84596g,7.38,3,1,SMALL CHOCOLATES PINK BOWL,0,0,0,7.38,3762,0.9646153846153847,0.9999469371859122
71496B,7.37,13,4,A4 WALL TIDY RED FLOWERS,0,0,0,7.37,3763,0.9648717948717949,0.9999476547377735
10124G,7.14,17,4,ARMY CAMO BOOKCOVER TAPE,0,0,0,7.14,3764,0.9651282051282051,0.9999483498965641
90214O,6.819999999999999,16,5,"LETTER ""O"" BLING KEY RING",0,0,0,6.819999999999999,3765,0.9653846153846154,0.9999490138997789
90214W,6.819999999999999,16,5,"LETTER ""W"" BLING KEY RING",0,0,0,6.819999999999999,3766,0.9656410256410256,0.9999496779029937
35443,6.8,8,6,RASTA IN BATH W SPLIFF ASHTRAY,0,0,0,6.8,3767,0.9658974358974359,0.9999503399589851
84802B,6.76,4,1,PURPLE ANEMONE ARTIFICIAL FLOWER,0,0,0,6.76,3768,0.9661538461538461,0.9999509981205292
10124A,6.72,16,5,SPOTS ON RED BOOKCOVER TAPE,0,0,0,6.72,3769,0.9664102564102565,0.9999516523876264
21186,6.72,2,1,WHITE DOVE HONEYCOMB PAPER GARLAND,0,0,0,6.72,3770,0.9666666666666667,0.9999523066547237
35833G,6.72,2,1,4 GOLD FLOCK CHRISTMAS BALLS,0,0,0,6.72,3771,0.9669230769230769,0.9999529609218211
62074B,6.72,16,4,ELEPHANT CLIP W SUCTION CUP,0,0,0,6.72,3772,0.9671794871794872,0.9999536151889181
23604,6.64,4,2,SET 10 MINI SANTA & SNOWMAN  17087,0,0,0,6.64,3773,0.9674358974358974,0.9999542616671214
20678,6.6,4,1,LARGE BLACK DIAMANTE HAIRSLIDE,0,0,0,6.6,3774,0.9676923076923077,0.9999549042508776
37491B,6.6,4,1,BLUE/YELLOW CERAMIC CANDLE HOLDER,0,0,0,6.6,3775,0.967948717948718,0.9999555468346338
90126C,6.58,2,1,AMBER BERTIE MOBILE PHONE CHARM,0,0,0,6.58,3776,0.9682051282051282,0.9999561874711665
85224,6.300000000000001,3,1,ASSORTED COLOUR SILK GLASSES CASE,0,0,0,6.300000000000001,3777,0.9684615384615385,0.9999568008465702
44089A,6.3,15,4,PINK GAUZE BUTTERFLY LAMPSHADE,0,0,0,6.3,3778,0.9687179487179487,0.999957414221974
21228,6.25,5,2,"POCKET MIRROR ""GLAMOROUS""",0,0,0,6.25,3779,0.968974358974359,0.9999580227293189
35591T,6.25,5,4,TURQUOISE CHRISTMAS TREE,0,0,0,6.25,3780,0.9692307692307692,0.9999586312366638
85225,6.25,6,3,BLING KEY RING STAND,0,0,0,6.25,3781,0.9694871794871794,0.9999592397440088
23610,6.24,3,3,SET 10 CARDS CHRISTMAS ROBIN 17095,0,0,0,6.24,3782,0.9697435897435898,0.9999598472777418
90060B,5.95,1,1,FIRE POLISHED GLASS NECKL GOLD,0,0,0,5.95,3783,0.97,0.9999604265767342
90152C,5.95,1,1,BLUE/NAT SHELL NECKLACE W PENDANT,0,0,0,5.95,3784,0.9702564102564103,0.9999610058757264
84499,5.949999999999999,7,2,BLACK FLOWER CANDLE PLATE,0,0,0,5.949999999999999,3785,0.9705128205128205,0.999961585174719
35598C,5.9,2,2,WHITE CHRISTMAS TREE 60CM,0,0,0,5.9,3786,0.9707692307692307,0.9999621596056524
79161A,5.9,2,2,ST GEORGE SET OF 10 PARTY LIGHTS,0,0,0,5.9,3787,0.971025641025641,0.9999627340365861
23617,5.82,2,1,SET 10 CARDS SWIRLY XMAS TREE 17104,0,0,0,5.82,3788,0.9712820512820513,0.9999633006786256
23638,5.82,2,2,SET 10 CARDS ROBIN WATERPUMP  17096,0,0,0,5.82,3789,0.9715384615384616,0.9999638673206652
23652,5.82,2,1,SET 10 CARD CHRISTMAS STAMPS 16963,0,0,0,5.82,3790,0.9717948717948718,0.9999644339627048
90011C,5.8,2,2,GREEN CRYSTAL DROP EARRINGS,0,0,0,5.8,3791,0.9720512820512821,0.9999649986575209
90067B,5.8,2,2,BROWN VINTAGE VICTORIAN EARRINGS,0,0,0,5.8,3792,0.9723076923076923,0.999965563352337
23630,5.48,2,2,SET 10 CARDS HANGING BAUBLES 17080,2.99,1,0.5456204379562044,2.49,3793,0.9725641025641025,0.999966096891577
21839,5.45,1,1,MUMMY MOUSE RED GINGHAM RIBBON,0,0,0,5.45,3794,0.9728205128205129,0.9999666275099818
35004P,5.45,1,1,SET OF 3 PINK FLYING DUCKS,0,0,0,5.45,3795,0.9730769230769231,0.9999671581283865
81953P,5.32,28,3,ROUND ARTICULATED PINK CLOCK W/SUCK,0,0,0,5.32,3796,0.9733333333333334,0.9999676760898384
20964,5.1,2,1,POLYESTER FILLER PAD 60x40cm,0,0,0,5.1,3797,0.9735897435897436,0.999968172631832
37509,5.1,2,2,NEW ENGLAND MUG W GIFT BOX,0,0,0,5.1,3798,0.9738461538461538,0.9999686691738254
90142A,5.09,1,1,GREEN PENDANT SHELL NECKLACE,0,0,0,5.09,3799,0.9741025641025641,0.9999691647422071
84803A,5.07,3,1,PINK ALLIUM  ARTIFICIAL FLOWER,0,0,0,5.07,3800,0.9743589743589743,0.9999696583633654
22034,5.02,10,4,ROBIN CHRISTMAS CARD,5.04,12,1.00398406374502,-0.020000000000000462,3801,0.9746153846153847,0.9999701471164647
23649,4.98,2,2,SET 10 CARDS DECK THE HALLS 16960,0,0,0,4.98,3802,0.9748717948717949,0.9999706319751172
90135A,4.98,1,1,ORANGE/FUSCHIA STONES NECKLACE,0,0,0,4.98,3803,0.9751282051282051,0.9999711168337695
47593b,4.9799999999999995,6,1,SCOTTIE DOGS BABY BIB,0,0,0,4.9799999999999995,3804,0.9753846153846154,0.9999716016924219
90128C,4.97,2,2,GREEN LEAVES AND BEADS PHONE CHARM,0,0,0,4.97,3805,0.9756410256410256,0.9999720855774626
90128D,4.97,2,2,PURPLE LEAVES AND BEADS PHONE CHAR,0,0,0,4.97,3806,0.9758974358974359,0.9999725694625032
84661a,4.96,1,1,WHITE SQUARE TABLE CLOCK,0,0,0,4.96,3807,0.9761538461538461,0.9999730523739322
84661b,4.96,1,1,BLACK SQUARE TABLE CLOCK,0,0,0,4.96,3808,0.9764102564102564,0.9999735352853613
35650,4.95,1,1,VINTAGE BEAD PINK JEWEL STAND,0,0,0,4.95,3809,0.9766666666666667,0.9999740172231784
85031B,4.95,1,1,BLOSSOM IMAGES SCRAP BOOK SET,0,0,0,4.95,3810,0.9769230769230769,0.9999744991609955
90081B,4.95,1,1,LILY BROOCH WHITE/SILVER COLOUR,0,0,0,4.95,3811,0.9771794871794872,0.9999749810988127
84971l,4.92,2,1,LARGE HEART FLOWERS HOOK,0,0,0,4.92,3812,0.9774358974358974,0.9999754601157946
85049b,4.92,2,2,LUSH GREENS RIBBONS,0,0,0,4.92,3813,0.9776923076923076,0.9999759391327765
85049d,4.92,2,2,BRIGHT BLUES RIBBONS,0,0,0,4.92,3814,0.977948717948718,0.9999764181497585
85231b,4.92,3,3,CINAMMON SET OF 9 T-LIGHTS,0,0,0,4.92,3815,0.9782051282051282,0.9999768971667403
90127A,4.92,2,1,PINK BEADS+HAND PHONE CHARM,0,0,0,4.92,3816,0.9784615384615385,0.9999773761837223
84613C,4.65,1,1,BLUE NEW BAROQUE FLOCK CANDLESTICK,0,0,0,4.65,3817,0.9787179487179487,0.9999778289131869
71215,4.62,11,2,METAL BASE FOR CANDLES,0,0,0,4.62,3818,0.978974358974359,0.9999782787218162
79151B,4.62,11,2,"SILICON CUBE 25W, BLUE",0,0,0,4.62,3819,0.9792307692307692,0.9999787285304457
84206A,4.5600000000000005,24,3,3 BLACK CATS W HEARTS BLANK CARD,0,0,0,4.5600000000000005,3820,0.9794871794871794,0.9999791724974043
84732D,4.29,11,2,CUTE RABBIT CEATURE SCREEN,0,0,0,4.29,3821,0.9797435897435898,0.999979590176846
20703,4.25,1,1,BLUE PADDED SOFT MOBILE,29.75,7,7,-25.5,3822,0.98,0.9999800039618405
22218,4.25,1,1,CAKE STAND LACE WHITE,0,0,0,4.25,3823,0.9802564102564103,0.9999804177468351
79157V,4.25,5,3,UBO-LIGHT TRIOBASE PURPLE,0,0,0,4.25,3824,0.9805128205128205,0.9999808315318296
20861,4.2,2,2,GOLD COSMETIC BAG PINK STAR,0,0,0,4.2,3825,0.9807692307692307,0.9999812404487654
47016,4.2,2,1,LIGHT DECORATION BATTERY OPERATED,0,0,0,4.2,3826,0.981025641025641,0.9999816493657012
22206,4.17,5,5,"MUG , DOTCOMGIFTSHOP.COM",0,0,0,4.17,3827,0.9812820512820513,0.9999820553618017
46776b,4.13,1,1,WOVEN BERRIES CUSHION COVER,0,0,0,4.13,3828,0.9815384615384616,0.9999824574634552
46776e,4.13,1,1,WOVEN CANDY CUSHION COVER,0,0,0,4.13,3829,0.9817948717948718,0.9999828595651087
47591b,4.13,1,1,SCOTTIES CHILDRENS APRON,0,0,0,4.13,3830,0.982051282051282,0.9999832616667621
84536b,4.050000000000001,5,1,FAIRY CAKES NOTEBOOK A7 SIZE,0,0,0,4.050000000000001,3831,0.9823076923076923,0.9999836559795217
17174,3.7800000000000002,9,3,ASSTD RASTA KEY-CHAINS,0,0,0,3.7800000000000002,3832,0.9825641025641025,0.9999840240047638
44091A,3.78,9,3,BLUE CRUSOE CHECK LAMPSHADE,0,0,0,3.78,3833,0.9828205128205129,0.9999843920300061
90128B,3.76,2,2,BLUE LEAVES AND BEADS PHONE CHARM,0,0,0,3.76,3834,0.9830769230769231,0.9999847581080248
37464,3.75,3,2,ROBOT MUG IN DISPLAY BOX,0,0,0,3.75,3835,0.9833333333333333,0.9999851232124318
79192A,3.75,3,2,RETRO PLASTIC 70'S TRAY,0,0,0,3.75,3836,0.9835897435897436,0.9999854883168388
90025B,3.73,1,1,BAROQUE BUTTERFLY EARRINGS RED,0,0,0,3.73,3837,0.9838461538461538,0.9999858514740222
90025E,3.73,1,1,BAROQUE BUTTERFLY EARRINGS MONTANA,0,0,0,3.73,3838,0.9841025641025641,0.9999862146312055
35271S,3.6100000000000003,19,2,GOLD PRINT PAPER BAG,0,0,0,3.6100000000000003,3839,0.9843589743589743,0.9999865661050481
16010,3.5999999999999996,30,3,FOLDING CAMPING SCISSOR W/KNIF & S,0,0,0,3.5999999999999996,3840,0.9846153846153847,0.9999869166052787
84270,3.57,17,4,ASSTD DESIGN BUBBLE GUM RING,0,0,0,3.57,3841,0.9848717948717949,0.9999872641846741
16202A,3.5,7,2,PASTEL PINK PHOTO ALBUM,0,0,0,3.5,3842,0.9851282051282051,0.9999876049487872
90214U,3.4799999999999995,12,1,"LETTER ""U"" BLING KEY RING",0,0,0,3.4799999999999995,3843,0.9853846153846154,0.9999879437656768
79157B,3.4,4,2,UBO-LIGHT TRIOBASE BLUE,0,0,0,3.4,3844,0.9856410256410256,0.9999882747936725
84802A,3.38,2,1,WHITE ANEMONE ARTIFICIAL FLOWER,0,0,0,3.38,3845,0.985897435897436,0.9999886038744447
21160,3.36,1,1,KEEP OUT GIRLS DOOR HANGER,0,0,0,3.36,3846,0.9861538461538462,0.9999889310079932
22528,3.36,1,1,GARDENERS KNEELING PAD,0,0,0,3.36,3847,0.9864102564102564,0.9999892581415418
85119,3.36,1,1,WATERING CAN SINGLE HOOK PISTACHIO,0,0,0,3.36,3848,0.9866666666666667,0.9999895852750905
90126A,3.36,1,1,PINK BERTIE MOBILE PHONE CHARM,0,0,0,3.36,3849,0.9869230769230769,0.9999899124086391
23643,3.33,1,1,SET 10 CARDS CHRISTMAS BAUBLE 16954,0,0,0,3.33,3850,0.9871794871794872,0.9999902366213524
84534b,3.32,2,2,FAIRY CAKE NOTEBOOK A5 SIZE,0,0,0,3.32,3851,0.9874358974358974,0.9999905598604542
90187A,3.32,1,1,BLUE DROP EARRINGS W BEAD CLUSTER,0,0,0,3.32,3852,0.9876923076923076,0.9999908830995557
10123C,3.25,5,3,HEARTS WRAPPING TAPE,0,0,0,3.25,3853,0.987948717948718,0.9999911995233751
47013A,3.0399999999999996,14,4,WINE BOTTLE DRESSING LT.BLUE,0,0,0,3.0399999999999996,3854,0.9882051282051282,0.9999914955013476
23602,2.91,1,1,SET 10 CARDS 3 WISE MEN 17107,0,0,0,2.91,3855,0.9884615384615385,0.9999917788223673
23609,2.91,1,1,SET 10 CARDS SNOWY ROBIN 17099,0,0,0,2.91,3856,0.9887179487179487,0.9999920621433872
23628,2.91,1,1,SET 10 CARDS TRIANGLE ICONS  17220,0,0,0,2.91,3857,0.9889743589743589,0.999992345464407
90183c,2.9,1,1,BLACK DROP EARRINGS W LONG BEADS,0,0,0,2.9,3858,0.9892307692307692,0.9999926278118151
90100,2.55,1,1,NECKLACE+BRACELET SET PINK DAISY,0,0,0,2.55,3859,0.9894871794871795,0.9999928760828117
17028J,2.52,6,1,INCENSE BAZAAR PEACH,0,0,0,2.52,3860,0.9897435897435898,0.9999931214329733
35609A,2.51,1,1,PINK FEATHER CHRISTMAS DECORATION,0,0,0,2.51,3861,0.99,0.999993365809523
62096B,2.5,2,1,PURPLE/TURQ FLOWERS HANDBAG,0,0,0,2.5,3862,0.9902564102564102,0.9999936092124609
90037A,2.48,1,1,TINY CRYSTAL BRACELET RED,0,0,0,2.48,3863,0.9905128205128205,0.9999938506681753
84201B,2.47,13,2,HAPPY BIRTHDAY CARD STRIPEY TEDDY,0,0,0,2.47,3864,0.9907692307692307,0.999994091150278
82613a,2.46,1,1,"METAL SIGN,CUPCAKE SINGLE HOOK",0,0,0,2.46,3865,0.9910256410256411,0.9999943306587691
84510e,2.46,1,1,SET OF 4 GREEN CAROUSEL COASTERS,0,0,0,2.46,3866,0.9912820512820513,0.9999945701672599
84596l,2.46,1,1,BISCUITS SMALL BOWL LIGHT BLUE,0,0,0,2.46,3867,0.9915384615384616,0.9999948096757509
85049c,2.46,1,1,ROMANTIC PINKS RIBBONS,0,0,0,2.46,3868,0.9917948717948718,0.9999950491842419
85179a,2.46,1,1,GREEN BITTY LIGHT CHAIN,0,0,0,2.46,3869,0.992051282051282,0.9999952886927329
37330,2.34,6,1,BIG POLKADOT MUG,0,0,0,2.34,3870,0.9923076923076923,0.9999955165178828
46115B,2.2800000000000002,12,2,GREEN POP ART MAO CUSHION COVER,0,0,0,2.2800000000000002,3871,0.9925641025641025,0.9999957385013621
77079,2.12,1,1,DOLPHIN WINDMILL,0,0,0,2.12,3872,0.9928205128205129,0.9999959449070537
20860,2.1,1,1,GOLD COSMETICS BAG WITH BUTTERFLY,0,0,0,2.1,3873,0.9930769230769231,0.9999961493655215
21414,2.1,1,1,SCALLOP SHELL SOAP DISH,0,0,0,2.1,3874,0.9933333333333333,0.9999963538239893
47579,2.1,1,1,TEA TIME BREAKFAST BASKET,0,0,0,2.1,3875,0.9935897435897436,0.9999965582824573
85170A,2.1,1,1,SET/6 IVORY BIRD T-LIGHT CANDLES,0,0,0,2.1,3876,0.9938461538461538,0.9999967627409251
90112,2.1,2,1,PINK DOLLY HAIR CLIPS,0,0,0,2.1,3877,0.9941025641025641,0.9999969671993931
81953B,2.09,11,3,ROUND BLUE CLOCK WITH SUCKER,0,0,0,2.09,3878,0.9943589743589744,0.9999971706842492
84731,2.04,2,2,3 BIRDS CANVAS SCREEN,0,0,0,2.04,3879,0.9946153846153846,0.9999973693010465
21491,1.95,1,1,SET OF THREE VINTAGE GIFT WRAPS,0,0,0,1.95,3880,0.9948717948717949,0.9999975591553383
22146,1.95,1,1,EASTER CRAFT IVY WREATH WITH CHICK,0,0,0,1.95,3881,0.9951282051282051,0.9999977490096298
22323,1.95,1,1,PINK POLKADOT KIDS BAG,0,0,0,1.95,3882,0.9953846153846154,0.9999979388639213
90092,1.66,1,1,BLUE CRYSTAL BOOT PHONE CHARM,0,0,0,1.66,3883,0.9956410256410256,0.9999981004834722
23664,1.65,1,1,FLOWER SHOP DESIGN MUG,0,0,0,1.65,3884,0.9958974358974358,0.9999982611294113
84550,1.65,1,1,CROCHET LILAC/RED BEAR KEYRING,0,0,0,1.65,3885,0.9961538461538462,0.9999984217753504
84206C,1.52,8,2,CHAMPAGNE TRAY BLANK CARD,0,0,0,1.52,3886,0.9964102564102564,0.9999985697643365
21009,1.25,1,1,ETCHED GLASS STAR TREE DECORATION,0,0,0,1.25,3887,0.9966666666666667,0.9999986914658056
35597A,1.25,1,1,DUSTY PINK CHRISTMAS TREE 30CM,0,0,0,1.25,3888,0.9969230769230769,0.9999988131672746
35597B,1.25,1,1,BLACKCHRISTMAS TREE 30CM,0,0,0,1.25,3889,0.9971794871794872,0.9999989348687435
37461,1.25,1,1,FUNKY MONKEY MUG,0,0,0,1.25,3890,0.9974358974358974,0.9999990565702125
84569C,1.25,1,1,PACK 4 FLOWER/BUTTERFLY PATCHES,0,0,0,1.25,3891,0.9976923076923077,0.9999991782716815
84743C,1.25,1,1,ORANGE FELT VASE + FLOWERS,0,0,0,1.25,3892,0.997948717948718,0.9999992999731505
84977,1.25,1,1,WIRE FLOWER T-LIGHT HOLDER,0,0,0,1.25,3893,0.9982051282051282,0.9999994216746194
84990,1.1,2,2,60 GOLD AND SILVER FAIRY CAKE CASES,0,0,0,1.1,3894,0.9984615384615385,0.9999995287719121
84201C,0.95,5,1,HAPPY BIRTHDAY CARD TEDDY/CAKE,0,0,0,0.95,3895,0.9987179487179487,0.9999996212650286
84206B,0.95,5,1,CAT WITH SUNGLASSES BLANK CARD,0,0,0,0.95,3896,0.9989743589743589,0.999999713758145
90084,0.85,1,1,PINK CRYSTAL GUITAR PHONE CHARM,0,0,0,0.85,3897,0.9992307692307693,0.9999997965151439
21268,0.84,2,1,VINTAGE BLUE TINSEL REEL,0,0,0,0.84,3898,0.9994871794871795,0.999999878298531
51014c,0.83,1,1,"FEATHER PEN,COAL BLACK",0,0,0,0.83,3899,0.9997435897435898,0.9999999591083064
84227,0.42,1,1,HEN HOUSE W CHICK IN NEST,0,0,0,0.42,3900,1,1
